degree,specialization,cgpa,academic_performance,Python,Java,C_CPP,SQL,HTML_CSS,JavaScript,Excel,Power_BI,Statistics,Machine_Learning,Deep_Learning,Cloud_Computing,Networking,Cybersecurity,Git_GitHub,Communication,Problem_Solving,Teamwork,Leadership,Analytical_Thinking,interests,career_label
B.Sc Information Technology,Web Technologies,6.72,Second Class,3,2,1,2,0,0,0,2,2,0,0,4,5,2,4,2,4,4,3,4,Cloud Computing; Data Analysis,Cloud Engineer
B.Sc Information Technology,Software Engineering,5.91,Pass,3,2,0,3,2,1,2,4,4,3,0,2,1,0,3,4,4,3,3,5,Data Analysis; Database Management,Data Analyst
B.Sc Information Technology,Cloud & Security,6.7,Second Class,1,2,2,5,1,2,3,2,2,1,0,3,3,3,3,3,4,3,4,4,Database Management; Cybersecurity; Software Development,Database Administrator
B.Sc Information Technology,Cloud & Security,7.28,First Class,4,4,2,3,3,1,1,2,2,1,1,1,0,3,5,3,5,5,3,4,Software Development,Software Developer
B.Sc Information Technology,Web Technologies,7.03,First Class,1,2,0,4,2,1,3,4,4,1,0,0,1,1,2,4,4,2,1,5,Data Analysis; Database Management; Cybersecurity,Data Analyst
B.Sc Computer Science,Information Technology,6.89,Second Class,4,1,0,3,0,2,4,4,4,2,0,0,1,0,1,4,3,2,2,5,Data Analysis; Database Management,Data Analyst
B.Sc Information Technology,Information Technology,7.39,First Class,5,2,1,3,1,1,3,3,5,4,3,2,1,1,5,4,4,4,4,5,Data Science; Artificial Intelligence; Machine Learning; Cloud Computing,Data Scientist
B.Sc Computer Science,Information Technology,8.83,Distinction,4,4,5,3,2,3,1,1,2,0,0,2,2,3,3,2,5,5,3,4,Software Development,Software Developer
B.Sc Information Technology,Cloud & Security,7.71,First Class,5,3,1,2,1,1,2,2,5,5,4,3,1,0,4,3,5,3,3,5,Data Science; Artificial Intelligence; Machine Learning; Cloud Computing,Data Scientist
B.Sc Information Technology,Cloud & Security,7.78,First Class,3,1,0,4,1,0,3,4,3,0,0,2,1,2,2,5,3,3,3,5,Data Analysis; Database Management; Machine Learning,Data Analyst
B.Sc Information Technology,Information Technology,7.78,First Class,3,2,1,4,0,2,3,4,5,5,4,2,1,1,4,5,5,3,2,5,Data Science; Artificial Intelligence; Machine Learning; Software Development,Data Scientist
BCA,Data Science,8.14,First Class,3,2,4,3,2,2,1,1,1,1,0,3,5,5,2,2,5,3,3,4,Cybersecurity; Cloud Computing; Database Management,Cybersecurity Analyst
B.Sc Computer Science,Information Technology,7.42,First Class,5,3,2,5,1,2,1,3,4,5,5,4,1,2,4,4,5,4,3,4,Machine Learning; Artificial Intelligence; Data Science,Machine Learning Engineer
B.Sc Information Technology,Web Technologies,8.99,Distinction,2,3,1,5,1,1,2,2,1,1,1,3,4,3,3,4,5,4,3,4,Database Management,Database Administrator
B.Sc Information Technology,Cloud & Security,8.78,Distinction,3,1,0,2,2,2,2,0,1,1,1,4,4,2,4,4,4,5,4,3,Cloud Computing; Database Management; Software Development,Cloud Engineer
B.Sc Information Technology,Data Science,8.37,First Class,3,0,0,4,1,1,4,4,4,2,1,0,2,1,2,3,4,2,1,5,Data Analysis; Database Management; Data Science,Data Analyst
B.Sc Information Technology,Cloud & Security,6.66,Second Class,3,2,1,3,4,5,0,1,2,1,1,1,2,2,2,3,4,4,3,2,Web Development; Software Development; Database Management,Web Developer
B.Sc Computer Science,Software Engineering,7.42,First Class,2,2,2,4,1,0,3,2,2,1,0,3,4,1,3,3,4,2,4,4,Database Management,Database Administrator
B.Sc Information Technology,Data Science,7.64,First Class,4,5,4,4,0,2,0,1,0,1,0,2,3,1,4,3,4,4,4,5,Software Development; Data Science; Cloud Computing,Software Developer
B.Sc Information Technology,Cloud & Security,6.63,Second Class,2,2,0,3,2,2,4,5,3,1,0,2,2,1,3,5,5,3,2,5,Data Analysis; Database Management; Web Development,Data Analyst
B.Sc Information Technology,Information Technology,6.86,Second Class,3,2,0,3,5,3,1,0,1,1,0,0,0,2,4,3,3,4,3,4,Web Development; Software Development; Machine Learning,Web Developer
B.Sc Information Technology,Cloud & Security,7.82,First Class,3,0,1,4,1,0,4,4,5,2,0,3,0,1,0,4,5,3,3,5,Data Analysis; Database Management; Cybersecurity; Cloud Computing,Data Analyst
B.Sc Information Technology,Information Technology,8.6,Distinction,4,2,3,3,0,3,0,0,3,1,0,3,5,4,3,3,5,3,3,5,Cybersecurity; Cloud Computing,Cybersecurity Analyst
B.Sc Information Technology,Web Technologies,9.11,Distinction,5,1,1,4,0,1,3,4,5,5,4,3,1,2,4,4,5,3,2,4,Data Science; Artificial Intelligence; Machine Learning,Data Scientist
B.Sc Information Technology,Data Science,7.46,First Class,5,3,3,4,3,1,1,1,2,1,0,2,2,2,4,3,5,3,3,4,Software Development; Artificial Intelligence,Software Developer
B.Sc Information Technology,Information Technology,7.11,First Class,5,3,3,5,1,2,1,1,4,4,5,4,2,1,4,3,5,5,2,5,Machine Learning; Artificial Intelligence; Data Science; Software Development,Machine Learning Engineer
B.Sc Computer Science,Cloud & Security,7.45,First Class,2,2,1,3,5,5,1,0,0,2,0,1,2,2,4,4,3,4,1,3,Web Development; Software Development,Web Developer
B.Sc Information Technology,Software Engineering,7.29,First Class,3,4,4,4,1,3,1,0,2,1,0,2,0,2,4,2,5,4,3,3,Software Development; Artificial Intelligence,Software Developer
B.Sc Information Technology,Information Technology,7.45,First Class,5,2,0,4,2,1,4,3,5,4,4,3,1,2,5,3,4,3,3,5,Data Science; Artificial Intelligence; Machine Learning; Cloud Computing; Software Development,Data Scientist
B.Sc Information Technology,Cloud & Security,9.65,Distinction,4,2,2,4,0,0,2,3,5,5,3,2,0,0,4,4,5,3,4,5,Data Science; Artificial Intelligence; Machine Learning; Cybersecurity,Data Scientist
B.Sc Information Technology,Web Technologies,8.49,First Class,4,3,3,4,0,2,2,3,4,4,4,2,1,1,3,3,5,4,2,5,Machine Learning; Artificial Intelligence; Data Science; Database Management,Machine Learning Engineer
B.Sc Information Technology,Software Engineering,7.46,First Class,4,4,4,3,3,3,0,1,0,1,0,2,2,3,4,3,5,5,3,4,Software Development; Artificial Intelligence; Cybersecurity,Software Developer
B.Sc Information Technology,Data Science,7.68,First Class,3,3,0,4,1,0,2,3,4,4,3,3,2,1,3,4,5,4,2,5,Data Science; Artificial Intelligence; Machine Learning; Cybersecurity,Data Scientist
B.Sc Computer Science,Software Engineering,8.13,First Class,3,2,0,2,1,2,2,1,0,1,1,5,4,2,3,3,4,4,4,4,Cloud Computing; Data Science,Cloud Engineer
B.Sc Information Technology,Web Technologies,7.37,First Class,5,2,0,4,2,0,3,4,5,5,4,3,0,0,4,4,4,3,2,5,Data Science; Artificial Intelligence; Machine Learning; Cybersecurity,Data Scientist
B.Sc Computer Science,Software Engineering,6.4,Second Class,3,1,3,3,1,2,2,1,2,1,1,3,5,5,3,4,5,2,3,4,Cybersecurity; Cloud Computing,Cybersecurity Analyst
B.Sc Information Technology,Data Science,7.54,First Class,1,2,0,3,1,1,2,2,0,0,0,2,3,4,3,3,4,2,3,4,Database Management; Artificial Intelligence,Database Administrator
B.Sc Information Technology,Data Science,7.68,First Class,5,4,2,3,1,4,1,0,2,0,0,3,3,2,4,2,5,4,3,5,Software Development,Software Developer
B.Sc Information Technology,Software Engineering,5.94,Pass,1,2,1,5,1,0,4,2,3,2,0,1,3,2,4,3,5,3,3,4,Database Management; Data Analysis,Database Administrator
B.Sc Information Technology,Cloud & Security,6.53,Second Class,3,1,1,3,4,5,0,1,2,0,0,1,0,0,5,3,5,4,1,3,Web Development; Software Development; Data Analysis; Cloud Computing,Web Developer
B.Sc Information Technology,Software Engineering,7.25,First Class,5,1,3,4,1,2,1,2,4,5,5,4,2,2,3,3,4,5,4,4,Machine Learning; Artificial Intelligence; Data Science; Database Management,Machine Learning Engineer
B.Sc Computer Science,Data Science,6.86,Second Class,4,2,4,2,0,3,1,2,3,1,0,2,2,2,4,3,5,4,3,5,Software Development; Data Analysis,Software Developer
B.Sc Information Technology,Cloud & Security,6.23,Second Class,3,2,3,3,0,1,1,1,2,0,0,3,5,5,3,3,5,3,3,5,Cybersecurity; Cloud Computing; Data Science,Cybersecurity Analyst
B.Sc Information Technology,Information Technology,6.68,Second Class,3,1,0,2,0,3,1,0,0,1,0,5,4,3,4,4,3,3,3,4,Cloud Computing; Web Development,Cloud Engineer
B.Sc Information Technology,Software Engineering,7.58,First Class,0,2,1,5,0,2,4,2,2,1,1,3,2,4,3,3,4,2,4,4,Database Management,Database Administrator
B.Sc Information Technology,Software Engineering,7.48,First Class,5,3,0,4,1,1,3,4,5,5,4,4,1,1,3,4,4,3,3,5,Data Science; Artificial Intelligence; Machine Learning; Data Analysis; Web Development,Data Scientist
B.Sc Information Technology,Software Engineering,5.88,Pass,5,3,4,4,1,3,2,2,4,5,4,3,2,2,3,2,5,4,3,5,Machine Learning; Artificial Intelligence; Data Science; Web Development,Machine Learning Engineer
B.Sc Computer Science,Data Science,7.49,First Class,5,4,3,2,1,0,3,1,4,3,5,4,2,0,5,4,5,4,3,4,Machine Learning; Artificial Intelligence; Data Science; Software Development; Data Analysis,Machine Learning Engineer
B.Sc Information Technology,Information Technology,8.11,First Class,5,3,1,3,1,1,2,3,5,4,5,3,2,1,5,4,4,3,3,5,Data Science; Artificial Intelligence; Machine Learning; Data Analysis,Data Scientist
B.Sc Information Technology,Web Technologies,7.18,First Class,4,2,1,4,2,2,4,3,4,5,4,2,1,0,4,4,5,3,4,5,Data Science; Artificial Intelligence; Machine Learning; Web Development; Data Analysis,Data Scientist
B.Sc Information Technology,Information Technology,6.8,Second Class,5,1,0,4,0,1,1,2,5,5,4,2,1,0,4,5,4,4,2,5,Data Science; Artificial Intelligence; Machine Learning; Web Development,Data Scientist
B.Sc Information Technology,Cloud & Security,6.64,Second Class,1,2,1,4,1,0,3,2,1,1,0,3,3,3,3,3,4,2,4,5,Database Management; Cybersecurity,Database Administrator
B.Sc Information Technology,Cloud & Security,6.66,Second Class,3,1,0,3,1,2,1,0,0,1,0,5,4,4,5,3,5,4,2,3,Cloud Computing,Cloud Engineer
B.Sc Computer Science,Web Technologies,5.5,Pass,4,4,2,3,1,3,1,1,3,1,0,3,2,2,4,3,5,3,3,5,Software Development; Artificial Intelligence,Software Developer
B.Sc Information Technology,Web Technologies,5.9,Pass,2,2,1,5,1,0,3,2,2,1,0,3,2,3,2,3,5,3,4,3,Database Management; Software Development,Database Administrator
B.Sc Information Technology,Web Technologies,7.55,First Class,1,2,1,2,1,3,1,0,1,0,0,5,4,3,4,4,4,5,3,4,Cloud Computing; Machine Learning; Database Management,Cloud Engineer
B.Sc Information Technology,Software Engineering,7.8,First Class,2,3,2,1,5,4,1,1,2,0,0,2,2,2,3,3,5,5,3,3,Web Development; Software Development; Cybersecurity,Web Developer
B.Sc Information Technology,Cloud & Security,9.0,Distinction,4,4,3,3,0,3,2,0,3,3,5,4,2,3,4,3,5,3,4,4,Machine Learning; Artificial Intelligence; Data Science; Database Management,Machine Learning Engineer
B.Sc Information Technology,Software Engineering,7.53,First Class,4,2,0,4,1,1,3,4,4,3,0,2,1,1,2,4,4,4,2,5,Data Analysis; Database Management; Software Development,Data Analyst
B.Sc Information Technology,Cloud & Security,8.47,First Class,5,1,1,4,2,1,3,3,5,5,4,4,1,2,5,5,5,3,4,5,Data Science; Artificial Intelligence; Machine Learning; Cloud Computing,Data Scientist
B.Sc Information Technology,Web Technologies,7.28,First Class,2,2,1,2,1,2,0,0,0,1,0,3,3,4,4,3,5,4,3,3,Cloud Computing; Data Science; Artificial Intelligence,Cloud Engineer
BCA,Data Science,6.19,Second Class,3,2,1,1,5,5,1,1,1,1,0,2,1,1,4,2,5,4,3,2,Web Development; Software Development; Database Management,Web Developer
B.Sc Information Technology,Data Science,7.91,First Class,3,0,2,3,1,2,1,1,1,1,0,3,4,5,3,2,5,4,2,5,Cybersecurity; Cloud Computing; Web Development,Cybersecurity Analyst
B.Sc Information Technology,Software Engineering,6.87,Second Class,4,2,2,4,0,1,3,1,4,5,3,2,1,1,4,4,5,3,2,5,Data Science; Artificial Intelligence; Machine Learning,Data Scientist
BCA,Data Science,7.47,First Class,5,2,1,4,1,1,3,3,5,5,3,4,0,1,4,4,5,2,3,5,Data Science; Artificial Intelligence; Machine Learning; Web Development; Cybersecurity,Data Scientist
B.Sc Information Technology,Web Technologies,6.34,Second Class,4,4,4,4,3,1,2,0,3,0,0,1,1,2,5,3,5,4,3,3,Software Development,Software Developer
B.Sc Information Technology,Software Engineering,6.96,Second Class,5,2,3,4,2,1,1,2,4,5,5,4,2,1,4,2,5,3,4,5,Machine Learning; Artificial Intelligence; Data Science,Machine Learning Engineer
B.Sc Information Technology,Information Technology,6.79,Second Class,2,2,3,3,2,3,1,0,2,1,0,3,4,5,3,4,5,3,2,5,Cybersecurity; Cloud Computing,Cybersecurity Analyst
B.Sc Computer Science,Software Engineering,6.63,Second Class,3,3,2,2,1,2,0,0,2,0,0,2,5,5,2,3,5,3,3,5,Cybersecurity; Cloud Computing; Data Analysis,Cybersecurity Analyst
B.Sc Information Technology,Data Science,7.67,First Class,4,1,1,4,2,1,3,3,5,5,4,2,1,0,4,4,5,4,2,5,Data Science; Artificial Intelligence; Machine Learning; Software Development; Cloud Computing,Data Scientist
B.Sc Information Technology,Data Science,8.99,Distinction,5,2,1,4,2,1,4,2,5,5,2,3,1,1,4,4,4,2,3,5,Data Science; Artificial Intelligence; Machine Learning,Data Scientist
B.Sc Computer Science,Data Science,7.94,First Class,2,3,0,5,1,1,2,2,1,1,0,3,3,3,3,2,3,3,4,4,Database Management; Data Science,Database Administrator
BCA,Data Science,8.11,First Class,5,2,2,3,0,1,1,4,5,5,4,3,0,1,4,4,5,3,3,4,Data Science; Artificial Intelligence; Machine Learning; Database Management,Data Scientist
B.Sc Information Technology,Software Engineering,7.63,First Class,3,0,0,4,1,1,4,3,3,2,1,2,0,1,2,4,3,2,2,5,Data Analysis; Database Management; Artificial Intelligence,Data Analyst
B.Sc Information Technology,Web Technologies,6.01,Second Class,2,2,3,3,2,2,1,0,1,1,0,3,4,5,4,3,5,2,2,4,Cybersecurity; Cloud Computing; Data Science,Cybersecurity Analyst
B.Sc Information Technology,Information Technology,7.56,First Class,3,2,1,0,1,1,1,1,2,2,0,3,4,3,4,2,4,4,3,4,Cloud Computing; Data Science; Software Development,Cloud Engineer
B.Sc Information Technology,Information Technology,6.97,Second Class,2,1,0,4,1,1,3,4,3,1,0,2,1,0,2,4,3,4,2,5,Data Analysis; Database Management; Data Science,Data Analyst
B.Sc Information Technology,Data Science,6.59,Second Class,2,2,2,4,0,1,2,3,0,1,1,3,2,3,3,2,4,4,4,3,Database Management,Database Administrator
B.Sc Information Technology,Web Technologies,6.45,Second Class,5,4,2,4,3,3,2,1,3,0,0,2,0,2,4,3,4,5,2,4,Software Development; Database Management; Cybersecurity,Software Developer
B.Sc Information Technology,Cloud & Security,7.12,First Class,5,3,4,4,0,1,2,1,4,5,5,3,2,2,4,4,5,4,3,5,Machine Learning; Artificial Intelligence; Data Science,Machine Learning Engineer
B.Sc Information Technology,Web Technologies,8.45,First Class,3,0,0,3,1,0,4,5,3,2,0,3,1,1,2,4,5,2,3,5,Data Analysis; Database Management; Cybersecurity,Data Analyst
B.Sc Information Technology,Web Technologies,6.51,Second Class,4,1,0,5,1,0,5,4,4,3,0,1,0,1,2,5,3,3,2,5,Data Analysis; Database Management,Data Analyst
B.Sc Computer Science,Software Engineering,9.19,Distinction,4,1,0,3,1,0,2,3,5,5,4,2,1,0,4,4,5,3,4,5,Data Science; Artificial Intelligence; Machine Learning; Software Development,Data Scientist
B.Sc Computer Science,Software Engineering,9.13,Distinction,2,1,0,3,5,5,1,1,1,1,0,0,2,2,4,2,4,4,3,4,Web Development; Software Development; Artificial Intelligence,Web Developer
B.Sc Information Technology,Software Engineering,6.88,Second Class,5,4,3,4,1,3,1,2,4,5,5,4,1,3,4,4,5,4,3,5,Machine Learning; Artificial Intelligence; Data Science; Cloud Computing; Software Development,Machine Learning Engineer
B.Sc Computer Science,Software Engineering,7.3,First Class,3,2,4,3,2,3,2,1,2,0,0,0,1,1,4,2,4,3,3,4,Software Development; Web Development,Software Developer
B.Sc Information Technology,Software Engineering,7.71,First Class,5,3,3,5,0,2,2,2,4,5,5,3,1,1,2,3,5,3,3,5,Machine Learning; Artificial Intelligence; Data Science,Machine Learning Engineer
B.Sc Information Technology,Data Science,7.2,First Class,3,2,1,0,2,2,2,0,2,1,0,5,2,3,5,2,4,4,3,5,Cloud Computing; Machine Learning; Data Science,Cloud Engineer
B.Sc Computer Science,Information Technology,7.01,First Class,5,2,1,5,2,0,1,4,5,3,4,3,0,2,3,5,5,3,3,5,Data Science; Artificial Intelligence; Machine Learning; Cybersecurity,Data Scientist
B.Sc Information Technology,Software Engineering,8.23,First Class,3,2,1,3,5,5,1,1,1,1,0,2,2,2,4,3,5,5,2,2,Web Development; Software Development; Data Analysis; Machine Learning,Web Developer
B.Sc Information Technology,Software Engineering,6.24,Second Class,4,2,0,2,2,3,1,1,1,1,0,5,4,3,4,2,4,4,2,4,Cloud Computing; Machine Learning; Data Analysis,Cloud Engineer
B.Sc Information Technology,Data Science,6.96,Second Class,3,2,2,2,1,1,0,1,1,0,0,5,4,3,4,3,4,4,2,4,Cloud Computing; Web Development,Cloud Engineer
B.Sc Computer Science,Web Technologies,6.76,Second Class,3,4,4,4,2,3,0,2,2,0,1,1,1,2,4,2,5,5,3,4,Software Development,Software Developer
B.Sc Computer Science,Web Technologies,8.59,Distinction,4,2,1,2,0,2,1,1,1,0,0,5,4,2,4,3,4,4,3,4,Cloud Computing; Software Development; Data Analysis,Cloud Engineer
B.Sc Information Technology,Web Technologies,8.03,First Class,2,2,1,5,0,1,3,2,2,1,0,3,4,2,3,3,5,2,3,5,Database Management; Machine Learning; Artificial Intelligence,Database Administrator
B.Sc Information Technology,Data Science,6.47,Second Class,3,2,2,3,0,1,0,2,0,1,0,5,3,2,4,2,3,3,3,4,Cloud Computing; Web Development,Cloud Engineer
B.Sc Information Technology,Software Engineering,7.18,First Class,3,1,0,4,1,1,4,4,2,1,0,2,0,0,3,5,4,4,1,5,Data Analysis; Database Management; Cybersecurity,Data Analyst
B.Sc Information Technology,Cloud & Security,6.93,Second Class,3,1,0,4,0,1,3,3,5,2,0,2,1,0,1,3,4,3,2,5,Data Analysis; Database Management; Cloud Computing; Web Development,Data Analyst
B.Sc Information Technology,Software Engineering,7.05,First Class,5,2,1,4,1,1,4,2,4,4,3,2,0,1,3,4,4,4,3,4,Data Science; Artificial Intelligence; Machine Learning; Data Analysis; Database Management,Data Scientist
B.Sc Computer Science,Cloud & Security,7.14,First Class,5,5,4,3,2,2,0,2,1,0,0,2,0,1,4,3,5,4,3,5,Software Development; Artificial Intelligence,Software Developer
B.Sc Information Technology,Data Science,6.65,Second Class,3,1,0,4,1,1,4,4,4,2,0,2,0,1,2,4,4,4,2,5,Data Analysis; Database Management,Data Analyst
B.Sc Information Technology,Data Science,6.71,Second Class,3,3,4,4,3,4,2,0,0,0,0,2,3,1,4,4,5,3,3,4,Software Development; Data Analysis,Software Developer
B.Sc Information Technology,Information Technology,7.05,First Class,2,0,0,4,0,1,5,4,4,2,0,2,1,0,2,4,5,4,2,5,Data Analysis; Database Management; Artificial Intelligence,Data Analyst
B.Sc Information Technology,Cloud & Security,8.18,First Class,1,2,1,5,1,0,2,2,3,1,0,3,3,3,3,3,4,2,4,4,Database Management; Data Science; Machine Learning,Database Administrator
B.Sc Information Technology,Software Engineering,7.01,First Class,3,2,0,4,1,1,4,3,3,1,0,3,2,3,3,3,4,3,3,5,Database Management; Software Development,Database Administrator
B.Sc Information Technology,Information Technology,5.56,Pass,3,0,1,1,1,2,0,2,1,0,1,4,2,3,3,4,3,3,4,4,Cloud Computing; Database Management; Artificial Intelligence,Cloud Engineer
B.Sc Information Technology,Web Technologies,6.51,Second Class,5,3,3,3,1,2,1,2,3,5,4,2,1,3,2,2,5,4,3,5,Machine Learning; Artificial Intelligence; Data Science; Cloud Computing,Machine Learning Engineer
B.Sc Information Technology,Cloud & Security,7.46,First Class,3,5,3,2,1,3,0,0,2,0,0,2,2,1,3,4,4,5,2,5,Software Development; Cybersecurity,Software Developer
B.Sc Computer Science,Web Technologies,7.32,First Class,2,2,1,2,5,5,1,1,1,0,0,2,2,1,5,4,4,3,1,2,Web Development; Software Development; Cloud Computing,Web Developer
B.Sc Information Technology,Software Engineering,6.84,Second Class,4,0,1,2,0,3,1,1,1,1,0,5,4,2,4,4,4,3,4,4,Cloud Computing; Web Development,Cloud Engineer
B.Sc Information Technology,Software Engineering,6.77,Second Class,3,1,0,4,2,2,3,4,4,1,0,2,1,0,1,5,4,2,2,5,Data Analysis; Database Management,Data Analyst
B.Sc Computer Science,Software Engineering,8.94,Distinction,2,2,0,5,1,2,3,3,2,0,0,2,3,2,3,4,4,4,3,4,Database Management; Machine Learning,Database Administrator
B.Sc Computer Science,Information Technology,6.39,Second Class,2,1,0,2,5,4,2,0,1,1,0,2,2,3,4,2,4,4,3,3,Web Development; Software Development,Web Developer
BCA,Information Technology,7.12,First Class,3,3,3,2,1,2,0,0,3,0,0,3,4,3,2,3,5,3,2,4,Cybersecurity; Cloud Computing; Software Development,Cybersecurity Analyst
B.Sc Information Technology,Cloud & Security,7.42,First Class,5,2,0,5,1,0,2,2,4,5,4,3,1,1,4,3,5,3,2,4,Data Science; Artificial Intelligence; Machine Learning; Cybersecurity; Web Development,Data Scientist
B.Sc Information Technology,Information Technology,9.51,Distinction,4,2,1,4,1,1,2,1,4,5,5,4,1,1,4,2,5,4,3,5,Machine Learning; Artificial Intelligence; Data Science; Data Analysis; Cybersecurity,Machine Learning Engineer
B.Sc Information Technology,Software Engineering,7.25,First Class,5,2,1,4,1,2,2,3,5,5,3,1,0,0,5,4,5,3,3,4,Data Science; Artificial Intelligence; Machine Learning; Software Development,Data Scientist
B.Sc Information Technology,Software Engineering,6.81,Second Class,3,1,0,3,4,5,1,0,0,0,0,1,3,2,4,2,4,4,2,3,Web Development; Software Development; Artificial Intelligence,Web Developer
B.Sc Computer Science,Web Technologies,8.59,Distinction,3,2,1,3,1,1,4,3,5,3,4,2,2,0,3,4,5,3,3,4,Data Science; Artificial Intelligence; Machine Learning,Data Scientist
B.Sc Information Technology,Cloud & Security,6.53,Second Class,4,2,0,5,0,0,3,2,4,0,0,1,0,0,2,3,5,4,1,5,Data Analysis; Database Management,Data Analyst
B.Sc Information Technology,Web Technologies,7.69,First Class,2,2,1,5,2,0,4,2,2,1,0,4,3,2,3,2,4,4,3,3,Database Management; Cybersecurity,Database Administrator
B.Sc Computer Science,Information Technology,8.21,First Class,3,2,4,3,2,0,1,0,1,1,0,4,5,5,2,2,5,3,4,5,Cybersecurity; Cloud Computing; Artificial Intelligence; Software Development,Cybersecurity Analyst
B.Sc Information Technology,Cloud & Security,9.86,Distinction,5,1,1,4,2,1,3,3,4,5,5,3,2,0,2,5,5,4,3,5,Data Science; Artificial Intelligence; Machine Learning; Cloud Computing; Web Development,Data Scientist
B.Sc Information Technology,Web Technologies,7.32,First Class,4,1,4,3,1,2,1,1,2,0,0,4,4,5,2,3,4,4,2,5,Cybersecurity; Cloud Computing; Data Science; Database Management,Cybersecurity Analyst
B.Sc Information Technology,Information Technology,7.47,First Class,5,3,3,5,1,1,2,0,5,5,5,4,0,2,3,3,5,4,3,5,Machine Learning; Artificial Intelligence; Data Science; Cybersecurity,Machine Learning Engineer
B.Sc Information Technology,Web Technologies,7.16,First Class,2,1,1,5,1,1,3,1,3,2,0,4,3,2,3,3,4,3,3,4,Database Management,Database Administrator
B.Sc Information Technology,Cloud & Security,6.89,Second Class,4,4,4,3,3,1,2,1,2,1,0,3,2,2,2,2,5,4,3,3,Software Development; Data Science,Software Developer
B.Sc Information Technology,Cloud & Security,7.83,First Class,2,2,1,4,5,5,0,0,1,2,0,1,1,2,4,3,4,4,3,3,Web Development; Software Development; Cloud Computing,Web Developer
B.Sc Information Technology,Data Science,8.09,First Class,5,2,1,4,2,1,2,4,5,3,4,4,1,1,4,4,5,2,3,5,Data Science; Artificial Intelligence; Machine Learning; Cybersecurity; Database Management,Data Scientist
B.Sc Computer Science,Software Engineering,7.05,First Class,3,0,1,2,1,2,0,0,0,1,0,5,4,3,4,3,4,4,4,3,Cloud Computing,Cloud Engineer
B.Sc Computer Science,Information Technology,7.64,First Class,5,1,0,4,0,1,1,3,5,5,4,3,0,0,4,4,5,3,3,5,Data Science; Artificial Intelligence; Machine Learning,Data Scientist
B.Sc Information Technology,Web Technologies,6.68,Second Class,4,3,2,3,1,3,1,2,2,0,0,2,2,2,4,3,5,4,2,4,Software Development,Software Developer
B.Sc Information Technology,Cloud & Security,7.52,First Class,4,3,1,1,5,5,0,1,1,2,0,3,1,0,5,2,4,4,3,3,Web Development; Software Development,Web Developer
B.Sc Information Technology,Cloud & Security,7.34,First Class,3,2,1,2,1,2,1,0,1,2,0,5,4,3,4,3,4,3,3,3,Cloud Computing; Machine Learning,Cloud Engineer
B.Sc Information Technology,Web Technologies,6.6,Second Class,1,2,1,2,5,5,0,1,0,0,0,2,2,2,3,2,4,3,2,3,Web Development; Software Development; Cloud Computing; Cybersecurity,Web Developer
B.Sc Computer Science,Cloud & Security,8.12,First Class,3,2,2,2,1,0,1,1,1,0,0,2,4,5,1,3,4,4,3,4,Cybersecurity; Cloud Computing; Web Development,Cybersecurity Analyst
B.Sc Information Technology,Cloud & Security,6.32,Second Class,4,2,3,4,2,2,2,1,2,0,0,3,4,4,3,3,5,4,3,5,Cybersecurity; Cloud Computing,Cybersecurity Analyst
B.Sc Information Technology,Information Technology,7.88,First Class,3,2,4,3,3,1,0,2,2,2,0,2,1,1,4,3,4,5,2,4,Software Development; Web Development,Software Developer
B.Sc Information Technology,Data Science,7.86,First Class,2,2,1,5,1,1,3,1,1,1,0,4,3,3,2,3,4,4,3,5,Database Management,Database Administrator
B.Sc Computer Science,Cloud & Security,6.38,Second Class,3,1,0,4,0,2,4,3,4,2,0,2,1,0,2,4,3,3,2,4,Data Analysis; Database Management; Machine Learning,Data Analyst
B.Sc Information Technology,Information Technology,8.7,Distinction,2,1,0,2,1,1,3,2,5,0,0,2,0,0,2,4,4,3,3,5,Data Analysis; Database Management; Machine Learning,Data Analyst
B.Sc Information Technology,Information Technology,7.15,First Class,4,4,3,4,3,4,1,1,0,1,0,2,3,2,4,2,4,4,3,5,Software Development; Database Management,Software Developer
B.Sc Information Technology,Software Engineering,7.56,First Class,3,1,3,4,1,3,0,1,2,1,0,3,5,5,3,4,5,3,4,5,Cybersecurity; Cloud Computing; Data Analysis,Cybersecurity Analyst
B.Sc Information Technology,Data Science,8.32,First Class,5,2,4,4,0,0,2,1,3,4,5,4,1,3,4,3,5,4,4,5,Machine Learning; Artificial Intelligence; Data Science; Database Management,Machine Learning Engineer
B.Sc Information Technology,Software Engineering,5.89,Pass,3,1,3,2,2,1,1,0,2,1,0,3,5,5,3,3,5,4,3,4,Cybersecurity; Cloud Computing; Machine Learning,Cybersecurity Analyst
B.Sc Information Technology,Data Science,8.14,First Class,2,2,0,1,1,3,1,1,1,0,0,3,5,3,4,3,3,4,4,5,Cloud Computing; Database Management,Cloud Engineer
B.Sc Information Technology,Data Science,7.3,First Class,3,2,1,2,1,2,1,1,0,0,1,5,3,3,5,3,4,3,3,5,Cloud Computing; Software Development; Data Science,Cloud Engineer
B.Sc Information Technology,Software Engineering,6.3,Second Class,3,2,1,5,1,0,4,3,2,0,0,4,1,3,3,3,5,2,3,5,Database Management; Cybersecurity,Database Administrator
B.Sc Information Technology,Software Engineering,7.3,First Class,2,0,0,2,0,2,1,1,1,0,0,5,5,3,5,3,5,3,3,5,Cloud Computing,Cloud Engineer
B.Sc Information Technology,Cloud & Security,7.23,First Class,4,3,3,2,2,2,1,0,2,0,0,2,2,2,2,3,5,4,3,4,Software Development,Software Developer
B.Sc Computer Science,Software Engineering,8.23,First Class,3,1,0,3,5,5,0,1,0,1,0,2,2,2,4,3,3,4,2,3,Web Development; Software Development; Machine Learning,Web Developer
B.Sc Information Technology,Web Technologies,8.82,Distinction,2,2,1,2,1,2,1,0,2,2,1,5,4,3,4,4,3,4,3,4,Cloud Computing; Artificial Intelligence,Cloud Engineer
BCA,Software Engineering,7.53,First Class,5,3,1,3,1,1,2,2,4,5,5,4,1,2,4,2,4,3,2,5,Machine Learning; Artificial Intelligence; Data Science,Machine Learning Engineer
B.Sc Information Technology,Cloud & Security,6.64,Second Class,2,1,0,4,1,1,4,2,4,1,0,2,1,0,2,5,4,3,2,4,Data Analysis; Database Management; Machine Learning,Data Analyst
B.Sc Information Technology,Cloud & Security,8.01,First Class,5,5,4,3,1,1,1,1,3,0,1,2,2,2,5,3,5,3,2,4,Software Development; Cloud Computing; Web Development,Software Developer
B.Sc Information Technology,Data Science,7.16,First Class,3,1,1,1,5,5,1,1,0,0,0,2,2,3,2,3,4,4,3,3,Web Development; Software Development,Web Developer
B.Sc Information Technology,Web Technologies,6.17,Second Class,3,2,1,2,0,2,2,1,0,1,0,5,3,4,4,3,4,5,2,3,Cloud Computing,Cloud Engineer
B.Sc Information Technology,Software Engineering,7.56,First Class,3,1,3,3,1,2,0,1,3,1,0,1,4,5,3,3,5,3,3,5,Cybersecurity; Cloud Computing; Database Management,Cybersecurity Analyst
B.Sc Information Technology,Data Science,7.55,First Class,4,0,0,5,2,2,4,5,4,1,0,2,0,1,2,3,4,3,2,4,Data Analysis; Database Management,Data Analyst
B.Sc Information Technology,Information Technology,7.56,First Class,5,2,3,4,1,2,2,2,3,5,5,4,2,2,2,3,5,4,4,5,Machine Learning; Artificial Intelligence; Data Science; Database Management,Machine Learning Engineer
B.Sc Information Technology,Data Science,7.76,First Class,2,4,3,3,2,3,0,0,1,0,0,2,1,0,3,4,5,5,4,4,Software Development; Machine Learning,Software Developer
B.Sc Information Technology,Software Engineering,7.02,First Class,4,5,2,3,2,3,1,0,2,1,0,2,2,1,4,3,5,4,3,4,Software Development; Cloud Computing,Software Developer
B.Sc Computer Science,Web Technologies,8.87,Distinction,5,3,3,4,2,2,2,0,4,5,5,4,1,2,2,3,5,3,4,5,Machine Learning; Artificial Intelligence; Data Science; Software Development,Machine Learning Engineer
B.Sc Information Technology,Software Engineering,8.28,First Class,3,1,2,4,1,2,0,1,0,0,0,3,5,5,3,3,5,3,3,5,Cybersecurity; Cloud Computing; Database Management,Cybersecurity Analyst
B.Sc Information Technology,Web Technologies,7.28,First Class,3,2,0,2,1,2,0,1,1,1,0,4,4,4,2,3,3,4,3,5,Cloud Computing,Cloud Engineer
B.Sc Information Technology,Software Engineering,7.83,First Class,5,3,3,2,0,1,1,2,4,3,5,4,2,2,3,3,5,3,3,5,Machine Learning; Artificial Intelligence; Data Science; Software Development,Machine Learning Engineer
B.Sc Information Technology,Cloud & Security,7.75,First Class,2,1,0,4,2,0,5,4,4,1,0,2,1,0,2,5,5,4,2,5,Data Analysis; Database Management; Artificial Intelligence,Data Analyst
B.Sc Information Technology,Cloud & Security,6.05,Second Class,3,0,3,3,2,1,1,1,1,0,0,2,4,5,2,3,5,3,3,5,Cybersecurity; Cloud Computing; Data Science,Cybersecurity Analyst
B.Sc Information Technology,Web Technologies,6.89,Second Class,4,0,1,2,0,2,2,1,0,0,0,4,2,4,4,3,4,4,3,5,Cloud Computing,Cloud Engineer
BCA,Web Technologies,6.83,Second Class,2,1,3,3,2,3,0,1,2,2,0,2,4,5,3,3,5,2,3,5,Cybersecurity; Cloud Computing; Software Development,Cybersecurity Analyst
B.Sc Information Technology,Data Science,7.53,First Class,5,1,1,3,1,1,3,2,3,5,3,3,2,0,3,4,5,4,3,5,Data Science; Artificial Intelligence; Machine Learning,Data Scientist
B.Sc Information Technology,Cloud & Security,7.81,First Class,5,2,0,4,0,2,3,3,5,5,4,4,2,1,5,4,5,3,3,4,Data Science; Artificial Intelligence; Machine Learning,Data Scientist
B.Sc Information Technology,Software Engineering,7.1,First Class,4,0,1,4,1,0,4,4,3,1,1,3,0,1,3,5,5,3,2,5,Data Analysis; Database Management; Cybersecurity,Data Analyst
B.Sc Information Technology,Software Engineering,6.18,Second Class,3,2,1,4,3,4,1,1,2,1,0,2,2,3,4,3,4,4,2,3,Web Development; Software Development; Cybersecurity; Artificial Intelligence,Web Developer
B.Sc Computer Science,Information Technology,7.68,First Class,5,2,0,4,1,2,3,1,5,5,3,4,1,1,5,4,4,3,3,4,Data Science; Artificial Intelligence; Machine Learning; Web Development,Data Scientist
B.Sc Information Technology,Data Science,6.5,Second Class,2,2,0,4,2,0,1,2,3,1,0,2,4,3,3,3,3,2,3,3,Database Management; Web Development; Cloud Computing,Database Administrator
B.Sc Information Technology,Web Technologies,8.03,First Class,2,0,0,5,1,1,4,4,4,3,0,2,0,2,1,3,4,3,2,5,Data Analysis; Database Management; Web Development; Cybersecurity,Data Analyst
B.Sc Information Technology,Software Engineering,8.04,First Class,4,3,5,3,2,3,1,1,1,0,1,2,2,2,5,3,4,4,2,3,Software Development; Artificial Intelligence; Data Science,Software Developer
B.Sc Information Technology,Web Technologies,7.14,First Class,2,1,1,1,5,5,1,1,1,1,0,2,2,2,3,2,5,5,2,3,Web Development; Software Development; Data Science,Web Developer
B.Sc Information Technology,Software Engineering,7.54,First Class,5,3,1,4,2,2,3,2,3,5,4,3,0,0,4,4,4,3,3,5,Data Science; Artificial Intelligence; Machine Learning; Cloud Computing,Data Scientist
B.Sc Information Technology,Web Technologies,7.08,First Class,2,1,0,2,0,2,1,1,1,0,0,5,3,2,4,3,4,4,4,4,Cloud Computing,Cloud Engineer
B.Sc Computer Science,Software Engineering,6.95,Second Class,5,4,5,3,1,3,2,1,2,1,0,1,2,2,2,4,5,4,3,4,Software Development; Machine Learning,Software Developer
BCA,Web Technologies,7.04,First Class,5,1,2,4,1,3,2,3,3,4,5,3,2,2,4,2,4,4,3,5,Machine Learning; Artificial Intelligence; Data Science; Data Analysis; Software Development,Machine Learning Engineer
B.Sc Information Technology,Data Science,7.76,First Class,4,0,0,2,1,2,1,2,0,0,0,5,4,4,4,3,3,3,3,3,Cloud Computing,Cloud Engineer
B.Sc Information Technology,Information Technology,8.14,First Class,5,3,3,2,0,2,1,2,2,4,4,5,2,3,4,4,5,4,4,5,Machine Learning; Artificial Intelligence; Data Science; Web Development; Cybersecurity,Machine Learning Engineer
B.Sc Information Technology,Information Technology,6.13,Second Class,5,5,2,3,1,1,0,0,2,1,1,2,2,2,5,3,5,5,2,4,Software Development; Database Management; Cloud Computing,Software Developer
B.Sc Information Technology,Data Science,5.88,Pass,3,2,3,3,3,1,1,1,3,1,0,2,4,5,3,3,4,3,2,5,Cybersecurity; Cloud Computing; Data Analysis; Software Development,Cybersecurity Analyst
B.Sc Information Technology,Cloud & Security,6.42,Second Class,1,2,1,5,0,1,4,2,3,1,0,3,2,2,1,2,3,4,3,5,Database Management; Artificial Intelligence,Database Administrator
B.Sc Information Technology,Software Engineering,7.1,First Class,3,2,1,3,2,2,0,1,2,0,0,2,5,4,3,3,5,3,3,5,Cybersecurity; Cloud Computing; Artificial Intelligence,Cybersecurity Analyst
B.Sc Information Technology,Web Technologies,6.8,Second Class,4,2,0,2,5,5,0,0,1,0,0,3,2,1,4,4,4,4,3,3,Web Development; Software Development; Machine Learning,Web Developer
B.Sc Information Technology,Data Science,5.83,Pass,2,0,0,5,1,2,4,4,3,2,1,2,1,1,1,5,4,3,2,5,Data Analysis; Database Management,Data Analyst
B.Sc Information Technology,Cloud & Security,6.96,Second Class,3,1,1,1,1,2,0,2,1,1,0,5,4,4,2,2,5,5,2,4,Cloud Computing,Cloud Engineer
B.Sc Computer Science,Information Technology,7.37,First Class,3,2,1,5,1,1,2,2,1,1,0,1,3,2,3,2,4,3,4,5,Database Management; Software Development,Database Administrator
B.Sc Information Technology,Information Technology,7.95,First Class,3,3,3,3,1,1,2,2,2,2,0,3,5,5,3,3,5,3,4,5,Cybersecurity; Cloud Computing; Web Development,Cybersecurity Analyst
B.Sc Computer Science,Information Technology,8.24,First Class,4,3,3,4,1,1,2,3,4,5,4,4,2,0,4,4,5,4,3,5,Machine Learning; Artificial Intelligence; Data Science; Data Analysis,Machine Learning Engineer
B.Sc Information Technology,Web Technologies,5.96,Pass,1,3,1,4,1,1,3,1,3,1,1,2,2,3,1,2,3,3,2,3,Database Management; Data Science; Web Development,Database Administrator
B.Sc Information Technology,Software Engineering,5.88,Pass,2,1,0,3,4,5,0,2,1,2,0,2,3,2,3,2,3,3,2,3,Web Development; Software Development; Artificial Intelligence,Web Developer
B.Sc Information Technology,Software Engineering,8.05,First Class,3,1,3,3,2,2,1,1,2,1,0,4,4,5,4,3,4,3,3,5,Cybersecurity; Cloud Computing; Database Management; Machine Learning,Cybersecurity Analyst
B.Sc Information Technology,Data Science,6.7,Second Class,5,2,1,3,1,1,4,4,5,5,4,2,0,1,3,4,5,2,2,4,Data Science; Artificial Intelligence; Machine Learning; Cloud Computing,Data Scientist
B.Sc Information Technology,Web Technologies,7.75,First Class,2,2,1,5,1,1,2,2,2,1,1,4,3,1,3,3,4,4,4,4,Database Management,Database Administrator
B.Sc Information Technology,Web Technologies,6.12,Second Class,3,1,0,3,2,0,4,3,2,0,0,3,0,2,2,4,4,3,2,5,Data Analysis; Database Management; Web Development,Data Analyst
B.Sc Information Technology,Information Technology,7.9,First Class,5,3,2,3,0,2,3,2,4,5,5,4,3,1,4,3,4,4,3,4,Machine Learning; Artificial Intelligence; Data Science; Cloud Computing,Machine Learning Engineer
B.Sc Computer Science,Cloud & Security,7.96,First Class,3,2,1,4,5,4,1,1,2,0,0,1,2,0,4,3,4,4,2,4,Web Development; Software Development; Data Science,Web Developer
BCA,Web Technologies,7.13,First Class,5,2,4,1,2,2,0,2,2,0,0,1,1,2,3,3,5,4,4,3,Software Development; Database Management,Software Developer
B.Sc Information Technology,Web Technologies,7.88,First Class,2,1,0,5,1,1,3,3,3,1,1,2,1,0,3,4,3,3,2,4,Data Analysis; Database Management; Web Development,Data Analyst
B.Sc Information Technology,Information Technology,8.81,Distinction,5,2,1,4,1,0,4,3,4,4,4,1,2,0,4,4,5,4,3,5,Data Science; Artificial Intelligence; Machine Learning,Data Scientist
B.Sc Computer Science,Cloud & Security,6.58,Second Class,3,3,1,2,5,5,1,1,1,1,0,2,2,2,2,2,5,3,2,4,Web Development; Software Development,Web Developer
B.Sc Information Technology,Data Science,6.02,Second Class,0,3,0,5,1,1,3,3,2,1,0,4,3,2,2,3,4,3,3,3,Database Management; Machine Learning,Database Administrator
B.Sc Information Technology,Web Technologies,7.03,First Class,3,2,1,1,5,5,0,1,0,0,0,2,2,3,5,2,3,4,2,4,Web Development; Software Development; Data Analysis,Web Developer
B.Sc Information Technology,Information Technology,7.77,First Class,3,1,0,5,0,1,4,3,3,0,0,2,1,0,1,4,3,4,3,5,Data Analysis; Database Management; Cloud Computing,Data Analyst
B.Sc Information Technology,Data Science,8.66,Distinction,4,1,0,2,5,5,1,1,1,2,0,3,2,2,5,2,5,4,3,3,Web Development; Software Development; Data Science,Web Developer
B.Sc Information Technology,Web Technologies,7.74,First Class,3,1,1,5,0,0,2,3,2,0,0,4,3,3,2,3,3,3,3,3,Database Management; Artificial Intelligence,Database Administrator
B.Sc Computer Science,Cloud & Security,7.6,First Class,3,2,0,2,5,5,1,0,2,2,0,2,2,2,5,2,4,4,3,4,Web Development; Software Development; Database Management; Data Analysis,Web Developer
B.Sc Information Technology,Web Technologies,9.16,Distinction,5,0,1,2,1,0,4,3,5,5,3,2,2,2,2,4,5,3,2,5,Data Science; Artificial Intelligence; Machine Learning; Data Analysis,Data Scientist
B.Sc Information Technology,Cloud & Security,5.61,Pass,4,3,3,2,1,3,2,1,4,5,4,5,0,1,4,2,4,4,4,5,Machine Learning; Artificial Intelligence; Data Science,Machine Learning Engineer
B.Sc Information Technology,Software Engineering,9.02,Distinction,3,3,3,3,1,2,0,0,1,1,0,3,5,5,1,3,5,3,2,5,Cybersecurity; Cloud Computing; Machine Learning,Cybersecurity Analyst
B.Sc Information Technology,Information Technology,7.12,First Class,3,2,2,3,2,1,0,0,1,2,0,3,5,5,3,3,5,2,4,5,Cybersecurity; Cloud Computing; Software Development,Cybersecurity Analyst
B.Sc Computer Science,Information Technology,7.61,First Class,2,2,0,3,1,2,4,5,5,2,0,3,1,0,0,4,5,4,2,4,Data Analysis; Database Management; Artificial Intelligence,Data Analyst
B.Sc Information Technology,Software Engineering,6.27,Second Class,5,3,1,4,1,1,2,3,3,4,5,3,1,1,4,4,5,3,3,5,Data Science; Artificial Intelligence; Machine Learning; Cybersecurity,Data Scientist
B.Sc Information Technology,Software Engineering,6.83,Second Class,5,2,0,2,1,1,2,4,5,5,4,2,1,0,4,3,5,2,4,5,Data Science; Artificial Intelligence; Machine Learning; Database Management,Data Scientist
B.Sc Information Technology,Data Science,7.38,First Class,5,2,4,4,1,3,2,2,4,5,5,5,2,2,4,3,5,5,3,5,Machine Learning; Artificial Intelligence; Data Science; Data Analysis; Cloud Computing,Machine Learning Engineer
B.Sc Information Technology,Web Technologies,7.45,First Class,3,2,1,2,5,4,1,0,0,1,0,2,2,2,4,3,4,4,2,4,Web Development; Software Development,Web Developer
B.Sc Information Technology,Cloud & Security,7.93,First Class,3,4,4,1,1,1,1,1,2,2,0,1,3,2,4,3,5,4,3,4,Software Development,Software Developer
B.Sc Computer Science,Information Technology,7.01,First Class,4,5,4,2,2,3,1,1,2,1,0,1,3,2,3,4,5,4,3,5,Software Development; Artificial Intelligence,Software Developer
B.Sc Information Technology,Web Technologies,6.24,Second Class,4,2,3,1,2,3,1,1,3,1,0,3,5,5,3,4,4,2,2,5,Cybersecurity; Cloud Computing; Database Management,Cybersecurity Analyst
B.Sc Information Technology,Web Technologies,6.89,Second Class,2,1,1,5,1,1,2,2,1,1,0,3,2,2,3,4,5,4,3,4,Database Management; Web Development; Data Analysis,Database Administrator
B.Sc Information Technology,Information Technology,6.48,Second Class,4,3,4,3,2,3,1,0,1,0,0,2,2,1,3,3,5,5,3,4,Software Development; Data Science,Software Developer
B.Sc Information Technology,Cloud & Security,6.49,Second Class,3,2,2,2,1,1,1,1,1,0,0,5,4,3,3,3,4,4,4,5,Cloud Computing,Cloud Engineer
B.Sc Information Technology,Software Engineering,7.88,First Class,4,3,3,4,1,1,1,2,2,5,5,5,3,2,4,3,5,3,3,5,Machine Learning; Artificial Intelligence; Data Science; Web Development,Machine Learning Engineer
B.Sc Information Technology,Web Technologies,8.27,First Class,1,1,0,4,2,1,3,5,4,0,0,1,0,2,2,5,4,2,2,4,Data Analysis; Database Management; Cloud Computing,Data Analyst
B.Sc Information Technology,Web Technologies,8.46,First Class,4,3,4,5,1,2,1,2,3,5,4,4,2,3,4,3,5,4,2,4,Machine Learning; Artificial Intelligence; Data Science,Machine Learning Engineer
BCA,Information Technology,7.74,First Class,1,0,0,4,0,2,4,4,3,2,0,2,1,1,3,5,4,2,1,5,Data Analysis; Database Management; Data Science,Data Analyst
B.Sc Information Technology,Cloud & Security,7.28,First Class,3,2,1,2,2,1,0,0,1,0,0,5,4,3,4,3,4,4,3,5,Cloud Computing; Data Analysis; Database Management,Cloud Engineer
B.Sc Information Technology,Data Science,6.61,Second Class,4,3,2,5,1,1,3,2,3,5,4,3,2,2,5,4,5,3,3,5,Data Science; Artificial Intelligence; Machine Learning; Cybersecurity; Web Development,Data Scientist
B.Sc Computer Science,Web Technologies,8.31,First Class,3,1,0,3,1,2,0,2,0,0,1,5,4,1,4,3,4,4,4,4,Cloud Computing,Cloud Engineer
B.Sc Information Technology,Software Engineering,8.69,Distinction,4,0,1,3,2,0,3,1,4,5,4,1,0,0,4,4,4,3,3,5,Data Science; Artificial Intelligence; Machine Learning; Cybersecurity; Web Development,Data Scientist
B.Sc Information Technology,Cloud & Security,7.12,First Class,3,1,0,3,5,5,1,1,1,1,0,2,3,0,4,4,4,4,1,3,Web Development; Software Development; Artificial Intelligence,Web Developer
B.Sc Information Technology,Web Technologies,6.1,Second Class,4,4,4,3,2,3,0,1,3,2,0,3,2,2,4,2,5,4,4,4,Software Development; Web Development,Software Developer
B.Sc Information Technology,Cloud & Security,7.79,First Class,2,0,1,4,1,0,4,4,4,2,1,1,1,1,2,3,3,4,2,5,Data Analysis; Database Management; Software Development; Cloud Computing,Data Analyst
B.Sc Information Technology,Data Science,7.37,First Class,2,3,2,3,2,2,1,1,0,1,0,5,4,3,4,3,5,3,4,4,Cloud Computing; Data Analysis,Cloud Engineer
B.Sc Information Technology,Data Science,6.28,Second Class,4,3,1,2,0,2,2,3,3,5,5,3,0,0,4,4,5,2,3,5,Data Science; Artificial Intelligence; Machine Learning; Database Management,Data Scientist
B.Sc Information Technology,Data Science,7.57,First Class,1,1,1,5,1,1,3,2,2,1,1,4,3,3,3,3,3,3,4,4,Database Management; Artificial Intelligence; Data Science,Database Administrator
B.Sc Information Technology,Web Technologies,7.57,First Class,4,4,3,3,2,4,2,0,2,1,0,1,1,2,4,4,5,4,2,3,Software Development; Web Development,Software Developer
B.Sc Information Technology,Cloud & Security,7.59,First Class,5,2,0,4,2,1,3,2,5,4,3,3,0,1,4,5,5,2,2,5,Data Science; Artificial Intelligence; Machine Learning; Database Management,Data Scientist
BCA,Information Technology,7.85,First Class,3,2,0,4,5,5,1,0,1,1,0,2,0,2,5,4,4,4,2,4,Web Development; Software Development; Data Science,Web Developer
B.Sc Information Technology,Software Engineering,7.8,First Class,2,2,0,5,1,1,3,2,2,1,0,4,3,4,1,3,4,2,3,4,Database Management; Cloud Computing,Database Administrator
B.Sc Information Technology,Information Technology,6.95,Second Class,5,3,3,3,2,2,0,0,5,5,4,4,2,2,3,3,4,4,2,4,Machine Learning; Artificial Intelligence; Data Science,Machine Learning Engineer
B.Sc Information Technology,Cloud & Security,7.13,First Class,1,0,0,1,5,3,1,1,2,1,1,0,1,1,4,4,4,4,2,2,Web Development; Software Development; Cloud Computing,Web Developer
B.Sc Information Technology,Web Technologies,7.99,First Class,3,1,2,3,4,5,1,0,1,1,0,3,1,1,4,2,4,4,1,4,Web Development; Software Development; Data Analysis,Web Developer
B.Sc Information Technology,Web Technologies,7.49,First Class,5,4,3,4,1,2,2,2,2,3,5,4,2,1,3,3,5,4,3,5,Machine Learning; Artificial Intelligence; Data Science; Database Management,Machine Learning Engineer
B.Sc Information Technology,Web Technologies,7.4,First Class,5,2,0,3,1,0,2,3,5,5,4,4,0,1,4,4,5,3,3,5,Data Science; Artificial Intelligence; Machine Learning; Cybersecurity,Data Scientist
B.Sc Information Technology,Data Science,7.66,First Class,3,4,4,2,2,3,0,1,1,1,0,2,3,0,4,3,5,5,3,4,Software Development; Data Science,Software Developer
B.Sc Information Technology,Software Engineering,6.02,Second Class,3,1,1,2,1,0,0,1,1,0,0,5,2,3,5,2,3,4,3,4,Cloud Computing; Artificial Intelligence,Cloud Engineer
B.Sc Information Technology,Web Technologies,8.03,First Class,5,2,2,2,1,1,3,2,5,5,4,3,2,1,4,4,5,3,3,4,Data Science; Artificial Intelligence; Machine Learning; Cloud Computing,Data Scientist
B.Sc Information Technology,Web Technologies,7.68,First Class,3,2,1,2,1,2,1,2,2,1,0,5,3,2,4,2,4,4,3,3,Cloud Computing,Cloud Engineer
BCA,Software Engineering,8.0,First Class,5,3,0,3,1,1,1,2,5,5,4,3,0,1,4,4,5,2,2,5,Data Science; Artificial Intelligence; Machine Learning; Software Development; Cybersecurity,Data Scientist
B.Sc Information Technology,Web Technologies,7.48,First Class,3,2,0,4,2,1,4,3,4,3,0,2,0,1,3,5,4,4,2,5,Data Analysis; Database Management; Cloud Computing,Data Analyst
B.Sc Information Technology,Web Technologies,8.1,First Class,2,1,0,3,1,1,4,4,3,1,0,3,1,1,3,4,4,3,1,4,Data Analysis; Database Management; Artificial Intelligence,Data Analyst
B.Sc Information Technology,Web Technologies,7.35,First Class,2,3,1,5,1,0,3,3,2,2,0,3,3,3,3,2,5,3,4,4,Database Management; Cloud Computing,Database Administrator
B.Sc Information Technology,Information Technology,8.15,First Class,5,2,3,4,1,2,1,2,2,5,5,4,0,0,4,3,4,4,2,5,Machine Learning; Artificial Intelligence; Data Science; Cloud Computing,Machine Learning Engineer
B.Sc Information Technology,Software Engineering,5.97,Pass,2,2,3,2,0,1,1,1,2,1,0,3,5,3,3,3,5,3,3,5,Cybersecurity; Cloud Computing; Data Science,Cybersecurity Analyst
B.Sc Information Technology,Cloud & Security,6.63,Second Class,3,1,0,2,0,3,1,1,0,1,0,4,5,2,4,2,5,4,3,4,Cloud Computing; Database Management,Cloud Engineer
B.Sc Information Technology,Data Science,9.5,Distinction,3,3,4,3,3,3,1,2,1,1,0,1,2,2,4,3,5,3,3,4,Software Development; Data Analysis; Cloud Computing,Software Developer
B.Sc Information Technology,Cloud & Security,7.64,First Class,3,3,4,3,2,3,1,2,2,1,0,2,3,2,4,3,4,4,2,5,Software Development; Data Science; Machine Learning,Software Developer
B.Sc Information Technology,Web Technologies,6.07,Second Class,5,3,1,4,1,1,3,2,5,5,4,3,0,1,4,5,4,4,3,4,Data Science; Artificial Intelligence; Machine Learning; Cybersecurity,Data Scientist
B.Sc Information Technology,Cloud & Security,6.45,Second Class,1,1,1,5,0,1,3,1,2,0,0,2,3,2,4,4,4,3,3,4,Database Management; Cloud Computing,Database Administrator
B.Sc Computer Science,Data Science,7.75,First Class,4,4,4,2,2,1,0,0,2,1,0,2,1,2,3,3,5,3,3,4,Software Development; Machine Learning; Artificial Intelligence,Software Developer
B.Sc Computer Science,Cloud & Security,7.03,First Class,2,3,0,2,0,2,0,1,0,2,0,5,2,2,5,2,3,4,3,4,Cloud Computing; Machine Learning,Cloud Engineer
B.Sc Information Technology,Cloud & Security,6.93,Second Class,1,0,0,4,0,0,3,3,2,0,0,3,3,4,1,3,4,4,3,4,Database Management; Data Science,Database Administrator
B.Sc Information Technology,Data Science,8.66,Distinction,3,3,2,3,1,2,1,2,2,1,1,3,5,5,3,2,5,3,3,5,Cybersecurity; Cloud Computing; Software Development,Cybersecurity Analyst
B.Sc Information Technology,Data Science,8.09,First Class,2,1,0,4,1,1,4,4,4,1,0,1,0,2,2,5,4,3,2,5,Data Analysis; Database Management; Data Science,Data Analyst
B.Sc Information Technology,Software Engineering,7.76,First Class,5,2,3,5,1,1,3,2,4,5,5,2,2,2,2,4,5,4,3,5,Machine Learning; Artificial Intelligence; Data Science; Software Development; Cloud Computing,Machine Learning Engineer
B.Sc Information Technology,Data Science,7.02,First Class,4,1,0,5,1,1,3,4,4,2,0,2,2,0,3,4,5,3,2,5,Data Analysis; Database Management; Data Science; Cybersecurity,Data Analyst
B.Sc Information Technology,Information Technology,8.17,First Class,3,4,4,1,2,2,1,1,2,1,0,0,2,3,4,2,5,4,3,4,Software Development,Software Developer
B.Sc Information Technology,Cloud & Security,8.48,First Class,5,2,2,4,1,0,3,3,5,4,4,3,1,1,3,5,5,3,3,4,Data Science; Artificial Intelligence; Machine Learning,Data Scientist
B.Sc Information Technology,Information Technology,7.7,First Class,5,2,1,4,1,0,3,3,4,4,3,3,0,0,3,4,5,3,2,4,Data Science; Artificial Intelligence; Machine Learning; Cybersecurity; Cloud Computing,Data Scientist
B.Sc Computer Science,Cloud & Security,6.55,Second Class,3,2,2,3,5,5,2,0,1,1,0,0,2,2,4,3,5,5,2,3,Web Development; Software Development,Web Developer
B.Sc Information Technology,Software Engineering,7.71,First Class,4,4,4,3,2,2,0,0,2,0,0,2,1,2,4,3,5,4,3,4,Software Development; Data Analysis,Software Developer
B.Sc Computer Science,Cloud & Security,6.48,Second Class,5,2,1,4,0,1,3,2,5,5,4,3,1,0,4,4,5,4,3,4,Data Science; Artificial Intelligence; Machine Learning,Data Scientist
B.Sc Computer Science,Cloud & Security,7.29,First Class,3,1,3,3,2,1,1,1,2,1,0,3,5,5,1,2,5,4,3,5,Cybersecurity; Cloud Computing; Data Analysis,Cybersecurity Analyst
B.Sc Computer Science,Information Technology,6.13,Second Class,3,2,1,4,1,1,2,1,5,5,4,2,1,1,4,4,4,2,2,4,Data Science; Artificial Intelligence; Machine Learning,Data Scientist
B.Sc Information Technology,Software Engineering,7.24,First Class,3,0,0,4,2,0,5,4,4,2,0,3,1,2,1,4,4,3,2,5,Data Analysis; Database Management,Data Analyst
B.Sc Information Technology,Information Technology,6.83,Second Class,2,2,1,3,5,5,1,1,1,1,0,1,2,2,4,3,4,4,2,2,Web Development; Software Development; Cybersecurity,Web Developer
B.Sc Computer Science,Data Science,7.02,First Class,5,4,3,3,0,2,2,1,4,5,5,3,2,3,4,3,5,3,3,4,Machine Learning; Artificial Intelligence; Data Science; Cybersecurity; Web Development,Machine Learning Engineer
B.Sc Information Technology,Information Technology,6.13,Second Class,4,2,4,4,2,2,0,1,3,0,0,1,2,3,4,3,5,4,3,4,Software Development,Software Developer
B.Sc Computer Science,Software Engineering,7.63,First Class,2,0,0,4,0,1,4,4,4,2,0,1,1,1,2,5,3,3,3,5,Data Analysis; Database Management; Software Development,Data Analyst
B.Sc Information Technology,Web Technologies,8.54,Distinction,2,4,2,3,0,3,0,1,1,1,0,2,1,2,2,3,5,3,2,5,Software Development; Data Science; Database Management,Software Developer
B.Sc Information Technology,Data Science,7.88,First Class,2,2,0,5,2,1,2,3,1,1,0,3,1,3,3,3,5,2,4,4,Database Management; Data Science,Database Administrator
B.Sc Information Technology,Information Technology,7.66,First Class,5,2,2,4,0,1,4,3,5,5,2,3,0,1,3,4,5,3,4,4,Data Science; Artificial Intelligence; Machine Learning,Data Scientist
B.Sc Information Technology,Information Technology,8.63,Distinction,3,2,1,3,1,0,1,1,1,1,0,3,5,5,4,3,5,4,4,5,Cybersecurity; Cloud Computing; Web Development,Cybersecurity Analyst
B.Sc Computer Science,Web Technologies,6.99,Second Class,3,1,0,5,1,0,2,1,2,2,0,3,2,3,2,3,4,4,3,4,Database Management; Software Development; Web Development,Database Administrator
B.Sc Information Technology,Software Engineering,7.91,First Class,2,2,0,2,1,2,1,1,2,1,0,5,4,3,5,4,4,4,3,5,Cloud Computing; Web Development,Cloud Engineer
B.Sc Information Technology,Information Technology,7.86,First Class,1,3,1,0,1,2,1,1,1,0,0,5,2,3,2,4,4,4,3,4,Cloud Computing; Cybersecurity,Cloud Engineer
B.Sc Information Technology,Information Technology,6.87,Second Class,5,2,2,2,2,2,2,2,2,4,5,4,2,2,5,3,5,4,4,5,Machine Learning; Artificial Intelligence; Data Science; Database Management,Machine Learning Engineer
B.Sc Information Technology,Data Science,6.77,Second Class,1,0,1,4,1,1,2,3,2,1,1,2,3,3,3,4,4,2,2,4,Database Management; Data Analysis; Cloud Computing,Database Administrator
B.Sc Information Technology,Information Technology,6.97,Second Class,3,0,1,3,1,0,5,5,4,3,0,2,0,2,0,4,4,3,1,4,Data Analysis; Database Management; Software Development,Data Analyst
B.Sc Information Technology,Data Science,7.37,First Class,5,2,3,4,0,3,3,1,4,5,5,3,1,3,5,3,5,4,2,5,Machine Learning; Artificial Intelligence; Data Science,Machine Learning Engineer
B.Sc Information Technology,Cloud & Security,6.95,Second Class,4,2,1,4,0,0,0,2,4,5,5,5,2,2,3,3,5,5,4,5,Machine Learning; Artificial Intelligence; Data Science,Machine Learning Engineer
B.Sc Information Technology,Web Technologies,7.76,First Class,2,2,3,2,2,2,0,2,1,1,0,1,5,5,2,3,5,4,2,5,Cybersecurity; Cloud Computing; Web Development,Cybersecurity Analyst
B.Sc Information Technology,Web Technologies,6.34,Second Class,2,1,3,2,2,0,1,1,2,0,0,3,5,5,3,2,5,3,3,5,Cybersecurity; Cloud Computing,Cybersecurity Analyst
BCA,Cloud & Security,6.25,Second Class,3,1,0,3,1,1,4,4,4,2,1,2,0,1,1,4,4,2,3,5,Data Analysis; Database Management; Artificial Intelligence,Data Analyst
B.Sc Information Technology,Web Technologies,7.85,First Class,1,3,1,1,1,0,1,1,1,0,0,4,4,2,4,3,4,4,2,3,Cloud Computing; Database Management,Cloud Engineer
B.Sc Information Technology,Software Engineering,8.55,Distinction,3,2,0,3,1,3,2,1,1,0,0,5,2,1,4,4,5,3,4,4,Cloud Computing; Database Management,Cloud Engineer
B.Sc Information Technology,Information Technology,7.15,First Class,4,2,1,5,0,2,2,3,5,4,5,3,1,1,4,4,5,2,3,5,Data Science; Artificial Intelligence; Machine Learning,Data Scientist
B.Sc Information Technology,Data Science,6.81,Second Class,4,4,4,3,2,2,0,1,2,0,0,1,2,0,2,3,5,4,3,4,Software Development; Machine Learning,Software Developer
B.Sc Computer Science,Data Science,7.96,First Class,3,2,2,1,1,3,1,2,1,1,1,2,5,5,4,4,5,3,3,5,Cybersecurity; Cloud Computing; Software Development; Web Development,Cybersecurity Analyst
BCA,Information Technology,7.82,First Class,3,1,0,4,0,1,2,5,2,2,0,3,0,0,0,3,4,3,2,4,Data Analysis; Database Management; Machine Learning; Artificial Intelligence,Data Analyst
B.Sc Information Technology,Cloud & Security,7.2,First Class,3,2,0,3,1,0,5,4,3,2,0,2,0,1,2,4,4,4,2,5,Data Analysis; Database Management; Web Development; Machine Learning,Data Analyst
B.Sc Information Technology,Information Technology,7.92,First Class,5,3,3,4,1,3,2,2,4,5,5,4,2,0,2,2,5,4,4,5,Machine Learning; Artificial Intelligence; Data Science; Data Analysis,Machine Learning Engineer
B.Sc Information Technology,Software Engineering,6.87,Second Class,2,1,0,5,2,2,2,4,4,3,0,2,1,1,1,4,4,3,2,5,Data Analysis; Database Management,Data Analyst
B.Sc Information Technology,Information Technology,6.21,Second Class,3,2,1,3,3,5,0,1,1,1,0,3,3,2,3,4,3,5,2,4,Web Development; Software Development; Data Science; Database Management,Web Developer
B.Sc Information Technology,Web Technologies,6.97,Second Class,5,5,4,3,2,3,0,1,2,1,0,2,3,2,5,2,5,5,3,4,Software Development; Cybersecurity,Software Developer
B.Sc Information Technology,Web Technologies,7.06,First Class,2,2,3,2,0,1,1,0,1,1,0,3,5,5,2,3,5,4,3,5,Cybersecurity; Cloud Computing; Artificial Intelligence; Data Science,Cybersecurity Analyst
B.Sc Information Technology,Web Technologies,7.61,First Class,3,2,0,2,1,2,2,0,1,1,1,5,4,4,4,2,4,4,3,5,Cloud Computing; Cybersecurity; Machine Learning,Cloud Engineer
B.Sc Information Technology,Data Science,6.86,Second Class,5,3,0,4,1,0,4,3,5,5,3,3,0,1,4,4,5,3,3,5,Data Science; Artificial Intelligence; Machine Learning; Cloud Computing,Data Scientist
B.Sc Computer Science,Information Technology,8.18,First Class,4,2,0,3,1,1,4,3,5,5,2,2,1,1,4,4,5,2,2,5,Data Science; Artificial Intelligence; Machine Learning; Database Management,Data Scientist
B.Sc Information Technology,Web Technologies,5.98,Pass,2,2,1,2,1,1,3,4,4,3,0,2,1,0,2,4,3,3,2,5,Data Analysis; Database Management,Data Analyst
B.Sc Information Technology,Software Engineering,7.76,First Class,2,2,3,2,1,3,1,0,1,1,0,2,5,5,3,4,4,4,4,5,Cybersecurity; Cloud Computing; Web Development; Artificial Intelligence,Cybersecurity Analyst
B.Sc Information Technology,Information Technology,7.33,First Class,3,1,3,4,1,1,1,1,2,1,0,3,5,5,4,3,5,3,4,5,Cybersecurity; Cloud Computing,Cybersecurity Analyst
B.Sc Information Technology,Web Technologies,8.97,Distinction,5,4,3,4,1,2,1,0,4,4,5,5,2,1,4,3,5,4,3,4,Machine Learning; Artificial Intelligence; Data Science,Machine Learning Engineer
B.Sc Information Technology,Web Technologies,7.26,First Class,2,0,2,1,1,2,1,0,0,1,0,5,4,3,2,3,4,4,3,4,Cloud Computing; Data Science,Cloud Engineer
BCA,Information Technology,7.42,First Class,2,2,0,5,1,1,3,2,2,1,0,2,2,4,1,4,4,3,4,4,Database Management,Database Administrator
B.Sc Information Technology,Software Engineering,6.87,Second Class,2,1,1,5,2,0,3,0,2,0,0,3,1,3,3,3,3,3,3,4,Database Management; Software Development,Database Administrator
B.Sc Information Technology,Software Engineering,7.8,First Class,4,4,3,4,1,2,1,3,2,5,4,4,0,2,4,2,5,4,3,5,Machine Learning; Artificial Intelligence; Data Science; Cybersecurity; Data Analysis,Machine Learning Engineer
B.Sc Information Technology,Data Science,8.49,First Class,5,3,1,4,1,2,2,1,4,5,4,2,2,1,5,2,4,4,2,5,Machine Learning; Artificial Intelligence; Data Science; Software Development,Machine Learning Engineer
B.Sc Information Technology,Cloud & Security,9.4,Distinction,5,1,3,5,2,2,0,2,5,5,5,4,2,2,4,3,5,5,2,5,Machine Learning; Artificial Intelligence; Data Science; Data Analysis,Machine Learning Engineer
B.Sc Information Technology,Data Science,8.22,First Class,2,2,2,2,1,1,1,1,1,0,0,4,2,3,3,2,4,4,3,4,Cloud Computing; Machine Learning,Cloud Engineer
B.Sc Information Technology,Data Science,9.13,Distinction,4,3,1,4,1,2,1,0,4,5,5,4,2,2,4,2,5,3,3,4,Machine Learning; Artificial Intelligence; Data Science; Data Analysis,Machine Learning Engineer
B.Sc Information Technology,Cloud & Security,5.97,Pass,1,1,3,4,2,3,0,1,2,1,0,4,5,3,3,3,5,4,3,4,Cybersecurity; Cloud Computing; Database Management,Cybersecurity Analyst
B.Sc Information Technology,Information Technology,6.33,Second Class,1,2,1,5,1,2,2,2,2,1,0,1,3,3,3,3,4,3,2,5,Database Management; Web Development,Database Administrator
B.Sc Information Technology,Information Technology,8.7,Distinction,2,5,4,3,3,4,1,0,2,1,1,3,1,3,4,3,4,5,3,4,Software Development; Web Development; Cloud Computing,Software Developer
B.Sc Information Technology,Web Technologies,9.16,Distinction,4,2,1,3,2,2,1,1,3,2,1,3,5,5,3,4,5,4,3,5,Cybersecurity; Cloud Computing; Web Development,Cybersecurity Analyst
B.Sc Information Technology,Data Science,9.27,Distinction,3,2,1,3,0,2,1,1,1,1,0,4,4,2,4,4,4,3,2,4,Cloud Computing,Cloud Engineer
B.Sc Information Technology,Software Engineering,6.81,Second Class,4,4,4,3,2,4,1,1,2,0,0,3,1,3,4,3,5,4,3,4,Software Development; Database Management; Machine Learning,Software Developer
B.Sc Information Technology,Data Science,7.12,First Class,3,1,0,4,0,1,5,4,4,2,0,3,2,1,2,5,5,3,2,5,Data Analysis; Database Management; Web Development; Cloud Computing,Data Analyst
B.Sc Information Technology,Software Engineering,7.89,First Class,2,2,3,1,2,2,1,0,1,0,1,3,5,5,2,2,5,3,4,5,Cybersecurity; Cloud Computing; Artificial Intelligence; Machine Learning,Cybersecurity Analyst
B.Sc Information Technology,Cloud & Security,6.49,Second Class,4,1,2,3,4,4,0,2,1,2,0,2,2,2,4,3,4,4,1,3,Web Development; Software Development; Artificial Intelligence; Cybersecurity,Web Developer
B.Sc Information Technology,Information Technology,8.66,Distinction,2,1,1,3,0,0,3,3,2,1,0,2,1,3,3,4,4,3,3,4,Database Management; Artificial Intelligence,Database Administrator
B.Sc Computer Science,Software Engineering,7.65,First Class,3,3,1,3,5,4,2,0,2,0,0,2,3,1,4,3,3,4,2,3,Web Development; Software Development; Artificial Intelligence; Cybersecurity,Web Developer
B.Sc Information Technology,Information Technology,6.14,Second Class,3,2,1,3,5,3,2,0,2,2,1,2,1,2,3,3,4,3,3,4,Web Development; Software Development; Database Management,Web Developer
B.Sc Computer Science,Web Technologies,8.0,First Class,3,1,1,2,2,0,3,4,5,5,3,3,1,0,2,5,5,3,4,5,Data Science; Artificial Intelligence; Machine Learning; Software Development,Data Scientist
B.Sc Information Technology,Software Engineering,5.52,Pass,4,5,5,2,2,3,2,1,2,0,0,1,2,2,4,3,5,4,3,5,Software Development; Cybersecurity; Cloud Computing,Software Developer
B.Sc Computer Science,Web Technologies,8.31,First Class,1,1,1,5,1,0,3,2,3,1,0,3,2,3,2,3,4,3,3,4,Database Management; Cybersecurity,Database Administrator
B.Sc Information Technology,Cloud & Security,8.7,Distinction,4,2,4,2,1,1,0,2,0,2,0,3,3,3,2,3,5,3,3,5,Cybersecurity; Cloud Computing,Cybersecurity Analyst
B.Sc Computer Science,Web Technologies,7.36,First Class,3,2,1,1,1,0,1,1,1,0,0,5,3,3,2,3,4,5,3,4,Cloud Computing,Cloud Engineer
B.Sc Information Technology,Software Engineering,6.43,Second Class,4,0,0,4,1,0,3,3,5,2,0,2,1,0,2,4,4,3,2,5,Data Analysis; Database Management; Cloud Computing,Data Analyst
B.Sc Computer Science,Web Technologies,9.35,Distinction,3,0,1,3,1,2,2,0,2,1,0,2,4,5,3,3,5,3,3,5,Cybersecurity; Cloud Computing,Cybersecurity Analyst
B.Sc Information Technology,Web Technologies,7.52,First Class,3,0,4,4,2,1,0,0,2,0,0,3,3,5,2,4,5,3,2,5,Cybersecurity; Cloud Computing; Machine Learning,Cybersecurity Analyst
B.Sc Information Technology,Cloud & Security,6.56,Second Class,3,0,0,4,1,0,4,3,4,1,1,2,1,1,2,4,4,4,2,5,Data Analysis; Database Management; Software Development; Machine Learning,Data Analyst
B.Sc Computer Science,Information Technology,8.44,First Class,2,0,1,3,5,5,1,1,1,1,0,1,2,2,5,2,3,3,1,3,Web Development; Software Development; Cloud Computing; Artificial Intelligence,Web Developer
BCA,Data Science,8.22,First Class,2,2,2,5,0,1,4,2,2,2,1,4,3,3,3,2,4,3,4,5,Database Management,Database Administrator
B.Sc Information Technology,Data Science,7.14,First Class,3,3,1,3,5,4,0,1,1,1,0,3,3,2,3,3,3,5,2,3,Web Development; Software Development; Machine Learning,Web Developer
B.Sc Information Technology,Data Science,7.55,First Class,3,3,1,5,1,1,3,2,2,1,0,3,3,3,4,3,3,3,3,4,Database Management; Data Science,Database Administrator
B.Sc Information Technology,Data Science,6.92,Second Class,2,2,1,4,4,5,0,1,1,1,0,1,2,2,4,4,4,4,2,4,Web Development; Software Development; Cloud Computing,Web Developer
B.Sc Information Technology,Cloud & Security,7.62,First Class,5,2,3,4,0,3,2,3,4,5,5,4,1,0,4,3,5,4,3,5,Machine Learning; Artificial Intelligence; Data Science; Web Development,Machine Learning Engineer
B.Sc Information Technology,Software Engineering,6.08,Second Class,3,1,1,4,1,1,3,4,4,3,0,1,1,1,2,3,5,3,2,5,Data Analysis; Database Management; Cloud Computing,Data Analyst
B.Sc Information Technology,Web Technologies,7.01,First Class,4,2,4,3,2,2,1,0,1,0,0,3,5,5,4,3,5,2,3,5,Cybersecurity; Cloud Computing,Cybersecurity Analyst
B.Sc Information Technology,Data Science,7.66,First Class,2,2,2,1,2,0,0,1,2,0,0,4,3,5,3,3,5,2,3,5,Cybersecurity; Cloud Computing; Artificial Intelligence; Web Development,Cybersecurity Analyst
B.Sc Computer Science,Software Engineering,8.45,First Class,3,1,0,4,1,0,3,4,3,1,0,2,1,1,2,3,5,2,2,5,Data Analysis; Database Management; Cybersecurity,Data Analyst
B.Sc Information Technology,Data Science,8.92,Distinction,1,3,2,3,0,1,1,1,1,1,0,5,2,2,3,3,4,4,4,4,Cloud Computing; Data Science,Cloud Engineer
B.Sc Information Technology,Data Science,6.16,Second Class,4,1,1,3,2,1,4,4,4,2,0,0,2,1,2,4,3,2,2,5,Data Analysis; Database Management,Data Analyst
B.Sc Information Technology,Cloud & Security,7.0,First Class,4,2,4,3,2,2,1,1,2,1,0,2,3,0,5,3,5,5,3,5,Software Development,Software Developer
B.Sc Information Technology,Data Science,7.02,First Class,3,2,0,3,5,5,0,1,1,1,1,3,2,1,4,2,3,4,3,4,Web Development; Software Development; Database Management,Web Developer
B.Sc Information Technology,Data Science,6.05,Second Class,3,1,4,3,2,2,1,2,2,1,0,4,5,5,3,3,5,2,3,5,Cybersecurity; Cloud Computing,Cybersecurity Analyst
B.Sc Information Technology,Web Technologies,5.5,Pass,3,2,0,2,3,5,0,2,1,0,0,2,1,0,3,3,5,4,3,3,Web Development; Software Development; Database Management,Web Developer
B.Sc Information Technology,Information Technology,7.86,First Class,5,3,2,3,1,1,0,1,5,3,5,4,2,1,4,2,5,4,3,5,Machine Learning; Artificial Intelligence; Data Science,Machine Learning Engineer
B.Sc Computer Science,Data Science,9.13,Distinction,5,3,2,4,0,0,2,1,5,5,5,3,1,2,5,2,5,3,3,5,Machine Learning; Artificial Intelligence; Data Science,Machine Learning Engineer
B.Sc Information Technology,Data Science,7.17,First Class,3,1,3,2,2,2,1,1,2,2,0,3,4,5,1,2,5,3,3,5,Cybersecurity; Cloud Computing; Database Management; Machine Learning,Cybersecurity Analyst
B.Sc Computer Science,Cloud & Security,6.19,Second Class,4,1,0,4,0,0,5,4,5,2,0,1,0,1,2,5,4,2,2,5,Data Analysis; Database Management,Data Analyst
B.Sc Information Technology,Data Science,7.31,First Class,3,2,2,0,1,2,1,1,1,2,0,4,5,2,4,3,4,5,3,5,Cloud Computing; Artificial Intelligence; Web Development,Cloud Engineer
B.Sc Information Technology,Web Technologies,8.06,First Class,2,2,2,5,2,0,3,2,1,1,0,3,3,3,3,3,4,3,3,3,Database Management,Database Administrator
B.Sc Information Technology,Web Technologies,9.9,Distinction,1,2,1,3,2,2,2,0,2,1,0,4,5,5,4,4,5,4,3,4,Cybersecurity; Cloud Computing,Cybersecurity Analyst
B.Sc Information Technology,Information Technology,6.39,Second Class,1,2,1,3,4,5,1,2,0,1,0,1,2,2,2,3,4,3,3,4,Web Development; Software Development; Data Analysis,Web Developer
B.Sc Information Technology,Software Engineering,9.34,Distinction,5,1,1,4,1,1,3,2,5,5,4,3,2,1,4,4,5,4,3,5,Data Science; Artificial Intelligence; Machine Learning,Data Scientist
B.Sc Information Technology,Information Technology,8.85,Distinction,3,0,1,4,4,5,1,0,0,1,0,2,2,2,3,3,3,5,2,4,Web Development; Software Development; Artificial Intelligence,Web Developer
B.Sc Computer Science,Cloud & Security,7.57,First Class,4,2,0,4,1,0,2,3,5,4,4,3,2,0,4,4,4,3,3,5,Data Science; Artificial Intelligence; Machine Learning,Data Scientist
B.Sc Information Technology,Cloud & Security,7.81,First Class,3,2,0,2,1,2,1,1,0,1,0,5,4,3,3,4,5,4,3,4,Cloud Computing; Data Analysis,Cloud Engineer
B.Sc Information Technology,Data Science,7.33,First Class,3,3,1,1,5,4,1,1,0,1,0,2,2,1,3,3,4,5,1,4,Web Development; Software Development; Database Management,Web Developer
B.Sc Computer Science,Data Science,8.88,Distinction,2,1,0,5,1,1,4,4,4,2,0,2,1,1,3,3,4,2,2,5,Data Analysis; Database Management; Artificial Intelligence,Data Analyst
B.Sc Information Technology,Data Science,7.83,First Class,5,3,2,3,0,2,2,2,3,4,5,2,2,0,3,4,4,4,3,5,Machine Learning; Artificial Intelligence; Data Science; Cybersecurity; Database Management,Machine Learning Engineer
B.Sc Information Technology,Information Technology,7.39,First Class,3,0,0,4,1,1,4,4,3,0,0,1,1,0,2,3,4,4,1,4,Data Analysis; Database Management; Cybersecurity,Data Analyst
B.Sc Information Technology,Data Science,6.87,Second Class,1,2,1,3,5,5,0,1,2,1,0,2,2,2,5,3,4,3,2,3,Web Development; Software Development,Web Developer
B.Sc Information Technology,Data Science,7.65,First Class,3,1,1,1,1,2,1,1,0,1,0,5,4,3,3,2,4,3,4,3,Cloud Computing; Cybersecurity,Cloud Engineer
B.Sc Computer Science,Web Technologies,8.04,First Class,5,0,0,5,1,0,3,3,5,4,4,2,1,1,4,4,5,3,3,5,Data Science; Artificial Intelligence; Machine Learning; Database Management,Data Scientist
B.Sc Information Technology,Web Technologies,7.74,First Class,2,3,1,4,0,0,3,2,1,0,0,4,3,3,4,3,4,3,3,3,Database Management; Data Science,Database Administrator
B.Sc Information Technology,Cloud & Security,6.02,Second Class,3,0,0,5,2,1,4,5,4,2,1,2,1,0,1,5,4,3,1,5,Data Analysis; Database Management; Cybersecurity,Data Analyst
B.Sc Computer Science,Cloud & Security,8.61,Distinction,5,3,2,4,0,2,2,2,4,5,5,3,1,1,4,4,5,4,3,5,Machine Learning; Artificial Intelligence; Data Science; Database Management,Machine Learning Engineer
B.Sc Information Technology,Information Technology,6.08,Second Class,2,2,1,4,1,0,4,1,3,1,0,2,3,3,3,2,5,4,3,4,Database Management; Software Development,Database Administrator
B.Sc Information Technology,Data Science,5.81,Pass,5,2,0,4,0,1,3,3,5,4,4,3,1,1,5,5,5,2,3,5,Data Science; Artificial Intelligence; Machine Learning; Web Development; Database Management,Data Scientist
B.Sc Information Technology,Web Technologies,7.8,First Class,4,2,2,3,1,3,0,1,1,1,0,0,0,3,3,3,4,3,3,4,Software Development; Database Management; Machine Learning,Software Developer
B.Sc Information Technology,Data Science,6.95,Second Class,1,2,0,5,2,1,4,1,3,1,0,3,4,1,3,4,3,3,3,4,Database Management; Data Science,Database Administrator
B.Sc Information Technology,Data Science,6.53,Second Class,2,5,5,3,0,3,1,0,1,1,1,2,1,2,4,2,5,4,3,4,Software Development; Database Management; Data Analysis,Software Developer
B.Sc Computer Science,Data Science,7.77,First Class,3,1,0,4,2,0,3,4,2,2,0,3,1,1,3,4,5,2,2,5,Data Analysis; Database Management; Software Development,Data Analyst
B.Sc Information Technology,Web Technologies,7.66,First Class,4,2,3,3,1,2,1,1,2,0,0,4,3,4,3,3,5,4,3,5,Cybersecurity; Cloud Computing; Machine Learning,Cybersecurity Analyst
B.Sc Information Technology,Data Science,7.32,First Class,3,2,1,0,0,1,0,1,0,2,0,5,2,3,3,3,5,4,2,4,Cloud Computing; Software Development,Cloud Engineer
B.Sc Information Technology,Cloud & Security,6.51,Second Class,4,2,3,3,2,3,1,1,2,2,0,2,5,5,3,2,4,3,4,5,Cybersecurity; Cloud Computing; Data Science,Cybersecurity Analyst
B.Sc Information Technology,Information Technology,6.72,Second Class,2,1,0,2,1,2,3,4,4,2,0,2,1,0,2,4,3,3,3,5,Data Analysis; Database Management; Software Development,Data Analyst
B.Sc Information Technology,Software Engineering,8.06,First Class,1,2,0,5,1,2,4,2,3,2,1,1,3,3,2,4,3,3,2,4,Database Management; Cybersecurity,Database Administrator
B.Sc Computer Science,Web Technologies,6.16,Second Class,2,2,1,5,0,2,4,2,0,1,0,4,4,4,3,4,3,3,2,5,Database Management; Data Analysis; Software Development,Database Administrator
B.Sc Information Technology,Web Technologies,8.06,First Class,5,3,3,3,1,0,2,2,4,5,5,4,1,1,5,3,5,4,3,5,Machine Learning; Artificial Intelligence; Data Science; Database Management,Machine Learning Engineer
B.Sc Computer Science,Web Technologies,7.21,First Class,3,1,0,0,1,1,2,1,1,1,0,5,5,1,4,3,5,4,2,4,Cloud Computing; Web Development,Cloud Engineer
B.Sc Information Technology,Cloud & Security,7.21,First Class,3,4,3,1,0,4,1,1,3,2,0,2,2,1,4,3,5,4,3,4,Software Development,Software Developer
B.Sc Information Technology,Cloud & Security,8.18,First Class,2,2,0,4,1,1,2,2,2,1,0,3,2,3,3,3,5,2,2,4,Database Management; Web Development,Database Administrator
B.Sc Information Technology,Data Science,8.39,First Class,3,1,0,3,5,5,2,1,1,0,0,3,1,3,4,3,3,4,2,3,Web Development; Software Development; Artificial Intelligence,Web Developer
B.Sc Information Technology,Cloud & Security,7.31,First Class,3,2,0,1,0,2,1,0,1,1,0,3,2,2,4,4,5,5,3,4,Cloud Computing; Software Development; Database Management,Cloud Engineer
B.Sc Information Technology,Web Technologies,8.07,First Class,4,4,5,4,1,3,1,1,2,1,0,1,2,1,3,3,4,4,3,4,Software Development; Web Development,Software Developer
B.Sc Information Technology,Information Technology,7.55,First Class,5,2,2,2,0,2,3,3,5,5,4,2,1,2,3,5,5,3,3,5,Data Science; Artificial Intelligence; Machine Learning; Database Management,Data Scientist
B.Sc Information Technology,Software Engineering,6.37,Second Class,4,2,4,3,2,0,2,3,5,4,5,3,2,2,4,3,4,3,2,5,Machine Learning; Artificial Intelligence; Data Science,Machine Learning Engineer
B.Sc Information Technology,Software Engineering,8.68,Distinction,5,2,0,3,1,1,2,4,5,5,5,3,1,1,3,5,5,3,3,4,Data Science; Artificial Intelligence; Machine Learning,Data Scientist
B.Sc Information Technology,Data Science,7.03,First Class,2,0,0,4,0,0,2,4,5,1,0,3,2,1,0,3,4,3,1,5,Data Analysis; Database Management,Data Analyst
B.Sc Information Technology,Web Technologies,9.9,Distinction,3,2,2,3,5,5,0,1,2,1,0,1,2,3,4,2,4,4,1,4,Web Development; Software Development; Cybersecurity; Machine Learning,Web Developer
B.Sc Information Technology,Web Technologies,7.96,First Class,3,2,1,3,5,4,0,1,2,1,0,2,2,2,4,3,4,4,2,4,Web Development; Software Development; Data Science,Web Developer
B.Sc Information Technology,Web Technologies,8.39,First Class,4,2,4,3,2,4,1,0,3,1,0,1,1,2,4,4,5,5,3,4,Software Development; Data Analysis,Software Developer
B.Sc Information Technology,Software Engineering,6.76,Second Class,4,4,2,3,2,3,1,0,2,2,0,2,2,3,5,3,4,5,3,4,Software Development; Data Science; Cloud Computing,Software Developer
B.Sc Information Technology,Information Technology,7.04,First Class,3,1,1,4,2,1,3,4,3,2,1,1,1,1,2,4,4,2,2,4,Data Analysis; Database Management; Data Science,Data Analyst
B.Sc Information Technology,Cloud & Security,8.24,First Class,4,3,3,2,1,2,0,1,5,5,4,4,2,2,4,2,5,3,3,5,Machine Learning; Artificial Intelligence; Data Science; Software Development; Cloud Computing,Machine Learning Engineer
B.Sc Computer Science,Data Science,7.75,First Class,5,2,4,4,0,0,2,2,3,5,4,3,2,2,4,3,5,5,2,5,Machine Learning; Artificial Intelligence; Data Science; Database Management; Cybersecurity,Machine Learning Engineer
B.Sc Information Technology,Data Science,5.5,Pass,3,1,2,3,5,4,0,2,1,2,0,1,2,2,3,3,4,3,2,3,Web Development; Software Development; Database Management,Web Developer
B.Sc Information Technology,Cloud & Security,7.59,First Class,4,1,1,3,5,5,0,1,1,1,0,3,2,1,4,3,5,3,1,2,Web Development; Software Development; Data Analysis,Web Developer
B.Sc Information Technology,Cloud & Security,9.31,Distinction,3,2,3,1,2,1,1,1,1,1,0,3,4,4,3,2,5,2,3,5,Cybersecurity; Cloud Computing; Software Development,Cybersecurity Analyst
B.Sc Information Technology,Software Engineering,7.25,First Class,3,3,0,2,4,4,1,1,1,2,0,2,1,2,4,4,4,3,2,2,Web Development; Software Development,Web Developer
B.Sc Information Technology,Web Technologies,7.9,First Class,3,3,1,5,1,1,3,2,0,2,0,3,3,2,3,3,4,2,3,4,Database Management; Web Development,Database Administrator
B.Sc Information Technology,Cloud & Security,6.18,Second Class,3,2,3,2,2,3,1,0,2,1,0,3,4,5,2,2,5,3,3,5,Cybersecurity; Cloud Computing; Web Development,Cybersecurity Analyst
B.Sc Information Technology,Web Technologies,8.48,First Class,2,3,2,3,2,2,1,2,1,0,0,1,5,5,4,3,5,3,4,4,Cybersecurity; Cloud Computing; Machine Learning,Cybersecurity Analyst
B.Sc Information Technology,Data Science,6.03,Second Class,2,1,2,3,2,2,1,2,3,2,0,4,5,5,2,3,4,3,3,5,Cybersecurity; Cloud Computing; Software Development; Machine Learning,Cybersecurity Analyst
B.Sc Information Technology,Information Technology,6.49,Second Class,3,2,1,2,5,4,0,0,0,0,0,1,2,1,3,3,5,5,3,3,Web Development; Software Development; Database Management,Web Developer
BCA,Cloud & Security,7.32,First Class,2,2,0,5,1,1,2,1,3,1,0,3,2,3,3,3,4,3,2,4,Database Management; Software Development; Data Analysis,Database Administrator
BCA,Web Technologies,7.44,First Class,1,3,0,3,3,3,2,1,0,1,0,3,2,3,4,3,5,4,1,3,Web Development; Software Development,Web Developer
B.Sc Information Technology,Cloud & Security,7.0,First Class,5,0,1,4,0,1,3,3,4,5,4,2,0,1,3,4,5,2,2,5,Data Science; Artificial Intelligence; Machine Learning; Data Analysis,Data Scientist
B.Sc Information Technology,Information Technology,7.53,First Class,4,5,4,3,2,3,1,2,2,2,0,2,2,2,5,2,4,4,2,5,Software Development,Software Developer
B.Sc Information Technology,Web Technologies,7.67,First Class,2,2,0,5,2,0,3,2,2,1,0,1,4,3,2,3,4,4,4,5,Database Management,Database Administrator
B.Sc Information Technology,Web Technologies,5.72,Pass,3,2,1,1,2,0,0,1,1,0,0,3,5,3,3,2,4,4,4,5,Cloud Computing; Data Analysis,Cloud Engineer
B.Sc Information Technology,Web Technologies,7.92,First Class,3,2,2,3,5,5,1,1,0,1,0,2,2,3,4,3,4,5,2,3,Web Development; Software Development; Data Analysis,Web Developer
B.Sc Information Technology,Information Technology,5.79,Pass,2,2,0,1,0,2,1,0,0,2,0,5,4,3,2,3,4,4,4,4,Cloud Computing,Cloud Engineer
BCA,Information Technology,7.86,First Class,5,2,0,4,1,0,3,3,5,5,4,3,1,0,4,3,4,3,3,5,Data Science; Artificial Intelligence; Machine Learning; Cloud Computing,Data Scientist
B.Sc Information Technology,Data Science,7.7,First Class,5,3,2,4,1,1,2,3,4,5,4,3,2,0,4,3,5,3,3,5,Data Science; Artificial Intelligence; Machine Learning,Data Scientist
B.Sc Information Technology,Software Engineering,8.28,First Class,3,2,3,2,2,3,1,1,2,1,0,2,2,2,3,2,5,4,4,5,Software Development,Software Developer
B.Sc Information Technology,Information Technology,6.55,Second Class,3,1,2,5,2,0,2,2,1,1,0,3,4,4,3,3,5,4,2,4,Database Management,Database Administrator
B.Sc Information Technology,Cloud & Security,6.95,Second Class,3,0,0,2,1,1,4,4,4,2,1,1,0,0,0,4,5,2,1,5,Data Analysis; Database Management; Cybersecurity; Web Development,Data Analyst
B.Sc Information Technology,Web Technologies,8.33,First Class,3,1,1,2,0,2,1,1,2,1,0,3,4,3,4,3,5,3,2,4,Cloud Computing; Data Analysis; Machine Learning,Cloud Engineer
B.Sc Information Technology,Cloud & Security,7.26,First Class,4,2,1,3,4,4,1,2,2,1,0,3,2,2,4,3,4,4,3,2,Web Development; Software Development; Machine Learning,Web Developer
BCA,Web Technologies,7.31,First Class,1,3,2,3,5,5,0,0,2,1,0,3,2,0,3,2,3,4,1,2,Web Development; Software Development; Machine Learning,Web Developer
B.Sc Information Technology,Software Engineering,6.72,Second Class,3,1,0,2,1,1,1,2,0,0,1,5,4,2,4,3,5,4,3,5,Cloud Computing; Data Science; Software Development,Cloud Engineer
B.Sc Information Technology,Web Technologies,7.98,First Class,2,1,1,3,1,2,1,0,1,1,1,5,3,3,4,2,5,5,3,4,Cloud Computing; Data Analysis,Cloud Engineer
B.Sc Information Technology,Data Science,8.06,First Class,5,3,4,3,1,1,3,0,3,4,5,4,2,1,4,3,5,4,3,5,Machine Learning; Artificial Intelligence; Data Science; Database Management,Machine Learning Engineer
B.Sc Computer Science,Software Engineering,7.13,First Class,3,2,2,3,5,5,2,1,0,1,1,1,2,0,4,4,4,4,3,2,Web Development; Software Development; Data Science; Data Analysis,Web Developer
B.Sc Information Technology,Cloud & Security,6.8,Second Class,4,2,0,2,5,5,1,1,1,1,0,2,2,0,2,3,5,4,3,3,Web Development; Software Development; Database Management; Data Analysis,Web Developer
B.Sc Information Technology,Data Science,7.12,First Class,3,2,0,3,1,0,3,3,5,5,4,2,1,2,3,3,5,3,3,5,Data Science; Artificial Intelligence; Machine Learning,Data Scientist
B.Sc Information Technology,Software Engineering,7.38,First Class,4,2,1,2,5,4,1,0,0,0,0,2,1,3,4,3,4,4,1,4,Web Development; Software Development; Artificial Intelligence,Web Developer
B.Sc Information Technology,Software Engineering,7.35,First Class,2,1,0,4,1,0,4,5,3,2,1,2,0,0,0,4,4,2,3,5,Data Analysis; Database Management,Data Analyst
B.Sc Information Technology,Software Engineering,6.65,Second Class,1,1,1,4,1,1,3,2,2,2,0,3,3,3,3,3,4,4,3,3,Database Management; Software Development,Database Administrator
B.Sc Computer Science,Software Engineering,8.96,Distinction,5,0,0,2,1,2,2,3,5,5,3,2,0,1,3,5,5,3,3,4,Data Science; Artificial Intelligence; Machine Learning; Cloud Computing,Data Scientist
B.Sc Information Technology,Cloud & Security,8.66,Distinction,2,2,3,4,2,1,1,1,2,1,0,3,5,4,2,3,5,3,3,5,Cybersecurity; Cloud Computing; Web Development; Data Analysis,Cybersecurity Analyst
B.Sc Information Technology,Software Engineering,7.87,First Class,3,1,2,2,0,2,1,0,2,2,0,3,5,3,3,4,4,4,3,4,Cybersecurity; Cloud Computing; Web Development,Cybersecurity Analyst
B.Sc Information Technology,Data Science,6.9,Second Class,4,3,1,4,2,3,2,1,1,0,0,3,5,5,2,4,4,3,3,4,Cybersecurity; Cloud Computing; Data Science,Cybersecurity Analyst
B.Sc Information Technology,Web Technologies,7.46,First Class,2,3,0,3,1,2,2,0,0,0,0,5,4,1,4,3,4,5,3,4,Cloud Computing; Machine Learning,Cloud Engineer
B.Sc Information Technology,Data Science,6.69,Second Class,4,0,3,3,0,1,0,1,3,1,0,3,5,5,3,3,4,4,2,5,Cybersecurity; Cloud Computing,Cybersecurity Analyst
B.Sc Information Technology,Data Science,6.2,Second Class,1,2,2,2,1,1,1,1,0,1,0,5,4,3,4,3,5,5,3,3,Cloud Computing; Data Analysis; Data Science,Cloud Engineer
B.Sc Information Technology,Information Technology,5.71,Pass,3,2,0,3,1,3,1,1,0,1,0,4,4,3,3,3,4,3,3,4,Cloud Computing; Web Development; Data Science,Cloud Engineer
B.Sc Information Technology,Data Science,9.0,Distinction,1,2,1,2,1,2,0,1,0,0,0,5,4,4,5,4,5,5,3,3,Cloud Computing; Software Development,Cloud Engineer
B.Sc Information Technology,Information Technology,7.2,First Class,4,3,3,4,2,3,3,3,5,5,4,5,3,1,4,2,5,4,3,5,Machine Learning; Artificial Intelligence; Data Science; Web Development; Cybersecurity,Machine Learning Engineer
B.Sc Information Technology,Cloud & Security,8.15,First Class,4,4,4,3,2,2,2,1,1,1,0,1,1,0,4,3,5,3,3,4,Software Development; Artificial Intelligence,Software Developer
B.Sc Information Technology,Web Technologies,7.45,First Class,1,2,2,5,1,0,2,3,1,1,0,4,3,3,3,4,5,3,3,4,Database Management; Data Science; Machine Learning,Database Administrator
B.Sc Computer Science,Cloud & Security,7.48,First Class,4,3,2,4,1,3,2,2,4,5,5,3,2,2,4,3,4,4,3,5,Machine Learning; Artificial Intelligence; Data Science,Machine Learning Engineer
B.Sc Computer Science,Data Science,6.1,Second Class,3,1,2,4,1,2,2,3,5,4,3,3,1,1,2,5,4,3,3,4,Data Science; Artificial Intelligence; Machine Learning,Data Scientist
B.Sc Information Technology,Data Science,7.63,First Class,5,4,3,4,1,2,2,1,4,5,3,4,2,2,4,3,5,5,3,5,Machine Learning; Artificial Intelligence; Data Science; Database Management,Machine Learning Engineer
B.Sc Computer Science,Web Technologies,7.86,First Class,5,3,1,4,1,1,1,4,3,5,4,4,0,1,4,4,4,3,3,4,Data Science; Artificial Intelligence; Machine Learning; Web Development,Data Scientist
B.Sc Information Technology,Software Engineering,7.6,First Class,5,2,0,5,1,2,2,2,5,5,3,2,1,1,4,4,5,4,3,5,Data Science; Artificial Intelligence; Machine Learning; Cybersecurity; Database Management,Data Scientist
B.Sc Information Technology,Cloud & Security,6.92,Second Class,4,4,4,4,2,2,1,0,2,1,0,2,2,2,3,3,5,4,3,4,Software Development,Software Developer
B.Sc Information Technology,Data Science,6.57,Second Class,2,2,4,3,2,2,1,1,3,1,0,4,5,5,3,3,5,2,3,5,Cybersecurity; Cloud Computing; Artificial Intelligence,Cybersecurity Analyst
B.Sc Information Technology,Web Technologies,6.26,Second Class,1,1,0,3,1,1,3,4,3,2,1,3,1,1,3,3,5,4,1,4,Data Analysis; Database Management; Software Development; Artificial Intelligence,Data Analyst
B.Sc Information Technology,Information Technology,6.69,Second Class,5,2,1,4,0,1,3,3,5,5,4,3,0,0,4,4,5,3,4,5,Data Science; Artificial Intelligence; Machine Learning,Data Scientist
B.Sc Information Technology,Information Technology,7.95,First Class,3,2,1,4,1,1,3,2,1,1,0,2,3,3,4,2,4,2,3,3,Database Management; Data Science,Database Administrator
B.Sc Information Technology,Data Science,7.72,First Class,2,2,0,4,2,1,2,2,2,0,0,2,3,3,3,3,3,3,3,4,Database Management,Database Administrator
B.Sc Information Technology,Cloud & Security,6.58,Second Class,3,0,2,3,5,5,2,2,2,1,0,2,0,1,4,3,4,4,2,3,Web Development; Software Development; Data Science,Web Developer
B.Sc Information Technology,Software Engineering,7.09,First Class,3,2,4,3,2,2,1,0,2,0,0,3,5,5,2,4,5,4,3,5,Cybersecurity; Cloud Computing,Cybersecurity Analyst
B.Sc Information Technology,Software Engineering,7.32,First Class,2,2,0,4,2,1,3,4,4,2,0,1,1,1,2,4,4,2,2,4,Data Analysis; Database Management; Cybersecurity; Machine Learning,Data Analyst
B.Sc Information Technology,Cloud & Security,6.62,Second Class,3,5,4,2,2,4,1,1,2,1,0,1,2,2,4,3,4,3,3,4,Software Development; Web Development,Software Developer
B.Sc Information Technology,Data Science,5.96,Pass,1,0,0,3,5,5,0,1,1,0,0,2,2,2,3,3,4,3,2,3,Web Development; Software Development,Web Developer
B.Sc Information Technology,Information Technology,6.7,Second Class,3,3,4,1,2,2,1,1,3,1,0,3,5,5,3,4,5,4,3,5,Cybersecurity; Cloud Computing,Cybersecurity Analyst
B.Sc Information Technology,Information Technology,5.65,Pass,4,2,1,3,1,2,2,2,1,0,0,5,4,3,3,3,4,5,4,4,Cloud Computing; Machine Learning,Cloud Engineer
B.Sc Computer Science,Web Technologies,8.7,Distinction,5,1,3,4,2,0,2,1,4,3,3,4,0,2,5,4,4,4,3,5,Machine Learning; Artificial Intelligence; Data Science; Data Analysis; Cloud Computing,Machine Learning Engineer
B.Sc Computer Science,Web Technologies,7.09,First Class,1,2,0,4,1,0,4,4,4,1,0,2,2,2,2,4,4,2,3,5,Data Analysis; Database Management; Artificial Intelligence,Data Analyst
B.Sc Information Technology,Information Technology,8.52,Distinction,4,0,0,4,0,0,4,5,4,1,0,3,1,1,2,4,4,4,2,5,Data Analysis; Database Management; Cybersecurity,Data Analyst
B.Sc Information Technology,Software Engineering,7.01,First Class,2,0,1,3,5,4,0,1,1,1,0,2,1,3,4,3,4,4,1,3,Web Development; Software Development,Web Developer
B.Sc Information Technology,Software Engineering,6.81,Second Class,3,2,3,3,1,2,1,1,2,1,0,3,5,5,3,3,5,3,3,4,Cybersecurity; Cloud Computing,Cybersecurity Analyst
B.Sc Information Technology,Web Technologies,6.64,Second Class,0,2,1,5,1,2,2,3,2,1,0,3,3,3,3,3,4,3,3,3,Database Management; Web Development,Database Administrator
B.Sc Computer Science,Software Engineering,7.44,First Class,3,2,1,3,1,1,0,0,1,2,0,5,5,4,4,2,4,4,3,4,Cloud Computing; Web Development,Cloud Engineer
B.Sc Information Technology,Cloud & Security,7.65,First Class,2,1,2,4,5,5,1,1,0,1,0,2,3,2,5,3,4,4,2,3,Web Development; Software Development; Cybersecurity; Cloud Computing,Web Developer
B.Sc Information Technology,Cloud & Security,8.4,First Class,5,3,1,4,0,2,3,1,5,5,3,2,0,1,4,4,5,4,3,4,Data Science; Artificial Intelligence; Machine Learning; Web Development,Data Scientist
B.Sc Information Technology,Data Science,5.7,Pass,2,2,1,4,1,0,2,2,2,1,0,1,2,2,3,3,4,3,3,4,Database Management; Data Analysis; Machine Learning,Database Administrator
B.Sc Information Technology,Web Technologies,7.04,First Class,2,2,2,3,1,2,0,1,2,1,0,4,5,5,3,3,5,3,3,5,Cybersecurity; Cloud Computing; Web Development,Cybersecurity Analyst
B.Sc Information Technology,Data Science,7.8,First Class,4,3,3,2,3,4,1,1,1,1,0,3,1,0,4,4,5,4,4,4,Software Development; Machine Learning; Data Science,Software Developer
B.Sc Information Technology,Data Science,7.6,First Class,2,2,4,3,2,3,0,1,2,1,0,3,5,5,3,3,5,3,4,4,Cybersecurity; Cloud Computing; Software Development,Cybersecurity Analyst
B.Sc Computer Science,Cloud & Security,8.11,First Class,5,0,2,2,1,1,3,2,5,5,4,3,0,1,5,4,5,3,3,4,Data Science; Artificial Intelligence; Machine Learning; Web Development,Data Scientist
B.Sc Computer Science,Data Science,5.5,Pass,3,2,2,3,5,5,1,1,1,0,1,1,3,2,4,2,5,3,2,3,Web Development; Software Development; Database Management,Web Developer
B.Sc Information Technology,Cloud & Security,7.65,First Class,3,3,3,3,1,2,0,0,1,1,0,2,4,5,3,3,4,2,3,5,Cybersecurity; Cloud Computing; Data Analysis,Cybersecurity Analyst
B.Sc Information Technology,Web Technologies,8.1,First Class,5,2,3,4,0,2,2,2,3,4,5,4,2,2,4,3,4,4,3,4,Machine Learning; Artificial Intelligence; Data Science,Machine Learning Engineer
B.Sc Computer Science,Web Technologies,8.08,First Class,3,3,4,2,2,3,1,0,3,1,1,2,1,1,2,3,4,4,3,4,Software Development,Software Developer
B.Sc Information Technology,Software Engineering,9.14,Distinction,3,3,3,2,2,3,1,0,3,1,1,2,1,2,4,2,4,3,3,4,Software Development; Web Development,Software Developer
B.Sc Information Technology,Information Technology,8.08,First Class,2,2,0,5,1,1,3,0,3,2,0,4,2,3,2,3,4,3,3,4,Database Management; Machine Learning,Database Administrator
B.Sc Information Technology,Software Engineering,7.25,First Class,4,4,4,3,1,3,0,0,2,1,0,2,2,2,4,3,5,4,3,4,Software Development; Data Science,Software Developer
B.Sc Information Technology,Data Science,7.3,First Class,1,2,0,5,0,0,3,2,1,0,0,4,3,3,3,2,4,2,3,4,Database Management; Artificial Intelligence,Database Administrator
BCA,Software Engineering,7.3,First Class,4,1,2,3,0,2,3,3,5,4,2,3,0,1,5,5,5,3,3,5,Data Science; Artificial Intelligence; Machine Learning; Software Development,Data Scientist
B.Sc Information Technology,Software Engineering,7.38,First Class,3,2,1,2,1,2,1,1,0,1,0,5,3,2,4,2,4,4,3,4,Cloud Computing,Cloud Engineer
B.Sc Information Technology,Software Engineering,8.72,Distinction,3,1,1,5,1,1,3,2,2,0,1,3,3,3,3,2,4,3,3,5,Database Management,Database Administrator
B.Sc Information Technology,Information Technology,6.61,Second Class,5,3,4,4,1,1,3,2,4,5,3,3,0,3,4,3,5,4,2,4,Machine Learning; Artificial Intelligence; Data Science; Database Management; Cybersecurity,Machine Learning Engineer
B.Sc Computer Science,Information Technology,7.43,First Class,3,2,4,3,2,2,0,2,3,0,0,3,5,4,3,2,5,3,3,5,Cybersecurity; Cloud Computing; Software Development; Data Science,Cybersecurity Analyst
B.Sc Information Technology,Information Technology,7.92,First Class,1,2,1,2,0,2,1,1,0,0,0,5,4,3,5,4,4,4,3,4,Cloud Computing; Software Development; Artificial Intelligence,Cloud Engineer
B.Sc Information Technology,Cloud & Security,7.23,First Class,4,1,3,3,2,2,0,2,2,1,0,2,4,4,2,2,5,3,3,4,Cybersecurity; Cloud Computing; Software Development; Data Analysis,Cybersecurity Analyst
B.Sc Information Technology,Data Science,8.24,First Class,2,0,1,4,1,1,3,2,1,1,1,4,1,3,3,4,4,3,2,4,Database Management; Cybersecurity,Database Administrator
B.Sc Information Technology,Data Science,6.54,Second Class,5,5,5,3,2,4,2,1,1,1,0,0,3,3,3,3,5,4,3,4,Software Development; Data Analysis; Cybersecurity,Software Developer
B.Sc Information Technology,Web Technologies,7.36,First Class,3,2,1,0,1,2,2,1,0,1,0,5,2,2,4,3,4,4,3,4,Cloud Computing; Data Analysis,Cloud Engineer
B.Sc Information Technology,Information Technology,7.93,First Class,4,4,3,2,2,3,1,0,1,1,0,2,2,2,4,3,4,4,3,3,Software Development; Artificial Intelligence; Web Development,Software Developer
B.Sc Information Technology,Cloud & Security,7.08,First Class,2,1,0,2,2,0,4,2,2,3,0,2,0,1,2,4,4,4,2,5,Data Analysis; Database Management; Web Development,Data Analyst
BCA,Data Science,7.82,First Class,4,3,2,4,1,3,2,3,5,5,5,4,1,2,3,3,5,5,2,5,Machine Learning; Artificial Intelligence; Data Science; Cybersecurity,Machine Learning Engineer
B.Sc Information Technology,Software Engineering,7.13,First Class,3,3,5,1,2,3,1,1,2,1,1,2,3,2,3,3,5,3,3,3,Software Development; Cloud Computing,Software Developer
B.Sc Information Technology,Data Science,9.38,Distinction,5,2,3,4,0,2,0,1,4,5,5,4,1,1,4,3,4,4,3,4,Machine Learning; Artificial Intelligence; Data Science; Software Development,Machine Learning Engineer
B.Sc Computer Science,Information Technology,6.81,Second Class,4,1,0,4,1,1,5,2,5,2,0,2,1,2,3,4,4,3,3,5,Data Analysis; Database Management; Cybersecurity,Data Analyst
B.Sc Information Technology,Information Technology,6.1,Second Class,3,0,0,4,0,1,4,4,5,2,0,2,1,1,1,5,4,2,1,4,Data Analysis; Database Management; Web Development; Machine Learning,Data Analyst
B.Sc Information Technology,Information Technology,8.13,First Class,5,3,1,5,0,0,3,3,5,5,3,2,1,0,4,4,5,3,3,5,Data Science; Artificial Intelligence; Machine Learning,Data Scientist
B.Sc Information Technology,Data Science,6.5,Second Class,4,2,3,3,1,2,1,1,1,0,0,2,5,5,3,3,5,2,3,5,Cybersecurity; Cloud Computing; Database Management,Cybersecurity Analyst
B.Sc Information Technology,Information Technology,5.93,Pass,5,3,5,3,2,1,2,0,2,1,0,2,2,2,4,3,5,4,3,4,Software Development; Artificial Intelligence; Cybersecurity,Software Developer
B.Sc Computer Science,Web Technologies,6.52,Second Class,3,2,2,1,0,2,1,1,1,0,0,5,4,4,4,3,4,4,4,5,Cloud Computing; Artificial Intelligence,Cloud Engineer
BCA,Cloud & Security,6.63,Second Class,4,5,4,3,2,3,2,0,2,1,0,2,2,1,2,2,5,4,3,4,Software Development; Data Analysis; Web Development,Software Developer
BCA,Web Technologies,7.77,First Class,4,0,0,3,4,5,1,0,1,1,0,2,1,3,4,4,4,4,2,3,Web Development; Software Development; Cloud Computing,Web Developer
B.Sc Information Technology,Web Technologies,7.02,First Class,4,1,1,4,2,2,1,1,1,1,0,3,5,4,3,4,5,3,2,5,Cybersecurity; Cloud Computing; Data Analysis,Cybersecurity Analyst
B.Sc Computer Science,Software Engineering,6.27,Second Class,3,2,0,4,4,5,2,1,2,1,0,1,2,0,4,3,5,4,2,4,Web Development; Software Development,Web Developer
B.Sc Information Technology,Software Engineering,7.88,First Class,3,1,0,2,2,0,2,3,2,2,0,2,1,1,2,5,5,2,2,5,Data Analysis; Database Management; Machine Learning; Web Development,Data Analyst
B.Sc Information Technology,Data Science,7.34,First Class,2,2,1,5,1,0,3,1,2,0,0,4,3,3,3,2,4,3,4,4,Database Management; Cybersecurity,Database Administrator
B.Sc Information Technology,Data Science,7.14,First Class,3,2,1,2,1,2,1,0,1,1,0,5,5,1,3,3,4,4,4,4,Cloud Computing; Artificial Intelligence; Software Development,Cloud Engineer
B.Sc Computer Science,Cloud & Security,6.9,Second Class,4,3,1,2,1,2,2,1,0,1,0,5,2,3,3,4,3,5,2,3,Cloud Computing,Cloud Engineer
BCA,Software Engineering,8.18,First Class,2,0,0,4,1,1,3,4,4,2,0,2,1,0,3,3,5,3,1,5,Data Analysis; Database Management; Web Development; Artificial Intelligence,Data Analyst
B.Sc Information Technology,Data Science,9.03,Distinction,2,0,0,5,1,0,3,2,5,1,0,1,1,1,2,4,3,2,3,5,Data Analysis; Database Management; Cybersecurity,Data Analyst
B.Sc Information Technology,Web Technologies,6.82,Second Class,2,3,1,2,1,0,0,1,0,2,0,5,4,4,5,3,4,3,2,3,Cloud Computing,Cloud Engineer
B.Sc Information Technology,Data Science,7.79,First Class,2,1,2,3,5,5,1,1,0,1,1,2,1,3,4,2,5,4,1,3,Web Development; Software Development; Artificial Intelligence,Web Developer
B.Sc Information Technology,Software Engineering,7.08,First Class,3,0,1,3,1,1,3,4,4,1,1,2,0,1,2,4,4,4,3,5,Data Analysis; Database Management; Machine Learning,Data Analyst
B.Sc Information Technology,Information Technology,8.47,First Class,2,2,0,5,1,0,3,2,1,1,1,3,3,2,4,3,3,3,2,4,Database Management,Database Administrator
B.Sc Information Technology,Web Technologies,6.42,Second Class,5,2,1,4,0,1,3,2,5,5,4,5,3,0,5,3,5,5,3,5,Machine Learning; Artificial Intelligence; Data Science; Cloud Computing,Machine Learning Engineer
B.Sc Computer Science,Software Engineering,7.19,First Class,5,2,0,4,2,1,2,3,4,5,4,3,0,2,4,4,5,3,3,5,Data Science; Artificial Intelligence; Machine Learning; Web Development,Data Scientist
B.Sc Information Technology,Information Technology,7.82,First Class,5,2,1,4,1,0,1,3,5,4,3,4,2,1,4,4,5,4,3,5,Data Science; Artificial Intelligence; Machine Learning,Data Scientist
B.Sc Information Technology,Data Science,8.44,First Class,2,1,1,3,4,5,1,2,1,1,1,3,2,3,4,3,4,4,2,3,Web Development; Software Development; Database Management,Web Developer
B.Sc Information Technology,Web Technologies,6.89,Second Class,2,2,0,1,5,5,1,1,2,0,0,3,2,2,3,2,3,4,1,3,Web Development; Software Development; Database Management,Web Developer
B.Sc Information Technology,Software Engineering,6.99,Second Class,5,3,1,4,1,2,3,2,4,4,5,4,2,2,4,3,4,4,3,5,Machine Learning; Artificial Intelligence; Data Science,Machine Learning Engineer
B.Sc Information Technology,Data Science,7.5,First Class,4,4,4,3,0,3,0,1,2,1,1,0,2,0,2,3,4,4,3,3,Software Development,Software Developer
B.Sc Information Technology,Information Technology,7.93,First Class,5,3,3,4,1,1,2,2,2,5,4,3,1,2,3,3,5,5,4,5,Machine Learning; Artificial Intelligence; Data Science; Data Analysis; Database Management,Machine Learning Engineer
B.Sc Information Technology,Web Technologies,6.34,Second Class,1,1,0,4,1,1,3,2,4,2,0,0,1,1,2,4,5,3,2,5,Data Analysis; Database Management; Software Development; Web Development,Data Analyst
B.Sc Information Technology,Web Technologies,7.1,First Class,3,1,0,3,0,2,4,4,4,2,0,1,1,1,2,5,4,4,2,5,Data Analysis; Database Management; Cybersecurity,Data Analyst
B.Sc Computer Science,Cloud & Security,7.79,First Class,3,2,4,4,1,1,0,1,2,0,0,2,2,2,4,3,5,3,3,4,Software Development,Software Developer
B.Sc Information Technology,Cloud & Security,8.21,First Class,5,3,1,3,0,0,3,3,5,5,4,3,2,0,4,4,5,3,4,5,Data Science; Artificial Intelligence; Machine Learning,Data Scientist
B.Sc Information Technology,Data Science,9.37,Distinction,3,2,0,3,5,4,0,2,1,1,0,2,1,2,4,3,4,3,3,3,Web Development; Software Development; Machine Learning,Web Developer
B.Sc Information Technology,Web Technologies,7.17,First Class,2,1,1,2,1,2,1,0,1,0,0,5,5,1,4,3,4,4,2,4,Cloud Computing; Artificial Intelligence; Data Science,Cloud Engineer
B.Sc Information Technology,Data Science,7.02,First Class,3,3,0,5,1,1,3,2,2,0,0,3,3,3,2,3,4,3,3,4,Database Management,Database Administrator
B.Sc Information Technology,Web Technologies,7.36,First Class,2,3,3,3,1,0,1,1,0,0,0,2,5,5,3,2,5,3,3,4,Cybersecurity; Cloud Computing; Database Management,Cybersecurity Analyst
B.Sc Information Technology,Cloud & Security,8.42,First Class,4,1,1,3,3,5,1,0,0,1,0,2,2,3,3,3,3,4,2,4,Web Development; Software Development; Artificial Intelligence,Web Developer
B.Sc Computer Science,Software Engineering,8.09,First Class,5,3,0,4,2,0,1,3,5,4,5,3,1,1,4,3,5,3,3,5,Data Science; Artificial Intelligence; Machine Learning; Cybersecurity; Cloud Computing,Data Scientist
BCA,Web Technologies,7.78,First Class,3,1,0,5,1,2,5,4,3,1,1,1,2,1,2,5,4,3,2,5,Data Analysis; Database Management; Data Science; Cloud Computing,Data Analyst
B.Sc Information Technology,Data Science,8.74,Distinction,4,0,0,2,5,5,1,0,1,2,1,3,2,3,3,2,3,4,3,2,Web Development; Software Development; Data Science,Web Developer
B.Sc Information Technology,Cloud & Security,6.49,Second Class,2,2,2,5,1,0,3,2,2,0,1,3,4,3,2,3,5,3,3,5,Database Management; Web Development,Database Administrator
B.Sc Information Technology,Data Science,6.55,Second Class,1,2,0,2,1,1,1,0,1,0,0,3,4,3,2,3,4,3,3,4,Cloud Computing,Cloud Engineer
B.Sc Information Technology,Cloud & Security,7.83,First Class,5,3,4,4,2,2,2,2,3,5,5,4,2,2,4,2,5,3,3,5,Machine Learning; Artificial Intelligence; Data Science; Software Development,Machine Learning Engineer
BCA,Data Science,7.81,First Class,3,1,0,4,0,1,4,4,4,2,0,2,0,1,3,4,4,2,2,5,Data Analysis; Database Management,Data Analyst
B.Sc Information Technology,Software Engineering,5.84,Pass,1,2,1,4,1,0,3,2,1,0,0,3,2,2,3,3,3,3,3,3,Database Management; Cloud Computing,Database Administrator
B.Sc Information Technology,Data Science,7.48,First Class,2,2,3,3,2,2,1,1,3,2,0,4,5,5,2,4,5,3,4,5,Cybersecurity; Cloud Computing; Artificial Intelligence,Cybersecurity Analyst
B.Sc Information Technology,Cloud & Security,5.53,Pass,2,2,0,5,1,1,3,1,1,0,0,3,2,3,3,3,4,3,2,4,Database Management; Cybersecurity,Database Administrator
B.Sc Information Technology,Data Science,7.12,First Class,3,0,1,2,1,2,0,2,0,1,0,4,5,3,4,3,4,3,3,4,Cloud Computing; Artificial Intelligence; Machine Learning,Cloud Engineer
B.Sc Information Technology,Data Science,8.54,Distinction,3,1,1,2,1,1,1,1,0,2,0,5,5,3,4,3,4,3,3,4,Cloud Computing; Machine Learning,Cloud Engineer
B.Sc Information Technology,Cloud & Security,7.65,First Class,3,2,3,4,2,2,1,1,2,2,0,3,5,4,3,4,5,3,2,4,Cybersecurity; Cloud Computing; Database Management,Cybersecurity Analyst
B.Sc Information Technology,Web Technologies,6.47,Second Class,3,2,3,3,3,1,1,1,2,1,0,3,4,4,2,3,4,3,3,5,Cybersecurity; Cloud Computing; Data Analysis,Cybersecurity Analyst
B.Sc Information Technology,Data Science,7.9,First Class,2,1,3,3,2,0,1,0,2,1,0,4,4,5,2,3,5,3,4,5,Cybersecurity; Cloud Computing,Cybersecurity Analyst
B.Sc Information Technology,Software Engineering,9.81,Distinction,5,2,0,4,1,0,1,3,5,4,4,3,0,0,4,3,5,3,3,5,Data Science; Artificial Intelligence; Machine Learning,Data Scientist
B.Sc Information Technology,Cloud & Security,6.61,Second Class,4,1,3,3,0,1,1,2,2,1,0,2,5,5,3,3,5,3,2,5,Cybersecurity; Cloud Computing; Data Science,Cybersecurity Analyst
B.Sc Information Technology,Software Engineering,7.63,First Class,5,4,2,4,1,3,2,1,2,4,5,4,2,2,4,2,5,4,3,5,Machine Learning; Artificial Intelligence; Data Science; Data Analysis,Machine Learning Engineer
B.Sc Information Technology,Web Technologies,9.56,Distinction,4,2,3,5,0,1,2,2,4,5,3,4,2,2,5,2,5,4,2,5,Machine Learning; Artificial Intelligence; Data Science; Cybersecurity; Cloud Computing,Machine Learning Engineer
B.Sc Computer Science,Data Science,7.81,First Class,0,2,1,5,0,1,3,0,3,0,1,3,3,3,4,4,5,3,4,4,Database Management,Database Administrator
B.Sc Information Technology,Data Science,8.24,First Class,3,1,0,2,1,1,4,5,3,2,0,1,1,1,2,5,4,3,2,5,Data Analysis; Database Management,Data Analyst
B.Sc Information Technology,Cloud & Security,7.1,First Class,2,1,1,5,2,1,1,2,2,2,0,3,2,3,3,3,4,3,2,4,Database Management; Software Development; Cloud Computing,Database Administrator
B.Sc Information Technology,Information Technology,7.96,First Class,3,1,1,5,1,1,3,2,0,2,0,4,3,2,1,4,4,3,3,4,Database Management; Software Development,Database Administrator
B.Sc Information Technology,Software Engineering,8.38,First Class,5,3,4,3,1,2,1,2,2,1,0,2,3,2,3,2,5,5,3,3,Software Development; Cloud Computing,Software Developer
B.Sc Information Technology,Web Technologies,7.7,First Class,3,2,4,3,2,3,2,1,2,0,0,2,2,2,4,3,5,4,4,4,Software Development,Software Developer
B.Sc Information Technology,Software Engineering,7.65,First Class,2,2,2,5,2,0,3,2,3,0,0,3,2,3,4,4,4,2,3,4,Database Management; Software Development,Database Administrator
B.Sc Information Technology,Information Technology,6.62,Second Class,2,0,0,2,1,2,1,0,1,1,1,4,4,4,4,3,4,4,3,3,Cloud Computing; Data Science,Cloud Engineer
B.Sc Information Technology,Data Science,6.74,Second Class,3,1,0,4,1,2,4,4,3,2,0,3,1,1,2,5,4,3,3,4,Data Analysis; Database Management; Machine Learning; Data Science,Data Analyst
B.Sc Information Technology,Cloud & Security,7.06,First Class,5,3,3,4,0,2,2,1,4,5,5,2,2,1,4,3,5,5,3,5,Machine Learning; Artificial Intelligence; Data Science,Machine Learning Engineer
B.Sc Information Technology,Software Engineering,6.66,Second Class,3,2,0,0,2,2,2,1,0,1,0,5,4,3,4,3,3,4,4,4,Cloud Computing; Web Development,Cloud Engineer
B.Sc Computer Science,Information Technology,8.52,Distinction,2,1,0,4,1,1,3,4,4,2,0,2,2,0,1,3,4,3,2,5,Data Analysis; Database Management; Web Development,Data Analyst
B.Sc Information Technology,Web Technologies,8.98,Distinction,2,2,1,2,1,2,1,2,1,1,0,5,5,3,4,3,4,5,3,4,Cloud Computing; Data Science,Cloud Engineer
B.Sc Computer Science,Web Technologies,8.07,First Class,1,1,1,4,0,0,1,1,2,0,1,2,3,4,4,3,4,3,4,3,Database Management; Cloud Computing,Database Administrator
B.Sc Information Technology,Information Technology,7.4,First Class,2,2,4,2,0,2,0,1,2,2,0,1,3,4,3,3,5,3,3,5,Cybersecurity; Cloud Computing,Cybersecurity Analyst
B.Sc Information Technology,Data Science,7.92,First Class,4,4,4,3,2,4,1,1,1,0,0,3,2,1,3,3,5,4,3,3,Software Development; Data Analysis,Software Developer
B.Sc Information Technology,Web Technologies,7.69,First Class,4,1,2,4,0,2,2,1,4,5,5,4,2,2,4,3,5,4,4,5,Machine Learning; Artificial Intelligence; Data Science; Cloud Computing,Machine Learning Engineer
B.Sc Information Technology,Information Technology,5.79,Pass,2,2,3,4,1,2,1,1,2,1,0,2,5,3,3,3,5,3,3,5,Cybersecurity; Cloud Computing; Web Development,Cybersecurity Analyst
B.Sc Information Technology,Web Technologies,7.45,First Class,2,2,1,3,0,2,1,1,2,1,0,5,4,3,4,3,3,5,4,4,Cloud Computing; Database Management,Cloud Engineer
B.Sc Information Technology,Cloud & Security,6.75,Second Class,3,2,1,2,2,2,1,1,2,1,0,3,5,5,3,3,4,3,3,4,Cybersecurity; Cloud Computing; Database Management,Cybersecurity Analyst
B.Sc Information Technology,Web Technologies,6.62,Second Class,1,2,1,5,1,1,4,2,1,1,0,4,3,3,3,3,4,2,3,3,Database Management; Artificial Intelligence,Database Administrator
B.Sc Information Technology,Data Science,7.87,First Class,4,2,3,5,1,3,2,1,4,5,5,3,1,1,4,3,5,4,3,5,Machine Learning; Artificial Intelligence; Data Science,Machine Learning Engineer
B.Sc Information Technology,Software Engineering,7.53,First Class,3,2,1,4,1,1,3,3,5,5,4,3,2,0,3,4,5,2,4,5,Data Science; Artificial Intelligence; Machine Learning; Web Development; Database Management,Data Scientist
B.Sc Information Technology,Information Technology,5.6,Pass,2,2,2,5,2,1,2,1,2,0,0,2,3,3,3,2,4,3,2,4,Database Management; Machine Learning,Database Administrator
B.Sc Computer Science,Software Engineering,7.07,First Class,3,2,4,4,2,2,1,1,2,1,0,3,3,5,4,2,5,2,4,5,Cybersecurity; Cloud Computing; Software Development; Data Analysis,Cybersecurity Analyst
B.Sc Information Technology,Software Engineering,7.2,First Class,5,2,2,4,1,2,2,2,2,4,5,3,1,1,4,4,5,5,2,5,Machine Learning; Artificial Intelligence; Data Science; Cybersecurity,Machine Learning Engineer
B.Sc Computer Science,Cloud & Security,6.16,Second Class,3,1,0,3,1,0,4,5,4,2,1,2,1,0,2,4,4,3,1,5,Data Analysis; Database Management; Artificial Intelligence; Data Science,Data Analyst
B.Sc Information Technology,Software Engineering,6.72,Second Class,4,1,3,3,2,1,2,0,2,0,0,2,5,4,3,3,5,3,3,4,Cybersecurity; Cloud Computing; Artificial Intelligence; Data Science,Cybersecurity Analyst
B.Sc Information Technology,Data Science,8.12,First Class,3,1,2,3,5,5,0,0,1,0,0,3,2,2,4,4,3,5,2,2,Web Development; Software Development; Machine Learning,Web Developer
B.Sc Information Technology,Web Technologies,8.02,First Class,3,2,2,3,3,1,0,1,1,0,0,2,5,5,3,2,5,3,3,5,Cybersecurity; Cloud Computing; Software Development; Web Development,Cybersecurity Analyst
B.Sc Computer Science,Web Technologies,6.77,Second Class,4,4,4,3,3,4,0,0,2,0,0,2,2,2,4,4,5,4,2,3,Software Development; Cybersecurity,Software Developer
B.Sc Information Technology,Data Science,8.3,First Class,5,1,2,3,0,2,1,1,4,5,5,3,1,2,4,3,4,3,4,5,Machine Learning; Artificial Intelligence; Data Science; Software Development,Machine Learning Engineer
B.Sc Information Technology,Cloud & Security,7.29,First Class,5,4,1,2,1,2,1,2,5,5,5,4,1,2,4,3,5,4,2,5,Machine Learning; Artificial Intelligence; Data Science,Machine Learning Engineer
B.Sc Information Technology,Cloud & Security,5.89,Pass,4,5,4,3,1,3,1,1,1,1,1,2,2,2,4,3,4,4,3,4,Software Development; Database Management; Cloud Computing,Software Developer
B.Sc Information Technology,Cloud & Security,5.93,Pass,4,4,4,2,3,4,0,0,3,1,0,2,2,2,3,3,5,5,3,5,Software Development; Database Management,Software Developer
B.Sc Computer Science,Cloud & Security,8.75,Distinction,4,1,1,3,0,0,4,3,5,5,4,3,1,1,3,3,5,4,3,5,Data Science; Artificial Intelligence; Machine Learning; Data Analysis; Software Development,Data Scientist
B.Sc Computer Science,Software Engineering,7.74,First Class,3,2,1,4,5,5,2,2,0,1,0,3,2,1,4,3,4,4,2,3,Web Development; Software Development; Artificial Intelligence,Web Developer
B.Sc Information Technology,Data Science,7.05,First Class,5,2,1,3,2,0,3,3,4,4,4,3,1,1,3,3,5,3,3,4,Data Science; Artificial Intelligence; Machine Learning; Data Analysis,Data Scientist
B.Sc Information Technology,Web Technologies,7.44,First Class,5,2,2,4,1,1,3,3,5,5,5,3,1,2,3,3,5,3,4,5,Data Science; Artificial Intelligence; Machine Learning; Cloud Computing,Data Scientist
B.Sc Information Technology,Software Engineering,6.38,Second Class,3,3,2,2,2,3,0,2,2,1,0,2,0,3,3,4,5,4,3,4,Software Development,Software Developer
B.Sc Information Technology,Software Engineering,6.46,Second Class,5,3,2,2,2,2,1,2,3,5,3,5,2,3,4,3,5,4,3,4,Machine Learning; Artificial Intelligence; Data Science; Data Analysis; Cybersecurity,Machine Learning Engineer
B.Sc Information Technology,Web Technologies,7.25,First Class,3,1,0,4,1,0,4,4,4,3,0,2,1,1,1,4,3,2,2,5,Data Analysis; Database Management; Cybersecurity; Cloud Computing,Data Analyst
B.Sc Information Technology,Cloud & Security,5.5,Pass,3,2,0,2,0,1,4,2,4,2,0,2,0,1,2,4,3,4,2,5,Data Analysis; Database Management,Data Analyst
B.Sc Information Technology,Data Science,7.45,First Class,3,3,5,3,0,3,1,1,0,1,0,2,2,0,3,3,5,4,3,5,Software Development,Software Developer
B.Sc Information Technology,Software Engineering,8.65,Distinction,2,2,1,4,0,1,1,2,2,0,0,3,2,3,4,3,4,2,2,3,Database Management; Cloud Computing; Software Development,Database Administrator
B.Sc Information Technology,Web Technologies,8.09,First Class,3,2,4,2,1,0,0,0,2,1,0,3,5,4,3,3,5,3,3,5,Cybersecurity; Cloud Computing; Database Management,Cybersecurity Analyst
B.Sc Information Technology,Software Engineering,8.62,Distinction,2,1,0,4,0,0,3,4,4,2,1,2,0,2,1,5,3,4,1,5,Data Analysis; Database Management; Artificial Intelligence,Data Analyst
B.Sc Information Technology,Information Technology,7.22,First Class,5,3,4,4,1,2,2,2,2,5,4,4,2,2,4,2,5,4,4,5,Machine Learning; Artificial Intelligence; Data Science; Data Analysis; Cybersecurity,Machine Learning Engineer
B.Sc Computer Science,Cloud & Security,6.6,Second Class,2,1,3,3,3,2,1,0,0,0,0,3,4,5,3,2,5,3,3,5,Cybersecurity; Cloud Computing,Cybersecurity Analyst
B.Sc Information Technology,Web Technologies,7.5,First Class,0,2,1,5,1,1,3,2,3,1,0,3,1,2,2,2,3,4,3,4,Database Management; Data Science,Database Administrator
B.Sc Information Technology,Data Science,7.0,First Class,2,2,1,1,1,2,0,2,1,1,0,5,3,3,4,3,4,4,2,4,Cloud Computing; Machine Learning,Cloud Engineer
B.Sc Information Technology,Cloud & Security,7.7,First Class,3,1,0,4,0,1,4,4,3,2,0,2,0,1,2,4,4,3,3,5,Data Analysis; Database Management; Software Development; Web Development,Data Analyst
B.Sc Information Technology,Software Engineering,7.11,First Class,5,3,2,4,1,1,1,2,5,3,5,4,2,3,4,3,5,3,2,5,Machine Learning; Artificial Intelligence; Data Science; Data Analysis,Machine Learning Engineer
B.Sc Information Technology,Information Technology,6.06,Second Class,2,2,3,2,2,3,0,0,2,2,0,3,5,4,3,3,5,3,4,5,Cybersecurity; Cloud Computing; Web Development,Cybersecurity Analyst
B.Sc Information Technology,Cloud & Security,6.73,Second Class,3,2,2,4,1,1,3,3,5,5,4,4,0,1,4,4,5,3,4,5,Data Science; Artificial Intelligence; Machine Learning; Cybersecurity; Database Management,Data Scientist
B.Sc Information Technology,Cloud & Security,6.56,Second Class,4,4,4,3,1,3,0,1,1,1,0,2,2,3,4,3,5,4,3,3,Software Development; Machine Learning,Software Developer
B.Sc Information Technology,Information Technology,7.76,First Class,3,2,0,4,2,0,5,2,4,0,0,2,1,1,2,3,4,4,2,5,Data Analysis; Database Management; Machine Learning; Software Development,Data Analyst
B.Sc Information Technology,Software Engineering,6.71,Second Class,5,2,4,4,1,3,2,2,3,5,5,3,3,2,4,3,4,4,3,5,Machine Learning; Artificial Intelligence; Data Science; Database Management; Cybersecurity,Machine Learning Engineer
B.Sc Computer Science,Web Technologies,9.04,Distinction,2,1,0,2,0,2,0,2,1,0,0,5,2,4,4,3,5,4,4,5,Cloud Computing; Data Science; Machine Learning,Cloud Engineer
B.Sc Information Technology,Information Technology,6.41,Second Class,2,1,1,4,1,1,3,1,3,0,0,3,4,2,3,3,4,3,3,4,Database Management; Software Development,Database Administrator
B.Sc Information Technology,Data Science,6.47,Second Class,3,1,0,4,1,0,4,3,4,1,0,2,0,0,2,3,5,2,2,5,Data Analysis; Database Management; Web Development,Data Analyst
B.Sc Information Technology,Web Technologies,8.34,First Class,5,2,1,4,1,1,3,2,3,5,2,3,1,2,4,3,5,4,2,5,Data Science; Artificial Intelligence; Machine Learning; Software Development; Web Development,Data Scientist
B.Sc Information Technology,Cloud & Security,8.52,Distinction,5,5,4,3,1,3,2,2,2,1,0,2,2,2,3,3,5,5,3,5,Software Development,Software Developer
B.Sc Information Technology,Information Technology,7.59,First Class,4,3,1,4,0,1,3,2,4,4,5,5,2,2,3,3,5,5,3,5,Machine Learning; Artificial Intelligence; Data Science,Machine Learning Engineer
BCA,Information Technology,7.35,First Class,5,2,3,3,1,1,2,2,5,5,5,4,2,1,4,4,5,4,3,5,Machine Learning; Artificial Intelligence; Data Science; Database Management; Web Development,Machine Learning Engineer
B.Sc Information Technology,Information Technology,8.1,First Class,4,4,3,3,2,3,1,1,1,0,0,1,2,0,3,3,5,4,3,4,Software Development; Data Analysis; Cloud Computing,Software Developer
B.Sc Computer Science,Data Science,7.37,First Class,3,1,0,3,1,2,2,4,5,2,0,1,1,2,2,4,3,2,3,5,Data Analysis; Database Management; Data Science,Data Analyst
B.Sc Information Technology,Cloud & Security,6.44,Second Class,3,0,0,4,0,0,3,2,2,3,0,2,1,0,3,4,3,3,3,5,Data Analysis; Database Management; Cybersecurity,Data Analyst
B.Sc Information Technology,Cloud & Security,7.02,First Class,5,2,1,3,0,1,3,1,5,5,4,4,2,1,3,5,5,2,3,5,Data Science; Artificial Intelligence; Machine Learning; Cybersecurity; Cloud Computing,Data Scientist
B.Sc Information Technology,Data Science,5.52,Pass,4,1,0,4,1,0,4,5,3,2,0,2,0,1,2,4,4,3,3,5,Data Analysis; Database Management; Artificial Intelligence,Data Analyst
BCA,Information Technology,6.62,Second Class,3,3,1,3,2,3,1,0,3,0,0,3,5,5,3,3,5,4,3,4,Cybersecurity; Cloud Computing; Artificial Intelligence; Machine Learning,Cybersecurity Analyst
B.Sc Information Technology,Information Technology,8.78,Distinction,2,0,1,3,5,5,1,0,1,2,1,3,2,2,5,3,4,5,2,2,Web Development; Software Development,Web Developer
B.Sc Information Technology,Data Science,7.48,First Class,3,0,1,4,1,1,4,3,4,3,0,2,1,1,1,5,4,3,1,4,Data Analysis; Database Management; Machine Learning,Data Analyst
B.Sc Information Technology,Information Technology,8.33,First Class,1,2,0,3,2,1,5,4,4,2,1,0,1,0,1,4,4,3,3,5,Data Analysis; Database Management,Data Analyst
B.Sc Information Technology,Information Technology,8.72,Distinction,2,0,3,3,2,0,1,0,1,1,0,3,5,4,2,3,4,3,3,5,Cybersecurity; Cloud Computing; Data Analysis; Machine Learning,Cybersecurity Analyst
B.Sc Information Technology,Data Science,6.51,Second Class,5,4,2,4,1,1,2,2,5,5,4,4,2,1,4,3,5,4,3,4,Machine Learning; Artificial Intelligence; Data Science,Machine Learning Engineer
B.Sc Information Technology,Cloud & Security,7.16,First Class,2,2,1,5,1,1,4,2,1,1,0,2,3,3,3,3,5,4,4,3,Database Management; Web Development; Cybersecurity,Database Administrator
B.Sc Information Technology,Data Science,6.45,Second Class,4,3,2,3,2,3,1,0,0,1,0,2,1,0,4,4,5,5,4,5,Software Development; Cybersecurity,Software Developer
B.Sc Information Technology,Software Engineering,6.79,Second Class,3,1,0,4,0,0,4,3,4,2,1,2,0,1,0,4,5,2,2,5,Data Analysis; Database Management; Machine Learning; Artificial Intelligence,Data Analyst
B.Sc Information Technology,Data Science,7.25,First Class,3,1,2,2,3,2,1,1,2,0,1,3,5,5,3,3,5,3,2,4,Cybersecurity; Cloud Computing; Software Development,Cybersecurity Analyst
B.Sc Information Technology,Software Engineering,7.63,First Class,2,2,0,2,0,1,1,2,1,0,0,4,4,3,4,2,5,4,4,4,Cloud Computing; Software Development; Cybersecurity,Cloud Engineer
B.Sc Information Technology,Web Technologies,8.03,First Class,5,3,2,3,1,1,2,1,4,5,5,3,1,2,5,3,4,4,3,5,Machine Learning; Artificial Intelligence; Data Science,Machine Learning Engineer
B.Sc Information Technology,Cloud & Security,7.41,First Class,4,2,2,1,2,2,0,2,2,1,1,4,4,2,3,3,4,3,3,4,Cloud Computing; Software Development,Cloud Engineer
B.Sc Information Technology,Data Science,8.05,First Class,5,2,0,2,0,0,3,3,4,5,3,3,0,1,3,4,5,4,2,4,Data Science; Artificial Intelligence; Machine Learning,Data Scientist
B.Sc Information Technology,Web Technologies,6.71,Second Class,3,1,3,3,2,2,1,1,2,0,0,3,5,3,3,3,5,4,3,5,Cybersecurity; Cloud Computing; Artificial Intelligence,Cybersecurity Analyst
B.Sc Computer Science,Data Science,8.8,Distinction,3,2,1,3,1,2,2,0,1,0,0,5,5,4,2,2,4,4,2,3,Cloud Computing; Artificial Intelligence,Cloud Engineer
B.Sc Information Technology,Software Engineering,7.9,First Class,3,3,1,2,4,5,1,2,1,1,0,1,2,2,4,4,5,5,3,3,Web Development; Software Development; Artificial Intelligence,Web Developer
BCA,Software Engineering,6.54,Second Class,2,0,2,5,0,1,3,2,2,0,0,3,4,4,2,3,5,2,3,4,Database Management; Artificial Intelligence,Database Administrator
BCA,Cloud & Security,6.31,Second Class,5,1,2,5,0,0,2,3,4,5,5,4,3,2,4,3,5,5,3,5,Machine Learning; Artificial Intelligence; Data Science; Cloud Computing; Software Development,Machine Learning Engineer
B.Sc Information Technology,Software Engineering,6.63,Second Class,2,4,4,3,2,3,1,1,2,0,0,3,0,1,4,3,5,4,4,4,Software Development; Web Development; Machine Learning,Software Developer
B.Sc Information Technology,Software Engineering,9.06,Distinction,4,4,2,3,2,4,0,1,3,1,1,3,2,2,3,3,5,4,3,4,Software Development; Artificial Intelligence,Software Developer
B.Sc Information Technology,Software Engineering,7.16,First Class,1,2,1,5,1,1,3,1,2,1,1,3,3,3,4,4,4,3,2,4,Database Management; Machine Learning,Database Administrator
B.Sc Information Technology,Information Technology,7.18,First Class,4,0,0,5,1,0,4,3,4,0,0,2,1,1,2,4,3,3,1,5,Data Analysis; Database Management,Data Analyst
B.Sc Information Technology,Web Technologies,6.29,Second Class,3,2,0,1,1,2,0,0,1,0,0,5,4,4,4,3,4,4,3,4,Cloud Computing; Artificial Intelligence,Cloud Engineer
B.Sc Information Technology,Information Technology,7.15,First Class,0,2,0,5,1,2,3,2,1,0,0,2,1,4,3,2,3,3,3,4,Database Management; Software Development,Database Administrator
B.Sc Information Technology,Web Technologies,7.97,First Class,5,3,2,3,2,0,2,0,3,4,5,3,3,2,4,3,5,4,3,5,Machine Learning; Artificial Intelligence; Data Science,Machine Learning Engineer
B.Sc Information Technology,Software Engineering,8.3,First Class,3,2,2,1,1,2,1,0,0,0,0,5,4,2,4,2,5,4,4,4,Cloud Computing; Database Management; Artificial Intelligence,Cloud Engineer
B.Sc Information Technology,Cloud & Security,8.0,First Class,3,5,4,1,2,1,2,2,1,0,0,2,2,2,4,2,5,5,3,5,Software Development,Software Developer
B.Sc Computer Science,Web Technologies,8.35,First Class,2,1,0,5,0,0,3,2,0,1,0,3,3,3,3,3,4,2,3,5,Database Management; Cybersecurity,Database Administrator
B.Sc Information Technology,Information Technology,6.5,Second Class,5,0,1,4,1,1,3,2,4,5,3,4,1,1,5,3,5,3,3,5,Data Science; Artificial Intelligence; Machine Learning,Data Scientist
B.Sc Information Technology,Software Engineering,6.98,Second Class,2,2,0,5,1,1,3,2,2,1,0,3,4,3,3,3,4,3,2,5,Database Management,Database Administrator
B.Sc Information Technology,Cloud & Security,5.76,Pass,4,4,4,4,1,3,1,1,2,0,0,1,3,2,5,3,5,4,4,5,Software Development,Software Developer
B.Sc Information Technology,Cloud & Security,7.79,First Class,4,1,3,4,1,3,2,2,4,5,3,4,2,2,3,3,5,4,2,5,Machine Learning; Artificial Intelligence; Data Science; Software Development; Cybersecurity,Machine Learning Engineer
B.Sc Information Technology,Software Engineering,8.36,First Class,5,4,3,2,1,1,1,3,3,5,5,3,2,0,4,3,5,4,2,5,Machine Learning; Artificial Intelligence; Data Science; Cybersecurity,Machine Learning Engineer
B.Sc Information Technology,Software Engineering,7.13,First Class,3,5,3,3,3,4,2,1,1,0,0,2,1,2,4,3,5,4,4,3,Software Development; Web Development; Database Management,Software Developer
B.Sc Information Technology,Software Engineering,8.19,First Class,1,2,1,4,1,2,3,2,2,1,0,4,1,4,4,4,4,4,3,4,Database Management,Database Administrator
B.Sc Information Technology,Information Technology,6.68,Second Class,2,2,1,5,0,1,4,1,3,0,0,3,2,1,3,2,3,2,2,3,Database Management; Machine Learning,Database Administrator
B.Sc Information Technology,Information Technology,7.04,First Class,4,3,3,4,1,2,0,1,2,0,0,3,5,5,4,2,5,3,2,5,Cybersecurity; Cloud Computing,Cybersecurity Analyst
B.Sc Information Technology,Cloud & Security,6.42,Second Class,3,2,3,3,2,2,1,0,1,1,0,2,5,3,2,4,5,3,3,5,Cybersecurity; Cloud Computing,Cybersecurity Analyst
B.Sc Information Technology,Cloud & Security,6.26,Second Class,3,2,1,4,0,2,3,2,1,1,1,2,3,4,3,2,4,2,4,4,Database Management; Cybersecurity; Software Development,Database Administrator
B.Sc Information Technology,Information Technology,7.55,First Class,1,2,1,5,1,1,4,2,1,1,0,3,2,1,3,3,3,3,2,4,Database Management; Data Science; Cloud Computing,Database Administrator
B.Sc Information Technology,Web Technologies,8.37,First Class,3,2,1,3,5,4,1,1,0,1,0,3,1,2,3,4,3,4,2,3,Web Development; Software Development; Cybersecurity; Artificial Intelligence,Web Developer
B.Sc Information Technology,Data Science,6.56,Second Class,3,1,1,4,0,1,3,5,4,2,0,2,1,1,1,4,5,4,1,5,Data Analysis; Database Management; Cybersecurity,Data Analyst
B.Sc Information Technology,Information Technology,8.6,Distinction,4,1,1,5,0,0,3,3,5,5,5,3,1,1,2,5,5,2,3,5,Data Science; Artificial Intelligence; Machine Learning; Cybersecurity,Data Scientist
B.Sc Information Technology,Software Engineering,8.08,First Class,1,2,1,5,0,2,4,2,2,1,0,3,3,3,2,3,4,3,3,4,Database Management; Software Development; Cloud Computing,Database Administrator
B.Sc Computer Science,Web Technologies,6.93,Second Class,5,2,1,4,2,1,4,3,5,4,4,4,0,0,4,4,5,4,3,4,Data Science; Artificial Intelligence; Machine Learning; Cybersecurity,Data Scientist
B.Sc Information Technology,Cloud & Security,6.37,Second Class,2,2,1,5,0,0,3,3,1,0,0,3,3,2,2,3,4,4,3,4,Database Management; Cloud Computing; Data Science,Database Administrator
B.Sc Information Technology,Data Science,6.28,Second Class,4,3,2,3,3,2,0,2,0,0,0,3,5,5,3,3,5,3,4,5,Cybersecurity; Cloud Computing; Data Science,Cybersecurity Analyst
B.Sc Information Technology,Software Engineering,8.0,First Class,3,1,2,3,2,0,0,2,2,1,0,2,5,3,4,3,5,3,3,5,Cybersecurity; Cloud Computing,Cybersecurity Analyst
B.Sc Computer Science,Cloud & Security,7.27,First Class,4,2,0,4,1,1,3,4,4,2,0,2,0,1,2,4,3,4,2,5,Data Analysis; Database Management; Artificial Intelligence; Cybersecurity,Data Analyst
B.Sc Information Technology,Information Technology,8.49,First Class,5,2,0,5,2,0,3,3,5,4,4,4,1,0,4,4,5,3,2,4,Data Science; Artificial Intelligence; Machine Learning; Web Development; Software Development,Data Scientist
B.Sc Computer Science,Cloud & Security,8.23,First Class,3,1,2,1,1,1,2,1,1,0,0,5,3,4,4,3,4,5,2,3,Cloud Computing,Cloud Engineer
B.Sc Computer Science,Web Technologies,8.56,Distinction,3,1,1,4,0,1,2,3,5,5,3,3,1,1,4,4,5,2,3,5,Data Science; Artificial Intelligence; Machine Learning; Cloud Computing,Data Scientist
B.Sc Information Technology,Data Science,6.98,Second Class,2,2,1,5,1,2,3,2,3,0,1,3,4,2,3,4,4,3,3,4,Database Management; Machine Learning,Database Administrator
B.Sc Information Technology,Data Science,7.79,First Class,4,3,0,3,0,1,3,3,5,4,5,4,0,1,4,4,5,3,3,4,Data Science; Artificial Intelligence; Machine Learning; Software Development,Data Scientist
B.Sc Information Technology,Web Technologies,7.97,First Class,3,2,1,2,2,2,0,1,0,1,1,4,4,2,5,3,4,4,3,4,Cloud Computing; Artificial Intelligence,Cloud Engineer
BCA,Cloud & Security,7.15,First Class,4,2,3,4,0,0,3,2,3,5,5,4,3,2,4,4,5,5,3,5,Machine Learning; Artificial Intelligence; Data Science; Software Development; Web Development,Machine Learning Engineer
B.Sc Computer Science,Software Engineering,7.42,First Class,4,1,1,3,0,2,2,5,5,1,0,1,1,0,1,4,4,4,3,5,Data Analysis; Database Management; Web Development,Data Analyst
B.Sc Information Technology,Cloud & Security,8.74,Distinction,5,1,3,4,1,2,2,1,4,3,4,4,2,1,4,3,5,4,2,5,Machine Learning; Artificial Intelligence; Data Science; Software Development,Machine Learning Engineer
B.Sc Information Technology,Information Technology,6.75,Second Class,1,1,1,4,1,1,3,4,3,1,0,1,2,0,2,4,3,2,2,5,Data Analysis; Database Management; Cloud Computing; Software Development,Data Analyst
B.Sc Information Technology,Data Science,8.31,First Class,3,2,1,3,5,5,0,2,1,1,0,0,3,2,4,2,4,3,2,3,Web Development; Software Development,Web Developer
BCA,Data Science,8.25,First Class,0,0,0,4,1,0,4,2,2,1,0,2,3,3,3,3,5,2,3,4,Database Management; Software Development,Database Administrator
B.Sc Information Technology,Software Engineering,6.7,Second Class,5,2,0,4,1,1,4,3,5,5,4,2,1,1,3,4,5,3,2,5,Data Science; Artificial Intelligence; Machine Learning; Web Development,Data Scientist
B.Sc Information Technology,Web Technologies,7.68,First Class,4,3,0,3,5,4,1,1,1,1,0,1,2,2,5,3,5,5,2,3,Web Development; Software Development; Cybersecurity; Database Management,Web Developer
B.Sc Information Technology,Cloud & Security,6.57,Second Class,3,0,2,3,2,2,1,1,3,1,0,1,5,5,3,3,5,2,3,5,Cybersecurity; Cloud Computing; Machine Learning,Cybersecurity Analyst
B.Sc Information Technology,Information Technology,6.88,Second Class,2,2,1,5,2,2,4,1,2,0,1,2,3,2,2,3,4,2,3,5,Database Management; Data Analysis; Cybersecurity,Database Administrator
B.Sc Information Technology,Web Technologies,8.53,Distinction,3,2,1,4,1,2,2,1,5,3,5,2,1,1,3,4,4,3,2,5,Data Science; Artificial Intelligence; Machine Learning; Cybersecurity; Web Development,Data Scientist
B.Sc Information Technology,Data Science,7.2,First Class,5,3,0,4,0,0,4,3,5,3,4,3,1,1,3,4,5,2,2,4,Data Science; Artificial Intelligence; Machine Learning,Data Scientist
B.Sc Information Technology,Information Technology,6.4,Second Class,3,1,1,3,4,5,0,1,2,1,1,2,2,3,2,2,4,4,2,2,Web Development; Software Development; Data Analysis; Cloud Computing,Web Developer
B.Sc Information Technology,Data Science,8.27,First Class,5,1,2,3,1,1,3,3,5,5,5,1,2,1,3,3,4,2,3,5,Data Science; Artificial Intelligence; Machine Learning; Data Analysis,Data Scientist
B.Sc Information Technology,Data Science,8.84,Distinction,5,3,2,4,1,1,2,1,4,4,5,4,0,1,4,3,5,3,3,5,Machine Learning; Artificial Intelligence; Data Science; Cybersecurity,Machine Learning Engineer
B.Sc Information Technology,Cloud & Security,5.5,Pass,3,2,0,4,1,2,5,4,4,2,0,1,0,0,2,3,5,2,2,5,Data Analysis; Database Management; Artificial Intelligence,Data Analyst
B.Sc Computer Science,Information Technology,8.17,First Class,4,1,0,2,5,3,0,0,1,1,0,3,3,1,4,3,4,4,2,3,Web Development; Software Development; Cybersecurity,Web Developer
B.Sc Information Technology,Cloud & Security,6.09,Second Class,3,0,0,2,1,2,1,1,1,1,0,5,4,3,4,2,3,5,4,4,Cloud Computing; Web Development,Cloud Engineer
B.Sc Information Technology,Data Science,7.81,First Class,3,2,4,2,2,0,1,1,2,2,0,3,5,5,4,4,5,3,3,5,Cybersecurity; Cloud Computing; Database Management,Cybersecurity Analyst
B.Sc Information Technology,Cloud & Security,7.36,First Class,3,1,3,2,0,1,1,0,3,1,0,3,5,4,2,3,5,2,3,5,Cybersecurity; Cloud Computing; Web Development,Cybersecurity Analyst
B.Sc Information Technology,Data Science,7.33,First Class,1,1,1,2,1,2,2,1,1,0,0,5,4,3,3,4,5,4,4,5,Cloud Computing; Web Development; Data Analysis,Cloud Engineer
B.Sc Computer Science,Cloud & Security,6.62,Second Class,5,1,2,5,1,0,3,3,5,4,4,3,1,1,4,4,4,3,2,5,Data Science; Artificial Intelligence; Machine Learning; Database Management,Data Scientist
B.Sc Information Technology,Web Technologies,7.65,First Class,4,2,1,5,1,1,2,3,5,4,5,2,1,1,4,4,4,4,3,5,Data Science; Artificial Intelligence; Machine Learning; Cybersecurity; Database Management,Data Scientist
B.Sc Information Technology,Data Science,7.36,First Class,3,0,1,5,0,1,2,1,1,1,0,3,2,3,4,3,4,2,4,3,Database Management,Database Administrator
B.Sc Information Technology,Information Technology,7.78,First Class,2,3,0,2,1,2,1,0,1,1,0,5,4,3,4,3,4,4,4,4,Cloud Computing; Machine Learning,Cloud Engineer
B.Sc Information Technology,Software Engineering,6.99,Second Class,5,1,1,4,1,2,2,3,5,5,3,3,1,0,4,4,5,4,3,5,Data Science; Artificial Intelligence; Machine Learning; Database Management,Data Scientist
B.Sc Information Technology,Software Engineering,6.49,Second Class,5,4,3,3,0,2,1,2,5,5,3,5,2,1,4,3,5,3,2,5,Machine Learning; Artificial Intelligence; Data Science; Cloud Computing; Database Management,Machine Learning Engineer
B.Sc Computer Science,Web Technologies,7.49,First Class,4,3,3,5,0,2,1,2,3,5,4,4,2,3,4,2,4,4,3,5,Machine Learning; Artificial Intelligence; Data Science; Cybersecurity; Software Development,Machine Learning Engineer
B.Sc Information Technology,Web Technologies,7.26,First Class,3,2,1,1,1,3,2,1,2,2,0,5,4,4,4,4,3,3,3,3,Cloud Computing; Software Development; Web Development,Cloud Engineer
B.Sc Information Technology,Information Technology,6.96,Second Class,3,3,2,3,1,1,3,2,2,1,0,2,1,3,2,3,4,4,4,4,Database Management,Database Administrator
B.Sc Information Technology,Data Science,8.01,First Class,4,4,5,3,2,4,1,1,1,0,0,2,2,2,4,3,4,5,4,5,Software Development; Cybersecurity,Software Developer
B.Sc Information Technology,Cloud & Security,5.5,Pass,3,3,1,3,4,5,1,2,1,1,0,1,2,3,3,2,4,4,2,3,Web Development; Software Development; Cybersecurity,Web Developer
B.Sc Information Technology,Web Technologies,7.81,First Class,1,1,1,5,2,2,3,0,2,1,0,3,4,4,2,3,5,4,3,4,Database Management; Web Development,Database Administrator
B.Sc Information Technology,Information Technology,6.96,Second Class,5,4,4,4,1,3,0,1,1,2,0,2,3,3,4,3,4,3,3,3,Software Development; Database Management,Software Developer
B.Sc Information Technology,Web Technologies,8.47,First Class,5,2,2,4,0,1,2,3,4,5,5,2,0,0,4,4,5,2,3,5,Data Science; Artificial Intelligence; Machine Learning; Software Development,Data Scientist
B.Sc Information Technology,Software Engineering,7.23,First Class,4,1,0,1,3,3,1,1,1,1,0,2,2,2,2,4,4,4,2,3,Web Development; Software Development,Web Developer
B.Sc Information Technology,Cloud & Security,7.28,First Class,4,4,3,3,2,3,1,0,1,1,0,3,2,2,4,2,5,4,2,4,Software Development; Database Management; Cybersecurity,Software Developer
B.Sc Information Technology,Information Technology,7.86,First Class,3,2,0,3,3,4,0,1,0,0,0,0,2,2,5,2,4,4,2,3,Web Development; Software Development; Data Analysis,Web Developer
B.Sc Information Technology,Web Technologies,6.91,Second Class,2,0,0,2,2,1,0,1,2,0,1,5,5,2,5,3,5,4,3,5,Cloud Computing; Machine Learning,Cloud Engineer
B.Sc Information Technology,Cloud & Security,7.43,First Class,3,3,2,2,5,4,1,1,1,1,0,1,1,2,3,3,4,3,2,2,Web Development; Software Development; Data Science; Machine Learning,Web Developer
BCA,Software Engineering,7.51,First Class,3,2,1,3,5,5,1,2,1,0,0,2,2,2,4,3,3,3,2,3,Web Development; Software Development; Artificial Intelligence,Web Developer
B.Sc Information Technology,Cloud & Security,7.01,First Class,3,2,4,3,2,0,0,1,3,1,0,4,4,4,3,3,5,2,3,5,Cybersecurity; Cloud Computing; Artificial Intelligence,Cybersecurity Analyst
B.Sc Computer Science,Data Science,8.09,First Class,3,2,1,2,1,2,0,1,0,1,0,5,4,3,3,3,5,5,3,4,Cloud Computing,Cloud Engineer
B.Sc Information Technology,Data Science,8.19,First Class,2,2,1,4,1,0,2,1,2,0,0,3,3,4,2,4,4,4,3,4,Database Management,Database Administrator
B.Sc Information Technology,Cloud & Security,7.5,First Class,5,3,1,4,1,1,2,3,4,5,5,3,1,0,2,5,4,3,4,5,Data Science; Artificial Intelligence; Machine Learning; Software Development,Data Scientist
B.Sc Computer Science,Data Science,7.77,First Class,2,0,0,3,0,1,3,4,3,3,0,2,1,2,1,5,4,3,2,5,Data Analysis; Database Management; Web Development,Data Analyst
B.Sc Information Technology,Data Science,5.84,Pass,4,4,4,3,2,3,2,1,3,1,0,2,1,0,4,3,5,4,3,4,Software Development; Web Development,Software Developer
B.Sc Information Technology,Web Technologies,6.98,Second Class,2,0,0,4,1,0,3,2,3,3,0,2,0,0,2,4,4,2,2,5,Data Analysis; Database Management,Data Analyst
B.Sc Computer Science,Web Technologies,7.56,First Class,3,2,3,1,2,2,1,1,2,2,0,3,5,5,3,3,5,3,3,5,Cybersecurity; Cloud Computing; Database Management,Cybersecurity Analyst
B.Sc Information Technology,Data Science,8.44,First Class,4,1,1,4,1,0,4,4,4,2,0,2,1,0,2,3,3,3,2,5,Data Analysis; Database Management; Data Science,Data Analyst
B.Sc Computer Science,Web Technologies,7.61,First Class,3,1,0,4,1,1,5,4,4,2,0,0,0,1,2,4,5,3,2,4,Data Analysis; Database Management,Data Analyst
B.Sc Computer Science,Web Technologies,8.07,First Class,3,3,0,3,5,5,2,2,0,0,0,2,2,2,4,3,4,4,2,2,Web Development; Software Development; Cloud Computing,Web Developer
B.Sc Information Technology,Web Technologies,7.82,First Class,3,2,0,2,1,0,0,0,1,1,0,4,4,1,4,3,4,4,3,3,Cloud Computing; Data Science; Web Development,Cloud Engineer
BCA,Web Technologies,7.3,First Class,2,1,3,3,3,1,1,1,2,1,0,4,5,5,2,3,5,3,3,4,Cybersecurity; Cloud Computing; Artificial Intelligence,Cybersecurity Analyst
B.Sc Information Technology,Information Technology,7.63,First Class,2,4,2,3,2,2,1,0,2,0,0,3,2,2,4,2,5,4,4,5,Software Development; Data Science,Software Developer
B.Sc Information Technology,Information Technology,7.17,First Class,1,1,3,3,2,3,1,1,2,1,0,3,5,4,2,2,5,3,3,5,Cybersecurity; Cloud Computing; Data Science,Cybersecurity Analyst
B.Sc Computer Science,Information Technology,6.29,Second Class,5,2,3,3,1,4,1,1,1,0,0,2,2,1,4,3,5,4,2,4,Software Development,Software Developer
B.Sc Information Technology,Software Engineering,7.91,First Class,5,2,0,2,1,1,3,2,5,4,3,1,0,1,3,5,5,2,2,5,Data Science; Artificial Intelligence; Machine Learning,Data Scientist
B.Sc Information Technology,Cloud & Security,7.68,First Class,3,4,4,3,2,3,1,0,2,1,0,2,2,1,4,4,5,3,2,5,Software Development,Software Developer
B.Sc Computer Science,Data Science,7.49,First Class,5,2,3,4,0,2,2,2,5,4,4,4,1,1,3,3,4,4,2,5,Machine Learning; Artificial Intelligence; Data Science; Web Development,Machine Learning Engineer
B.Sc Information Technology,Web Technologies,7.58,First Class,2,2,1,4,5,5,1,2,1,0,1,2,2,2,4,4,3,5,1,3,Web Development; Software Development,Web Developer
B.Sc Information Technology,Software Engineering,6.03,Second Class,4,2,1,2,0,2,1,0,2,1,0,4,2,3,4,3,4,4,3,5,Cloud Computing; Data Science,Cloud Engineer
B.Sc Information Technology,Web Technologies,8.88,Distinction,1,1,1,4,0,1,4,4,3,1,0,3,1,0,1,4,3,3,3,5,Data Analysis; Database Management; Data Science,Data Analyst
B.Sc Computer Science,Software Engineering,5.86,Pass,3,2,3,3,2,3,1,1,3,1,0,3,5,5,2,3,5,3,3,5,Cybersecurity; Cloud Computing; Artificial Intelligence,Cybersecurity Analyst
B.Sc Information Technology,Software Engineering,6.91,Second Class,4,3,3,3,3,2,0,0,2,1,0,2,2,3,2,2,4,5,3,4,Software Development,Software Developer
B.Sc Information Technology,Web Technologies,8.4,First Class,3,2,0,4,2,1,4,4,4,3,0,1,0,1,2,5,4,3,1,5,Data Analysis; Database Management; Data Science,Data Analyst
B.Sc Computer Science,Information Technology,7.53,First Class,3,5,4,1,1,3,1,0,1,2,0,2,2,2,4,3,5,4,3,5,Software Development; Artificial Intelligence,Software Developer
B.Sc Information Technology,Web Technologies,8.23,First Class,3,1,0,3,5,5,1,0,1,0,0,2,2,2,4,3,3,5,2,4,Web Development; Software Development,Web Developer
B.Sc Information Technology,Data Science,6.01,Second Class,5,3,3,3,0,3,0,1,4,4,5,3,1,2,4,2,5,4,3,5,Machine Learning; Artificial Intelligence; Data Science; Cybersecurity,Machine Learning Engineer
B.Sc Information Technology,Information Technology,7.3,First Class,5,3,3,4,1,3,2,3,5,3,5,3,0,2,4,4,5,4,2,5,Machine Learning; Artificial Intelligence; Data Science; Web Development,Machine Learning Engineer
B.Sc Information Technology,Data Science,6.79,Second Class,4,4,4,3,2,2,1,0,2,0,0,2,0,1,4,3,5,4,2,4,Software Development,Software Developer
B.Sc Information Technology,Information Technology,6.9,Second Class,1,1,1,4,2,1,4,1,1,1,0,3,3,3,2,3,4,3,3,5,Database Management; Software Development; Web Development,Database Administrator
B.Sc Information Technology,Information Technology,7.63,First Class,2,2,1,4,1,1,4,1,2,0,0,4,3,2,2,3,4,4,3,5,Database Management; Cloud Computing,Database Administrator
B.Sc Information Technology,Cloud & Security,7.94,First Class,3,2,4,2,1,2,1,1,2,0,0,2,2,1,2,4,5,3,2,5,Software Development; Cybersecurity,Software Developer
B.Sc Information Technology,Software Engineering,8.14,First Class,2,2,2,1,5,5,1,0,2,1,0,0,2,0,3,3,4,4,2,3,Web Development; Software Development; Cloud Computing; Data Science,Web Developer
B.Sc Information Technology,Cloud & Security,7.37,First Class,2,2,1,2,1,3,0,1,0,1,0,5,4,3,3,3,5,3,4,3,Cloud Computing; Machine Learning; Data Science,Cloud Engineer
B.Sc Information Technology,Information Technology,8.45,First Class,5,3,3,4,1,0,2,1,3,4,5,4,2,1,3,4,5,5,2,5,Machine Learning; Artificial Intelligence; Data Science; Data Analysis,Machine Learning Engineer
B.Sc Information Technology,Data Science,7.07,First Class,5,2,2,4,2,1,2,3,5,5,5,3,3,3,4,4,4,4,3,5,Machine Learning; Artificial Intelligence; Data Science,Machine Learning Engineer
B.Sc Information Technology,Data Science,7.63,First Class,3,3,3,3,2,3,0,1,0,1,0,3,2,2,3,3,5,3,3,5,Software Development; Cybersecurity; Web Development,Software Developer
BCA,Software Engineering,6.96,Second Class,3,0,2,4,1,2,3,3,3,1,0,3,3,3,3,3,5,3,2,4,Database Management; Cloud Computing,Database Administrator
B.Sc Information Technology,Software Engineering,8.8,Distinction,4,4,4,1,1,2,0,1,0,1,0,2,2,1,5,2,5,5,3,4,Software Development; Machine Learning,Software Developer
B.Sc Computer Science,Information Technology,7.45,First Class,5,2,2,3,0,0,2,4,3,3,3,2,0,1,4,3,5,3,2,5,Data Science; Artificial Intelligence; Machine Learning; Web Development,Data Scientist
B.Sc Information Technology,Data Science,7.81,First Class,5,3,2,3,2,3,1,1,3,5,5,4,2,2,3,4,5,3,3,5,Machine Learning; Artificial Intelligence; Data Science; Software Development,Machine Learning Engineer
B.Sc Information Technology,Web Technologies,6.31,Second Class,3,0,1,4,1,1,3,2,3,5,4,3,1,1,3,4,4,2,3,5,Data Science; Artificial Intelligence; Machine Learning; Software Development; Cloud Computing,Data Scientist
B.Sc Information Technology,Cloud & Security,8.26,First Class,2,2,0,4,1,2,3,4,4,2,0,3,2,1,2,5,4,2,2,5,Data Analysis; Database Management; Web Development,Data Analyst
B.Sc Information Technology,Information Technology,8.5,Distinction,5,4,5,4,2,3,1,1,0,1,0,2,3,2,3,4,5,4,3,4,Software Development; Machine Learning; Cloud Computing,Software Developer
B.Sc Computer Science,Information Technology,7.92,First Class,2,2,0,4,2,0,2,2,3,1,1,3,2,3,3,3,4,3,3,4,Database Management; Cybersecurity,Database Administrator
B.Sc Computer Science,Cloud & Security,7.83,First Class,2,0,0,4,1,0,4,4,3,2,0,2,0,2,2,3,3,4,2,5,Data Analysis; Database Management; Cybersecurity; Web Development,Data Analyst
B.Sc Information Technology,Software Engineering,6.86,Second Class,2,1,0,2,2,2,1,2,1,2,0,5,4,2,2,3,4,5,3,5,Cloud Computing; Cybersecurity,Cloud Engineer
B.Sc Information Technology,Information Technology,6.18,Second Class,0,3,1,5,2,1,1,1,3,2,0,3,2,4,2,2,4,3,4,3,Database Management,Database Administrator
B.Sc Information Technology,Data Science,8.18,First Class,5,3,3,4,1,0,2,0,3,5,5,3,1,2,3,4,5,5,3,5,Machine Learning; Artificial Intelligence; Data Science; Cloud Computing,Machine Learning Engineer
B.Sc Information Technology,Information Technology,6.8,Second Class,4,3,4,3,1,4,1,1,2,0,0,2,2,2,2,2,4,5,2,3,Software Development; Cybersecurity; Database Management,Software Developer
B.Sc Information Technology,Web Technologies,7.74,First Class,3,2,1,3,1,1,1,1,0,1,0,5,5,2,2,3,3,4,3,5,Cloud Computing; Cybersecurity; Data Science,Cloud Engineer
BCA,Software Engineering,6.32,Second Class,3,2,2,4,1,0,3,2,2,0,0,3,3,3,2,3,5,3,3,4,Database Management; Web Development; Cloud Computing,Database Administrator
B.Sc Computer Science,Software Engineering,7.01,First Class,1,3,2,3,4,5,1,1,0,0,1,1,2,2,4,3,4,4,2,3,Web Development; Software Development; Cloud Computing; Machine Learning,Web Developer
B.Sc Information Technology,Cloud & Security,7.19,First Class,3,0,1,3,1,1,3,2,4,3,0,2,1,1,2,4,4,3,3,4,Data Analysis; Database Management; Software Development,Data Analyst
B.Sc Computer Science,Data Science,6.5,Second Class,4,3,2,3,1,2,0,1,0,1,1,4,2,3,4,3,4,5,2,4,Cloud Computing; Data Analysis,Cloud Engineer
B.Sc Information Technology,Information Technology,7.14,First Class,2,3,1,3,3,4,1,1,0,1,0,2,1,2,4,2,4,4,3,3,Web Development; Software Development,Web Developer
B.Sc Information Technology,Information Technology,7.34,First Class,5,1,2,4,2,2,1,3,4,5,5,2,2,3,3,3,4,5,3,5,Machine Learning; Artificial Intelligence; Data Science; Software Development,Machine Learning Engineer
B.Sc Information Technology,Data Science,8.1,First Class,5,1,0,3,0,0,4,3,5,3,3,3,1,1,4,4,5,3,4,5,Data Science; Artificial Intelligence; Machine Learning; Cybersecurity,Data Scientist
B.Sc Information Technology,Software Engineering,7.66,First Class,3,1,0,4,1,1,5,5,5,2,0,2,2,0,2,3,4,3,2,4,Data Analysis; Database Management; Cloud Computing,Data Analyst
B.Sc Information Technology,Software Engineering,6.3,Second Class,4,4,3,3,2,1,2,1,3,1,0,2,2,3,3,4,5,4,4,4,Software Development; Cybersecurity; Web Development,Software Developer
B.Sc Information Technology,Cloud & Security,5.68,Pass,2,2,0,2,4,5,1,0,0,1,0,3,2,2,4,3,5,4,2,3,Web Development; Software Development; Data Analysis,Web Developer
B.Sc Information Technology,Software Engineering,5.61,Pass,3,0,0,4,1,1,5,4,3,2,0,2,1,1,2,4,5,3,1,5,Data Analysis; Database Management; Cloud Computing,Data Analyst
B.Sc Information Technology,Web Technologies,8.56,Distinction,5,0,0,4,0,1,3,2,5,5,3,3,1,1,5,4,5,3,3,5,Data Science; Artificial Intelligence; Machine Learning; Cloud Computing,Data Scientist
B.Sc Information Technology,Data Science,8.96,Distinction,3,0,0,3,0,0,3,4,4,2,0,3,1,1,3,5,4,3,3,5,Data Analysis; Database Management,Data Analyst
B.Sc Information Technology,Cloud & Security,6.59,Second Class,4,1,0,3,2,1,3,3,4,1,1,2,0,1,2,4,3,2,2,5,Data Analysis; Database Management; Machine Learning,Data Analyst
B.Sc Information Technology,Data Science,6.43,Second Class,3,2,0,1,1,2,0,2,1,1,0,4,4,2,2,3,3,4,3,3,Cloud Computing,Cloud Engineer
B.Sc Information Technology,Information Technology,6.96,Second Class,1,1,0,5,1,1,3,2,2,0,0,3,3,3,3,3,5,3,2,4,Database Management; Web Development,Database Administrator
B.Sc Information Technology,Information Technology,7.08,First Class,2,1,1,5,0,1,4,2,1,1,0,1,2,2,2,3,4,3,4,4,Database Management; Cloud Computing; Data Science,Database Administrator
B.Sc Information Technology,Cloud & Security,6.86,Second Class,3,2,3,3,1,2,2,2,2,1,0,2,4,5,3,3,4,3,2,5,Cybersecurity; Cloud Computing,Cybersecurity Analyst
B.Sc Information Technology,Information Technology,7.67,First Class,4,4,4,3,2,4,1,0,2,0,0,1,2,2,3,4,5,4,3,5,Software Development,Software Developer
B.Sc Information Technology,Information Technology,8.07,First Class,5,3,2,2,0,2,2,1,5,3,4,4,2,3,4,2,5,5,4,5,Machine Learning; Artificial Intelligence; Data Science,Machine Learning Engineer
B.Sc Information Technology,Cloud & Security,6.83,Second Class,4,2,3,3,1,3,1,1,1,2,0,2,0,2,3,2,4,4,3,3,Software Development; Cybersecurity; Machine Learning,Software Developer
B.Sc Information Technology,Software Engineering,6.67,Second Class,5,3,2,5,1,3,2,2,2,5,5,3,2,1,4,4,5,3,3,5,Machine Learning; Artificial Intelligence; Data Science; Data Analysis; Cybersecurity,Machine Learning Engineer
B.Sc Information Technology,Software Engineering,5.5,Pass,2,2,0,5,2,1,3,0,2,0,0,3,3,3,4,2,4,3,2,4,Database Management; Artificial Intelligence,Database Administrator
B.Sc Information Technology,Information Technology,6.77,Second Class,1,2,1,1,1,2,1,0,2,2,0,5,4,3,4,2,3,4,3,4,Cloud Computing; Data Science,Cloud Engineer
B.Sc Information Technology,Software Engineering,7.77,First Class,3,2,3,2,1,3,0,1,3,0,0,2,4,4,3,3,5,4,2,5,Cybersecurity; Cloud Computing; Machine Learning,Cybersecurity Analyst
B.Sc Information Technology,Information Technology,8.03,First Class,5,2,2,3,1,1,2,2,5,4,3,4,1,1,4,5,5,3,4,5,Data Science; Artificial Intelligence; Machine Learning; Cloud Computing,Data Scientist
B.Sc Information Technology,Data Science,8.43,First Class,3,2,4,4,1,1,1,2,5,5,3,4,3,2,5,3,4,3,2,5,Machine Learning; Artificial Intelligence; Data Science; Web Development,Machine Learning Engineer
B.Sc Information Technology,Data Science,7.86,First Class,4,1,0,4,0,0,2,4,4,1,0,2,1,0,2,4,3,2,2,5,Data Analysis; Database Management; Software Development,Data Analyst
BCA,Data Science,8.98,Distinction,5,3,3,3,1,2,2,3,5,5,5,4,2,1,4,3,5,5,3,5,Machine Learning; Artificial Intelligence; Data Science; Web Development,Machine Learning Engineer
B.Sc Information Technology,Cloud & Security,6.06,Second Class,1,1,0,5,0,1,2,3,4,2,0,3,1,2,3,4,5,3,1,5,Data Analysis; Database Management,Data Analyst
B.Sc Information Technology,Cloud & Security,7.11,First Class,4,5,5,2,1,3,1,1,0,0,0,1,3,0,3,4,5,4,2,4,Software Development; Cloud Computing,Software Developer
B.Sc Information Technology,Information Technology,8.25,First Class,3,2,1,2,0,0,1,1,2,1,0,5,4,3,4,3,3,4,3,4,Cloud Computing; Machine Learning,Cloud Engineer
B.Sc Information Technology,Software Engineering,6.99,Second Class,3,1,2,2,0,3,0,1,1,1,1,5,4,4,4,2,4,4,2,4,Cloud Computing; Machine Learning; Software Development,Cloud Engineer
B.Sc Information Technology,Web Technologies,7.77,First Class,2,2,1,5,1,1,3,3,3,0,0,3,3,3,1,4,3,3,4,3,Database Management; Machine Learning,Database Administrator
B.Sc Information Technology,Software Engineering,7.45,First Class,4,2,0,4,1,2,2,3,4,5,5,3,1,2,4,4,5,3,2,5,Data Science; Artificial Intelligence; Machine Learning; Data Analysis,Data Scientist
B.Sc Information Technology,Data Science,7.06,First Class,1,2,3,4,0,2,0,0,2,0,0,3,4,5,1,4,4,2,3,5,Cybersecurity; Cloud Computing; Web Development; Database Management,Cybersecurity Analyst
B.Sc Information Technology,Information Technology,6.76,Second Class,5,4,4,3,1,3,1,1,2,1,0,1,3,3,4,4,5,4,3,3,Software Development; Data Analysis; Cybersecurity,Software Developer
B.Sc Information Technology,Cloud & Security,7.34,First Class,3,0,3,3,1,1,1,0,2,1,0,1,5,3,2,3,5,2,2,5,Cybersecurity; Cloud Computing; Data Analysis,Cybersecurity Analyst
B.Sc Information Technology,Web Technologies,7.66,First Class,3,4,3,4,2,3,1,1,1,1,0,1,2,1,4,3,5,4,3,4,Software Development; Data Science,Software Developer
B.Sc Information Technology,Web Technologies,7.7,First Class,2,3,0,5,1,0,3,2,2,0,0,2,3,3,2,3,4,3,3,4,Database Management,Database Administrator
B.Sc Computer Science,Cloud & Security,6.57,Second Class,3,3,3,3,2,4,1,1,2,2,0,2,2,2,4,2,4,4,3,3,Software Development; Data Analysis,Software Developer
B.Sc Information Technology,Software Engineering,8.14,First Class,3,1,0,5,1,1,3,4,2,2,1,2,0,0,2,3,3,3,2,5,Data Analysis; Database Management; Cloud Computing; Machine Learning,Data Analyst
B.Sc Computer Science,Web Technologies,6.95,Second Class,3,0,0,2,1,1,4,4,4,2,0,2,0,0,2,4,4,3,2,5,Data Analysis; Database Management; Machine Learning,Data Analyst
B.Sc Information Technology,Cloud & Security,6.84,Second Class,2,2,3,2,2,4,1,0,2,1,0,2,3,2,4,2,5,4,3,4,Software Development; Database Management,Software Developer
B.Sc Computer Science,Information Technology,7.0,First Class,4,3,2,2,1,2,2,2,4,5,5,2,3,2,4,3,5,4,3,5,Machine Learning; Artificial Intelligence; Data Science,Machine Learning Engineer
B.Sc Computer Science,Cloud & Security,8.64,Distinction,3,1,2,3,5,5,1,1,1,0,0,0,3,1,4,3,4,4,3,3,Web Development; Software Development; Artificial Intelligence,Web Developer
B.Sc Information Technology,Data Science,6.78,Second Class,2,2,1,5,0,1,3,2,1,1,1,4,3,3,3,2,4,2,3,5,Database Management; Data Science; Data Analysis,Database Administrator
B.Sc Information Technology,Information Technology,8.15,First Class,3,2,2,2,0,2,1,1,1,1,1,5,5,3,5,2,5,3,3,3,Cloud Computing; Machine Learning,Cloud Engineer
B.Sc Information Technology,Data Science,6.08,Second Class,3,2,1,2,1,2,1,0,1,1,0,5,3,2,4,4,4,3,3,4,Cloud Computing; Web Development; Cybersecurity,Cloud Engineer
B.Sc Information Technology,Data Science,7.2,First Class,3,2,0,4,1,1,3,2,2,0,0,3,3,3,3,2,4,3,3,3,Database Management,Database Administrator
B.Sc Information Technology,Software Engineering,5.89,Pass,2,2,1,4,1,1,3,2,2,0,1,3,1,3,4,3,4,2,3,4,Database Management; Cloud Computing,Database Administrator
B.Sc Information Technology,Web Technologies,7.87,First Class,4,2,0,4,1,1,3,3,4,5,4,3,1,2,4,4,4,3,3,4,Data Science; Artificial Intelligence; Machine Learning; Cloud Computing,Data Scientist
B.Sc Information Technology,Web Technologies,7.75,First Class,4,2,0,3,5,5,0,2,0,0,0,2,1,0,4,3,3,4,2,2,Web Development; Software Development; Data Analysis,Web Developer
B.Sc Information Technology,Web Technologies,8.09,First Class,4,1,3,4,1,2,0,2,5,5,3,5,2,2,4,3,5,4,3,4,Machine Learning; Artificial Intelligence; Data Science; Database Management,Machine Learning Engineer
B.Sc Information Technology,Information Technology,6.91,Second Class,1,0,0,4,1,1,4,4,3,1,0,2,0,1,1,4,4,3,3,5,Data Analysis; Database Management; Machine Learning; Cybersecurity,Data Analyst
B.Sc Information Technology,Software Engineering,6.22,Second Class,0,2,0,5,2,2,2,2,2,2,0,1,3,3,3,3,4,3,4,5,Database Management; Data Analysis,Database Administrator
B.Sc Computer Science,Cloud & Security,8.02,First Class,2,1,0,4,1,2,5,4,4,2,0,2,0,1,2,4,5,4,2,5,Data Analysis; Database Management; Artificial Intelligence; Web Development,Data Analyst
B.Sc Information Technology,Web Technologies,7.81,First Class,2,1,1,3,4,5,0,2,1,1,0,2,1,0,4,4,4,4,2,2,Web Development; Software Development; Artificial Intelligence; Cloud Computing,Web Developer
B.Sc Information Technology,Cloud & Security,9.26,Distinction,5,1,3,5,2,2,1,3,4,4,5,5,1,3,5,2,5,5,2,5,Machine Learning; Artificial Intelligence; Data Science; Cloud Computing,Machine Learning Engineer
B.Sc Computer Science,Information Technology,9.07,Distinction,4,1,1,4,2,2,0,0,2,2,0,3,4,5,2,2,4,3,2,5,Cybersecurity; Cloud Computing; Web Development; Data Science,Cybersecurity Analyst
B.Sc Computer Science,Information Technology,6.8,Second Class,2,2,1,1,4,5,0,0,1,1,0,3,2,2,4,3,3,4,2,3,Web Development; Software Development; Database Management; Cloud Computing,Web Developer
B.Sc Information Technology,Software Engineering,9.16,Distinction,5,1,1,5,1,1,3,2,5,5,5,2,1,1,5,3,4,3,4,5,Data Science; Artificial Intelligence; Machine Learning,Data Scientist
BCA,Cloud & Security,8.17,First Class,5,3,1,4,0,1,3,3,5,4,3,1,0,1,2,4,5,3,3,5,Data Science; Artificial Intelligence; Machine Learning; Cloud Computing,Data Scientist
B.Sc Information Technology,Software Engineering,7.9,First Class,3,1,0,4,1,0,4,4,2,2,1,1,1,0,2,4,4,4,3,5,Data Analysis; Database Management; Web Development,Data Analyst
B.Sc Information Technology,Web Technologies,7.9,First Class,2,2,0,2,1,2,1,0,2,1,0,4,3,3,4,2,5,3,3,3,Cloud Computing; Data Science,Cloud Engineer
B.Sc Information Technology,Information Technology,7.92,First Class,4,2,1,4,0,1,1,3,5,4,4,1,1,1,3,3,5,2,2,5,Data Science; Artificial Intelligence; Machine Learning; Data Analysis,Data Scientist
B.Sc Information Technology,Software Engineering,8.27,First Class,2,2,1,5,1,2,2,3,2,0,0,3,3,3,3,3,4,3,3,4,Database Management; Software Development,Database Administrator
BCA,Information Technology,6.72,Second Class,4,3,1,3,1,2,3,3,5,5,3,4,2,1,4,4,5,3,4,5,Data Science; Artificial Intelligence; Machine Learning; Cloud Computing,Data Scientist
B.Sc Information Technology,Data Science,5.5,Pass,2,3,1,2,5,4,1,1,1,1,0,2,2,2,3,3,4,4,2,3,Web Development; Software Development; Data Analysis; Cloud Computing,Web Developer
B.Sc Information Technology,Cloud & Security,6.55,Second Class,3,5,5,1,1,2,0,2,2,1,1,2,2,2,4,3,4,4,2,3,Software Development; Cybersecurity,Software Developer
B.Sc Information Technology,Software Engineering,8.04,First Class,5,1,1,3,1,0,3,2,5,5,3,3,0,1,3,4,5,4,3,5,Data Science; Artificial Intelligence; Machine Learning; Web Development,Data Scientist
B.Sc Information Technology,Information Technology,7.59,First Class,3,1,0,4,1,1,4,2,3,2,0,2,1,1,1,4,4,3,2,5,Data Analysis; Database Management; Software Development,Data Analyst
B.Sc Information Technology,Information Technology,7.31,First Class,5,2,0,3,2,0,2,4,5,4,2,1,0,2,4,4,5,3,2,5,Data Science; Artificial Intelligence; Machine Learning; Cybersecurity; Cloud Computing,Data Scientist
B.Sc Information Technology,Information Technology,7.56,First Class,3,4,4,2,2,3,1,1,0,1,0,2,2,1,4,2,5,4,3,5,Software Development; Data Science; Cloud Computing,Software Developer
BCA,Web Technologies,7.91,First Class,3,2,2,3,3,5,2,1,1,1,0,1,2,3,2,3,3,4,2,3,Web Development; Software Development,Web Developer
B.Sc Computer Science,Web Technologies,6.83,Second Class,4,3,5,4,3,1,2,2,3,1,0,1,3,0,4,4,5,3,4,5,Software Development,Software Developer
B.Sc Information Technology,Software Engineering,7.74,First Class,5,3,3,3,0,2,3,2,5,5,5,4,2,3,3,2,5,3,2,5,Machine Learning; Artificial Intelligence; Data Science,Machine Learning Engineer
BCA,Cloud & Security,7.21,First Class,1,2,2,5,1,0,3,1,2,1,0,4,3,3,2,4,3,4,3,3,Database Management; Machine Learning; Web Development,Database Administrator
B.Sc Information Technology,Information Technology,7.64,First Class,2,3,1,5,1,2,3,2,2,1,0,3,3,3,4,4,4,4,4,4,Database Management; Cloud Computing; Data Science,Database Administrator
B.Sc Information Technology,Data Science,7.58,First Class,4,2,1,2,2,2,1,1,1,1,0,5,4,3,4,2,4,3,4,4,Cloud Computing; Web Development; Database Management,Cloud Engineer
B.Sc Information Technology,Data Science,7.97,First Class,2,1,1,5,1,1,4,2,2,2,0,3,3,3,3,2,4,2,2,4,Database Management; Cloud Computing; Data Science,Database Administrator
B.Sc Information Technology,Software Engineering,7.12,First Class,4,2,2,3,0,2,2,2,5,5,5,5,1,2,4,3,4,5,2,5,Machine Learning; Artificial Intelligence; Data Science; Data Analysis; Database Management,Machine Learning Engineer
B.Sc Information Technology,Software Engineering,7.43,First Class,4,2,1,5,1,0,2,2,5,5,2,3,0,1,4,4,5,4,3,5,Data Science; Artificial Intelligence; Machine Learning; Software Development,Data Scientist
B.Sc Information Technology,Cloud & Security,9.87,Distinction,4,2,0,3,1,1,4,3,5,5,5,3,0,0,4,4,4,3,2,5,Data Science; Artificial Intelligence; Machine Learning,Data Scientist
B.Sc Information Technology,Web Technologies,7.54,First Class,3,0,2,2,4,5,2,1,0,1,0,2,1,2,5,3,3,5,2,4,Web Development; Software Development,Web Developer
B.Sc Information Technology,Data Science,7.99,First Class,3,3,3,3,2,3,0,0,3,1,1,3,5,5,2,3,5,3,3,5,Cybersecurity; Cloud Computing; Data Science,Cybersecurity Analyst
B.Sc Information Technology,Cloud & Security,8.12,First Class,3,2,1,4,1,1,3,3,4,5,4,2,0,1,4,3,5,3,2,5,Data Science; Artificial Intelligence; Machine Learning; Web Development,Data Scientist
B.Sc Information Technology,Software Engineering,6.79,Second Class,5,4,4,3,3,3,2,1,1,1,0,2,2,2,4,2,5,5,3,4,Software Development; Cybersecurity,Software Developer
B.Sc Information Technology,Web Technologies,5.89,Pass,4,3,1,3,0,2,1,1,0,1,0,4,4,3,4,3,3,4,2,5,Cloud Computing; Software Development,Cloud Engineer
B.Sc Information Technology,Software Engineering,7.79,First Class,3,2,4,4,1,0,1,1,2,0,0,1,5,5,2,3,4,4,4,5,Cybersecurity; Cloud Computing; Database Management,Cybersecurity Analyst
B.Sc Information Technology,Data Science,5.5,Pass,3,2,1,2,1,2,1,1,0,1,0,5,4,2,4,3,4,4,3,4,Cloud Computing; Machine Learning; Data Science,Cloud Engineer
B.Sc Information Technology,Information Technology,6.64,Second Class,1,1,0,5,2,0,2,2,2,2,0,4,4,4,2,3,5,4,3,4,Database Management; Artificial Intelligence,Database Administrator
B.Sc Information Technology,Data Science,5.87,Pass,3,4,4,3,2,3,2,2,2,1,0,3,2,1,4,2,5,4,3,3,Software Development; Data Science; Data Analysis,Software Developer
B.Sc Information Technology,Software Engineering,7.76,First Class,3,2,0,2,1,2,1,1,1,0,0,5,4,3,2,2,3,5,3,5,Cloud Computing; Machine Learning; Artificial Intelligence,Cloud Engineer
B.Sc Information Technology,Web Technologies,6.96,Second Class,3,3,3,2,2,3,2,1,2,1,0,2,0,0,3,2,5,4,4,5,Software Development; Web Development; Data Analysis,Software Developer
B.Sc Information Technology,Software Engineering,9.5,Distinction,3,2,1,3,5,4,1,1,1,0,1,2,2,2,3,3,4,5,1,4,Web Development; Software Development; Machine Learning; Data Analysis,Web Developer
B.Sc Information Technology,Data Science,8.44,First Class,4,3,1,4,0,2,2,2,4,5,4,2,3,2,4,2,4,5,3,5,Machine Learning; Artificial Intelligence; Data Science; Data Analysis; Cloud Computing,Machine Learning Engineer
B.Sc Information Technology,Software Engineering,8.21,First Class,4,1,0,4,1,1,2,3,4,1,0,2,1,0,1,5,5,3,2,5,Data Analysis; Database Management; Data Science,Data Analyst
B.Sc Information Technology,Data Science,8.14,First Class,5,4,4,3,0,2,1,2,3,5,4,4,2,3,5,3,5,4,3,5,Machine Learning; Artificial Intelligence; Data Science,Machine Learning Engineer
B.Sc Information Technology,Web Technologies,8.83,Distinction,3,2,1,3,5,4,0,0,1,1,0,2,2,2,2,2,4,4,2,3,Web Development; Software Development; Database Management,Web Developer
B.Sc Information Technology,Software Engineering,8.03,First Class,5,3,3,4,1,2,2,2,4,5,5,4,2,1,3,2,5,3,3,4,Machine Learning; Artificial Intelligence; Data Science; Cybersecurity,Machine Learning Engineer
B.Sc Information Technology,Software Engineering,5.62,Pass,2,2,1,5,0,1,4,1,2,1,0,2,4,3,3,3,4,3,3,4,Database Management; Artificial Intelligence,Database Administrator
B.Sc Information Technology,Data Science,8.36,First Class,5,3,3,4,2,3,1,0,2,1,0,1,3,2,4,4,5,4,4,4,Software Development; Cloud Computing,Software Developer
B.Sc Computer Science,Data Science,8.26,First Class,1,2,1,4,0,0,2,0,2,1,1,2,3,3,4,3,4,4,3,3,Database Management; Artificial Intelligence,Database Administrator
B.Sc Information Technology,Cloud & Security,7.66,First Class,5,1,1,4,2,1,3,3,5,4,4,3,0,2,4,5,5,3,4,5,Data Science; Artificial Intelligence; Machine Learning; Cloud Computing; Cybersecurity,Data Scientist
B.Sc Computer Science,Information Technology,7.73,First Class,3,3,0,2,0,2,0,2,1,0,0,5,3,2,4,2,4,4,3,4,Cloud Computing; Cybersecurity; Data Analysis,Cloud Engineer
B.Sc Information Technology,Information Technology,7.1,First Class,3,2,2,3,2,2,0,0,1,1,0,4,4,3,4,3,5,4,3,4,Cloud Computing; Software Development,Cloud Engineer
B.Sc Computer Science,Cloud & Security,8.22,First Class,3,2,1,3,5,5,1,0,1,1,0,2,1,1,5,3,4,4,2,3,Web Development; Software Development; Database Management,Web Developer
B.Sc Computer Science,Information Technology,7.7,First Class,3,4,4,1,2,3,0,1,1,1,0,2,2,2,2,4,5,3,4,4,Software Development; Cybersecurity,Software Developer
B.Sc Information Technology,Web Technologies,8.14,First Class,2,2,3,4,2,2,1,1,2,0,0,3,5,5,3,4,4,2,2,5,Cybersecurity; Cloud Computing; Artificial Intelligence,Cybersecurity Analyst
BCA,Information Technology,5.92,Pass,3,2,0,3,5,4,2,1,1,0,0,3,2,0,4,2,4,4,3,3,Web Development; Software Development,Web Developer
B.Sc Information Technology,Web Technologies,7.71,First Class,3,1,2,4,0,3,1,0,2,0,0,3,5,5,2,2,5,3,3,5,Cybersecurity; Cloud Computing; Software Development; Data Science,Cybersecurity Analyst
B.Sc Information Technology,Information Technology,8.1,First Class,2,2,2,2,2,1,1,1,2,1,1,3,5,5,3,3,5,3,4,4,Cybersecurity; Cloud Computing; Web Development; Software Development,Cybersecurity Analyst
B.Sc Information Technology,Web Technologies,8.62,Distinction,5,3,3,5,1,1,3,2,4,4,4,4,2,2,4,3,5,4,4,4,Machine Learning; Artificial Intelligence; Data Science; Cloud Computing; Software Development,Machine Learning Engineer
B.Sc Information Technology,Software Engineering,6.42,Second Class,2,1,3,1,2,3,0,1,2,1,0,1,5,5,2,4,5,3,3,5,Cybersecurity; Cloud Computing; Machine Learning,Cybersecurity Analyst
B.Sc Computer Science,Information Technology,6.62,Second Class,3,2,1,3,1,2,1,0,0,0,0,5,4,4,4,4,4,4,3,5,Cloud Computing; Data Science; Data Analysis,Cloud Engineer
B.Sc Information Technology,Cloud & Security,7.17,First Class,3,2,1,3,5,5,1,1,1,1,0,2,2,2,4,4,4,5,1,3,Web Development; Software Development; Cloud Computing,Web Developer
B.Sc Information Technology,Information Technology,6.66,Second Class,4,0,0,5,1,2,2,4,4,5,4,3,1,0,3,4,5,3,3,5,Data Science; Artificial Intelligence; Machine Learning,Data Scientist
B.Sc Information Technology,Cloud & Security,6.28,Second Class,3,2,0,4,1,1,4,4,4,1,0,2,1,0,1,4,4,3,3,5,Data Analysis; Database Management; Software Development,Data Analyst
B.Sc Information Technology,Web Technologies,6.75,Second Class,3,0,0,5,0,0,2,5,4,2,0,1,1,1,1,4,5,2,2,5,Data Analysis; Database Management,Data Analyst
B.Sc Information Technology,Information Technology,7.46,First Class,2,1,1,5,0,1,2,1,2,1,0,3,2,1,2,2,3,4,3,3,Database Management,Database Administrator
B.Sc Information Technology,Data Science,6.65,Second Class,2,5,4,3,2,3,1,1,2,1,1,1,2,1,4,3,5,3,2,4,Software Development; Cybersecurity,Software Developer
B.Sc Information Technology,Web Technologies,6.73,Second Class,4,2,2,2,2,3,1,0,1,2,1,4,4,3,4,4,5,5,2,3,Cloud Computing,Cloud Engineer
B.Sc Information Technology,Data Science,7.01,First Class,1,0,0,2,0,1,4,5,4,2,0,2,1,0,2,4,4,3,2,5,Data Analysis; Database Management; Cybersecurity; Web Development,Data Analyst
B.Sc Information Technology,Software Engineering,7.11,First Class,3,0,1,2,1,1,1,2,0,1,0,4,4,3,4,4,5,5,3,4,Cloud Computing; Database Management,Cloud Engineer
B.Sc Information Technology,Data Science,6.58,Second Class,4,4,4,4,1,3,1,1,0,1,0,1,0,2,4,4,4,4,3,4,Software Development; Database Management; Cybersecurity,Software Developer
B.Sc Information Technology,Web Technologies,9.06,Distinction,3,3,3,2,1,2,2,2,4,3,5,3,2,2,3,3,4,4,3,5,Machine Learning; Artificial Intelligence; Data Science,Machine Learning Engineer
B.Sc Information Technology,Data Science,6.06,Second Class,3,1,1,5,1,1,4,3,2,0,0,2,3,4,3,3,4,3,3,4,Database Management; Data Analysis,Database Administrator
B.Sc Information Technology,Information Technology,6.55,Second Class,3,0,0,3,1,1,4,2,3,2,0,0,0,2,2,4,4,3,2,5,Data Analysis; Database Management,Data Analyst
B.Sc Information Technology,Data Science,7.82,First Class,2,1,2,3,2,2,1,1,2,0,0,3,5,5,3,4,5,3,4,5,Cybersecurity; Cloud Computing; Data Analysis,Cybersecurity Analyst
B.Sc Information Technology,Web Technologies,7.82,First Class,5,2,3,2,1,2,3,2,4,5,5,4,1,2,4,2,5,4,2,5,Machine Learning; Artificial Intelligence; Data Science,Machine Learning Engineer
BCA,Information Technology,7.5,First Class,5,2,1,3,1,1,2,3,5,5,3,4,1,1,3,4,5,3,3,5,Data Science; Artificial Intelligence; Machine Learning; Data Analysis; Web Development,Data Scientist
B.Sc Information Technology,Cloud & Security,7.73,First Class,2,1,0,4,0,1,2,4,4,1,0,2,2,2,0,4,4,3,2,5,Data Analysis; Database Management; Cybersecurity; Web Development,Data Analyst
B.Sc Information Technology,Web Technologies,8.03,First Class,1,1,0,1,0,2,1,0,1,0,0,5,5,3,3,4,4,4,4,5,Cloud Computing; Data Analysis,Cloud Engineer
B.Sc Computer Science,Data Science,8.81,Distinction,5,3,4,3,1,2,2,3,4,3,4,4,1,1,4,3,5,4,3,4,Machine Learning; Artificial Intelligence; Data Science; Database Management,Machine Learning Engineer
B.Sc Information Technology,Web Technologies,5.5,Pass,3,1,3,4,2,0,1,0,0,0,0,3,5,5,3,2,4,3,3,4,Cybersecurity; Cloud Computing; Artificial Intelligence; Web Development,Cybersecurity Analyst
B.Sc Information Technology,Data Science,7.09,First Class,3,3,1,3,5,4,1,1,0,0,1,2,1,1,4,2,3,4,2,3,Web Development; Software Development,Web Developer
B.Sc Information Technology,Cloud & Security,7.49,First Class,4,4,4,2,2,3,0,1,1,1,0,2,1,1,4,3,4,3,3,4,Software Development,Software Developer
B.Sc Information Technology,Software Engineering,6.57,Second Class,3,2,1,3,2,1,1,0,2,0,0,4,5,4,3,4,5,3,3,5,Cybersecurity; Cloud Computing; Database Management; Web Development,Cybersecurity Analyst
B.Sc Information Technology,Software Engineering,5.55,Pass,3,0,0,3,1,1,4,4,5,2,0,2,1,1,2,4,4,3,3,5,Data Analysis; Database Management; Data Science,Data Analyst
B.Sc Information Technology,Information Technology,7.73,First Class,4,1,2,4,0,1,3,1,5,5,4,3,1,0,3,4,5,2,3,5,Data Science; Artificial Intelligence; Machine Learning,Data Scientist
B.Sc Information Technology,Data Science,7.57,First Class,4,1,3,3,1,3,1,0,2,1,0,4,4,4,2,2,5,4,2,5,Cybersecurity; Cloud Computing; Database Management,Cybersecurity Analyst
B.Sc Information Technology,Data Science,8.21,First Class,3,4,4,2,1,3,0,0,2,1,0,3,1,2,4,3,5,5,3,4,Software Development,Software Developer
B.Sc Information Technology,Software Engineering,7.89,First Class,3,2,2,4,5,5,1,0,1,2,0,2,2,2,4,3,4,4,3,4,Web Development; Software Development,Web Developer
B.Sc Information Technology,Information Technology,6.09,Second Class,3,2,3,3,2,2,0,1,3,1,1,1,5,5,3,4,5,3,3,5,Cybersecurity; Cloud Computing; Software Development; Web Development,Cybersecurity Analyst
B.Sc Information Technology,Web Technologies,7.85,First Class,3,2,2,3,3,2,1,0,2,1,0,1,2,0,4,3,5,4,4,4,Software Development,Software Developer
B.Sc Information Technology,Cloud & Security,7.21,First Class,2,2,1,2,5,5,2,1,1,0,0,2,3,1,3,2,4,3,2,3,Web Development; Software Development,Web Developer
B.Sc Information Technology,Software Engineering,7.52,First Class,2,0,3,1,2,2,1,1,3,1,1,2,5,5,4,2,5,2,4,5,Cybersecurity; Cloud Computing; Database Management; Data Analysis,Cybersecurity Analyst
B.Sc Computer Science,Web Technologies,7.24,First Class,3,2,1,2,0,2,1,0,1,1,0,4,5,3,4,3,4,5,3,4,Cloud Computing; Data Analysis,Cloud Engineer
B.Sc Information Technology,Cloud & Security,7.02,First Class,5,4,1,3,2,0,2,3,5,5,5,3,2,2,4,4,5,4,2,4,Machine Learning; Artificial Intelligence; Data Science; Cybersecurity,Machine Learning Engineer
B.Sc Information Technology,Cloud & Security,7.77,First Class,5,2,4,2,1,2,1,0,2,1,0,1,2,2,5,4,5,4,4,5,Software Development; Web Development; Cloud Computing,Software Developer
BCA,Cloud & Security,5.73,Pass,3,2,2,3,2,2,1,0,2,1,1,3,4,5,2,2,5,4,2,4,Cybersecurity; Cloud Computing; Data Analysis,Cybersecurity Analyst
B.Sc Information Technology,Data Science,5.5,Pass,3,2,0,3,3,5,0,0,2,1,0,2,1,1,2,3,5,4,2,3,Web Development; Software Development; Data Analysis,Web Developer
B.Sc Information Technology,Information Technology,7.24,First Class,2,2,0,4,5,5,1,1,1,1,0,2,2,2,4,2,3,5,2,4,Web Development; Software Development,Web Developer
BCA,Web Technologies,5.59,Pass,4,4,4,3,2,1,2,2,1,0,0,2,2,2,4,3,5,4,3,4,Software Development; Data Analysis,Software Developer
B.Sc Information Technology,Data Science,8.85,Distinction,5,2,0,4,0,1,4,4,5,4,4,1,2,1,4,4,5,3,4,5,Data Science; Artificial Intelligence; Machine Learning; Cybersecurity,Data Scientist
B.Sc Information Technology,Information Technology,7.0,First Class,1,0,0,2,0,2,1,1,1,0,0,4,4,2,4,3,4,4,3,5,Cloud Computing,Cloud Engineer
B.Sc Information Technology,Software Engineering,5.5,Pass,3,2,0,3,4,3,2,1,1,1,0,3,1,2,4,4,4,4,2,3,Web Development; Software Development; Data Science,Web Developer
B.Sc Computer Science,Web Technologies,6.57,Second Class,2,2,2,5,0,1,1,1,1,1,0,3,2,3,4,4,4,3,3,4,Database Management; Data Science,Database Administrator
B.Sc Information Technology,Data Science,6.62,Second Class,3,0,4,2,2,3,1,1,2,1,0,3,5,5,3,4,5,4,3,5,Cybersecurity; Cloud Computing; Data Analysis,Cybersecurity Analyst
B.Sc Information Technology,Cloud & Security,5.86,Pass,4,3,4,3,2,1,1,0,2,1,0,3,3,2,3,3,5,3,4,3,Software Development,Software Developer
B.Sc Information Technology,Cloud & Security,7.62,First Class,3,1,0,2,1,1,1,1,0,1,0,3,5,3,4,4,5,4,4,5,Cloud Computing,Cloud Engineer
B.Sc Information Technology,Cloud & Security,6.9,Second Class,2,2,1,5,1,0,3,2,1,1,0,3,4,2,3,3,3,4,3,5,Database Management,Database Administrator
B.Sc Information Technology,Software Engineering,7.9,First Class,3,2,1,4,1,1,2,3,5,5,5,4,1,1,4,5,5,3,3,5,Data Science; Artificial Intelligence; Machine Learning; Cybersecurity,Data Scientist
B.Sc Computer Science,Data Science,6.2,Second Class,1,1,3,2,2,2,1,1,1,1,0,3,5,5,2,3,5,3,2,5,Cybersecurity; Cloud Computing,Cybersecurity Analyst
BCA,Web Technologies,8.3,First Class,4,4,5,3,2,4,1,1,2,0,0,1,3,2,3,3,5,3,3,4,Software Development; Machine Learning,Software Developer
B.Sc Computer Science,Cloud & Security,6.78,Second Class,2,2,0,2,1,2,0,1,0,1,0,5,5,3,5,2,5,3,3,4,Cloud Computing; Artificial Intelligence; Data Analysis,Cloud Engineer
B.Sc Information Technology,Information Technology,5.91,Pass,3,2,1,3,0,2,1,0,1,1,0,5,3,3,4,3,4,3,3,5,Cloud Computing; Artificial Intelligence; Cybersecurity,Cloud Engineer
B.Sc Computer Science,Data Science,6.01,Second Class,2,1,1,4,5,5,1,1,2,1,0,1,3,2,4,2,4,5,3,2,Web Development; Software Development; Data Analysis,Web Developer
B.Sc Information Technology,Software Engineering,7.68,First Class,3,0,4,3,2,2,0,0,1,1,0,3,5,5,2,2,5,3,3,5,Cybersecurity; Cloud Computing; Web Development,Cybersecurity Analyst
B.Sc Information Technology,Web Technologies,5.89,Pass,3,3,0,1,1,1,0,1,1,1,0,5,4,4,4,2,5,3,3,3,Cloud Computing; Software Development; Cybersecurity,Cloud Engineer
B.Sc Information Technology,Web Technologies,7.01,First Class,3,4,5,4,0,3,1,0,2,1,1,0,1,2,4,4,4,4,3,3,Software Development; Artificial Intelligence,Software Developer
B.Sc Information Technology,Data Science,6.5,Second Class,5,2,0,3,1,0,1,3,5,5,3,3,2,1,4,4,5,2,3,5,Data Science; Artificial Intelligence; Machine Learning; Software Development; Database Management,Data Scientist
B.Sc Information Technology,Software Engineering,6.44,Second Class,2,2,1,5,1,0,3,1,2,0,0,3,3,3,4,3,3,4,3,4,Database Management; Cybersecurity; Data Analysis,Database Administrator
B.Sc Information Technology,Information Technology,6.29,Second Class,3,0,2,3,5,5,1,1,2,0,1,1,1,2,5,3,3,4,2,3,Web Development; Software Development; Database Management; Data Science,Web Developer
B.Sc Information Technology,Cloud & Security,7.3,First Class,5,3,2,4,0,2,3,2,3,5,4,2,2,2,3,3,4,5,2,5,Machine Learning; Artificial Intelligence; Data Science,Machine Learning Engineer
B.Sc Information Technology,Software Engineering,6.5,Second Class,3,2,1,3,5,5,1,1,1,1,0,2,2,2,4,3,5,4,1,4,Web Development; Software Development; Cloud Computing,Web Developer
B.Sc Information Technology,Web Technologies,7.81,First Class,4,3,4,3,2,3,1,2,2,0,0,2,2,3,4,3,5,3,3,5,Software Development; Cloud Computing,Software Developer
B.Sc Information Technology,Information Technology,6.38,Second Class,4,3,3,3,1,3,0,0,1,2,0,2,1,2,4,3,4,5,3,5,Software Development,Software Developer
B.Sc Information Technology,Cloud & Security,6.82,Second Class,5,2,0,4,0,0,3,3,4,5,2,2,1,0,4,3,5,2,2,5,Data Science; Artificial Intelligence; Machine Learning; Web Development; Database Management,Data Scientist
BCA,Web Technologies,8.06,First Class,3,2,3,5,2,2,2,3,4,5,5,4,1,3,4,3,5,3,3,4,Machine Learning; Artificial Intelligence; Data Science,Machine Learning Engineer
B.Sc Computer Science,Cloud & Security,6.98,Second Class,1,2,0,4,1,0,4,1,2,1,1,3,4,4,2,3,3,3,3,4,Database Management; Data Analysis; Cloud Computing,Database Administrator
B.Sc Information Technology,Web Technologies,7.29,First Class,4,1,0,3,1,1,5,4,5,2,0,3,1,1,2,3,4,3,2,5,Data Analysis; Database Management; Cloud Computing,Data Analyst
B.Sc Information Technology,Information Technology,7.64,First Class,3,3,0,3,1,2,1,1,1,1,0,3,4,3,4,3,4,4,3,4,Cloud Computing,Cloud Engineer
B.Sc Information Technology,Cloud & Security,7.82,First Class,3,3,3,4,2,1,3,2,3,5,5,2,1,2,4,4,5,4,3,5,Machine Learning; Artificial Intelligence; Data Science; Cybersecurity; Data Analysis,Machine Learning Engineer
B.Sc Information Technology,Web Technologies,6.36,Second Class,5,2,0,4,1,1,3,3,3,5,2,3,1,1,3,4,5,3,3,5,Data Science; Artificial Intelligence; Machine Learning,Data Scientist
B.Sc Information Technology,Cloud & Security,9.9,Distinction,5,2,1,4,0,1,1,2,5,3,3,2,2,1,2,4,5,3,3,5,Data Science; Artificial Intelligence; Machine Learning; Data Analysis,Data Scientist
B.Sc Computer Science,Software Engineering,6.95,Second Class,5,2,1,4,1,2,3,4,5,4,4,2,1,1,4,3,4,3,4,5,Data Science; Artificial Intelligence; Machine Learning; Software Development,Data Scientist
B.Sc Information Technology,Software Engineering,7.59,First Class,3,2,2,3,3,2,0,1,2,0,1,3,5,5,2,2,5,4,3,5,Cybersecurity; Cloud Computing; Software Development; Machine Learning,Cybersecurity Analyst
B.Sc Information Technology,Software Engineering,5.95,Pass,4,2,3,3,2,3,0,0,1,1,0,2,5,5,3,4,5,3,3,5,Cybersecurity; Cloud Computing; Artificial Intelligence,Cybersecurity Analyst
B.Sc Information Technology,Software Engineering,6.88,Second Class,2,0,3,4,1,2,0,1,2,1,1,3,5,4,4,4,4,3,4,4,Cybersecurity; Cloud Computing; Database Management,Cybersecurity Analyst
B.Sc Information Technology,Information Technology,5.5,Pass,3,2,1,3,4,5,2,2,1,1,1,2,2,1,5,3,4,3,2,3,Web Development; Software Development; Machine Learning,Web Developer
B.Sc Information Technology,Web Technologies,7.18,First Class,5,3,4,4,2,2,1,1,4,5,5,4,2,2,4,3,5,4,2,5,Machine Learning; Artificial Intelligence; Data Science; Web Development,Machine Learning Engineer
B.Sc Computer Science,Web Technologies,6.85,Second Class,4,2,1,2,1,1,0,1,1,0,0,4,4,3,3,3,4,3,3,3,Cloud Computing; Machine Learning,Cloud Engineer
B.Sc Information Technology,Data Science,5.95,Pass,3,2,1,2,1,1,1,1,0,1,0,5,5,2,4,2,4,4,2,4,Cloud Computing; Cybersecurity; Data Science,Cloud Engineer
B.Sc Information Technology,Cloud & Security,8.44,First Class,4,1,3,2,3,1,0,1,1,0,0,3,4,5,3,3,5,2,3,5,Cybersecurity; Cloud Computing,Cybersecurity Analyst
B.Sc Information Technology,Cloud & Security,6.31,Second Class,4,3,4,2,2,3,1,1,1,0,1,1,0,3,4,3,4,4,3,4,Software Development,Software Developer
B.Sc Information Technology,Data Science,6.79,Second Class,3,1,1,3,4,5,0,1,1,1,0,2,0,2,4,3,5,5,2,3,Web Development; Software Development,Web Developer
B.Sc Information Technology,Web Technologies,8.98,Distinction,5,2,1,5,1,1,3,3,5,5,3,3,1,2,4,5,5,4,2,5,Data Science; Artificial Intelligence; Machine Learning; Database Management; Data Analysis,Data Scientist
B.Sc Computer Science,Web Technologies,7.36,First Class,2,2,3,2,1,2,2,1,2,1,0,4,5,5,4,4,4,3,3,5,Cybersecurity; Cloud Computing; Web Development,Cybersecurity Analyst
B.Sc Information Technology,Cloud & Security,9.26,Distinction,5,1,1,4,0,1,1,4,5,5,4,3,1,1,2,3,5,3,4,4,Data Science; Artificial Intelligence; Machine Learning; Database Management; Cloud Computing,Data Scientist
B.Sc Information Technology,Information Technology,5.92,Pass,4,5,4,3,2,3,0,1,2,1,0,2,0,0,4,3,5,4,3,4,Software Development; Machine Learning,Software Developer
B.Sc Computer Science,Cloud & Security,7.81,First Class,2,2,2,5,1,0,3,2,2,1,1,2,3,3,3,4,4,2,3,4,Database Management; Web Development; Artificial Intelligence,Database Administrator
B.Sc Information Technology,Cloud & Security,7.17,First Class,2,2,1,5,1,2,1,2,3,1,0,2,3,3,3,2,3,3,3,5,Database Management; Data Science; Data Analysis,Database Administrator
B.Sc Information Technology,Software Engineering,7.35,First Class,4,3,4,3,2,0,1,0,3,1,0,3,5,5,3,3,5,3,4,5,Cybersecurity; Cloud Computing; Data Analysis; Machine Learning,Cybersecurity Analyst
B.Sc Information Technology,Information Technology,6.83,Second Class,4,2,2,2,0,2,1,1,1,0,0,5,4,3,5,3,3,5,3,4,Cloud Computing,Cloud Engineer
B.Sc Information Technology,Web Technologies,7.05,First Class,3,3,4,3,1,0,0,1,0,1,0,1,5,5,4,4,4,3,2,5,Cybersecurity; Cloud Computing; Software Development,Cybersecurity Analyst
BCA,Data Science,7.47,First Class,3,0,0,5,0,0,4,4,4,2,0,2,1,0,2,4,4,2,2,5,Data Analysis; Database Management; Machine Learning; Web Development,Data Analyst
B.Sc Information Technology,Cloud & Security,8.59,Distinction,4,3,3,3,2,3,1,0,2,0,0,3,2,0,3,3,5,4,3,4,Software Development; Cybersecurity,Software Developer
B.Sc Information Technology,Information Technology,6.38,Second Class,5,3,2,3,1,2,0,1,4,4,5,2,3,2,4,3,5,4,2,4,Machine Learning; Artificial Intelligence; Data Science; Web Development,Machine Learning Engineer
BCA,Information Technology,6.71,Second Class,3,2,2,5,1,1,3,1,2,0,0,4,1,3,3,3,4,3,3,3,Database Management; Data Analysis,Database Administrator
B.Sc Information Technology,Cloud & Security,8.18,First Class,5,1,1,3,1,1,4,4,5,5,5,3,0,1,4,4,4,2,3,5,Data Science; Artificial Intelligence; Machine Learning,Data Scientist
B.Sc Information Technology,Data Science,6.24,Second Class,3,4,4,2,3,1,2,2,2,1,0,2,2,2,4,3,5,3,3,4,Software Development; Data Science; Cloud Computing,Software Developer
B.Sc Information Technology,Web Technologies,6.42,Second Class,3,2,1,4,5,5,1,2,0,0,0,3,1,3,3,2,3,4,3,3,Web Development; Software Development; Data Analysis,Web Developer
B.Sc Information Technology,Web Technologies,7.79,First Class,3,2,3,2,1,2,2,1,2,0,0,3,5,5,3,2,5,2,3,4,Cybersecurity; Cloud Computing; Machine Learning,Cybersecurity Analyst
B.Sc Information Technology,Information Technology,7.88,First Class,5,1,1,5,1,0,3,4,5,5,5,4,1,1,4,4,5,3,3,4,Data Science; Artificial Intelligence; Machine Learning; Cloud Computing,Data Scientist
B.Sc Information Technology,Information Technology,7.31,First Class,1,3,1,5,1,0,3,2,2,1,0,3,4,4,3,2,3,4,4,5,Database Management; Machine Learning,Database Administrator
B.Sc Information Technology,Web Technologies,8.27,First Class,3,0,1,2,0,2,0,1,1,0,1,4,4,3,4,4,5,5,3,4,Cloud Computing; Data Science; Web Development,Cloud Engineer
B.Sc Information Technology,Web Technologies,7.04,First Class,4,1,1,4,5,5,2,1,0,1,0,2,2,2,4,2,4,4,3,3,Web Development; Software Development; Data Analysis; Cloud Computing,Web Developer
B.Sc Information Technology,Software Engineering,8.76,Distinction,3,0,3,3,3,2,1,0,2,0,1,2,5,3,3,3,5,2,3,5,Cybersecurity; Cloud Computing; Software Development; Database Management,Cybersecurity Analyst
B.Sc Information Technology,Cloud & Security,8.08,First Class,2,1,1,4,5,5,1,1,0,2,0,2,3,0,5,3,4,3,3,4,Web Development; Software Development,Web Developer
B.Sc Information Technology,Data Science,6.99,Second Class,5,3,3,4,1,2,2,2,3,4,5,2,2,2,4,3,5,4,4,5,Machine Learning; Artificial Intelligence; Data Science; Data Analysis,Machine Learning Engineer
BCA,Information Technology,7.33,First Class,3,2,3,1,1,1,1,1,2,0,0,1,3,3,4,3,5,2,4,5,Cybersecurity; Cloud Computing; Software Development,Cybersecurity Analyst
B.Sc Information Technology,Data Science,6.93,Second Class,3,2,0,5,1,1,3,1,2,1,0,3,3,2,3,3,4,4,3,4,Database Management,Database Administrator
B.Sc Information Technology,Cloud & Security,8.07,First Class,4,3,3,3,1,0,3,2,5,5,3,4,2,3,5,3,5,5,4,5,Machine Learning; Artificial Intelligence; Data Science; Software Development,Machine Learning Engineer
B.Sc Computer Science,Web Technologies,7.28,First Class,3,3,1,3,4,4,0,1,2,1,0,1,2,2,4,3,4,4,1,2,Web Development; Software Development; Machine Learning,Web Developer
B.Sc Information Technology,Information Technology,6.4,Second Class,2,1,1,4,2,0,4,4,4,0,0,1,1,1,2,3,5,3,2,4,Data Analysis; Database Management; Cybersecurity,Data Analyst
B.Sc Information Technology,Data Science,7.33,First Class,3,1,0,4,1,1,4,2,4,2,0,3,1,0,0,4,3,3,3,5,Data Analysis; Database Management; Artificial Intelligence,Data Analyst
B.Sc Computer Science,Data Science,7.18,First Class,3,2,1,2,0,1,0,1,1,2,0,3,5,4,3,3,5,2,3,5,Cybersecurity; Cloud Computing; Data Analysis,Cybersecurity Analyst
B.Sc Information Technology,Cloud & Security,7.74,First Class,2,1,3,3,1,2,0,1,2,1,0,4,5,5,1,3,5,4,3,5,Cybersecurity; Cloud Computing,Cybersecurity Analyst
B.Sc Information Technology,Software Engineering,7.23,First Class,2,0,1,3,1,2,0,2,3,0,0,2,5,5,3,3,5,3,4,5,Cybersecurity; Cloud Computing,Cybersecurity Analyst
B.Sc Information Technology,Web Technologies,6.65,Second Class,2,2,1,2,0,2,0,1,2,1,0,5,3,3,4,3,3,3,4,5,Cloud Computing; Cybersecurity,Cloud Engineer
B.Sc Information Technology,Data Science,6.77,Second Class,4,2,2,0,0,0,1,0,0,0,0,5,2,3,3,3,5,5,3,4,Cloud Computing; Database Management; Cybersecurity,Cloud Engineer
B.Sc Information Technology,Cloud & Security,5.74,Pass,4,3,3,4,2,1,2,2,3,5,5,5,3,2,4,3,5,4,3,5,Machine Learning; Artificial Intelligence; Data Science; Cybersecurity; Web Development,Machine Learning Engineer
B.Sc Computer Science,Web Technologies,7.83,First Class,4,2,2,4,2,2,1,2,3,3,5,5,3,2,3,3,4,4,3,5,Machine Learning; Artificial Intelligence; Data Science; Software Development,Machine Learning Engineer
B.Sc Information Technology,Information Technology,7.03,First Class,3,2,1,1,1,1,0,2,1,0,0,5,4,1,4,3,5,3,3,4,Cloud Computing; Data Analysis,Cloud Engineer
B.Sc Information Technology,Information Technology,6.01,Second Class,3,2,1,4,1,2,1,1,1,0,1,4,4,3,3,3,5,3,2,5,Cybersecurity; Cloud Computing; Machine Learning,Cybersecurity Analyst
B.Sc Computer Science,Cloud & Security,8.98,Distinction,4,3,1,4,1,1,3,3,4,4,4,4,1,2,4,4,4,2,3,4,Data Science; Artificial Intelligence; Machine Learning; Cloud Computing,Data Scientist
B.Sc Information Technology,Data Science,7.53,First Class,3,1,2,3,4,5,0,1,2,2,0,2,2,1,5,3,4,5,1,3,Web Development; Software Development; Database Management; Data Analysis,Web Developer
B.Sc Information Technology,Data Science,7.56,First Class,3,2,1,3,4,4,1,1,1,0,0,2,2,1,4,4,4,4,2,3,Web Development; Software Development; Data Analysis,Web Developer
B.Sc Information Technology,Information Technology,9.9,Distinction,3,1,1,3,3,3,1,2,0,1,0,2,4,5,3,4,4,3,3,5,Cybersecurity; Cloud Computing; Artificial Intelligence,Cybersecurity Analyst
B.Sc Information Technology,Software Engineering,6.48,Second Class,4,4,3,3,2,3,1,0,2,2,0,2,2,2,3,3,5,5,2,5,Software Development; Machine Learning,Software Developer
B.Sc Computer Science,Software Engineering,7.43,First Class,2,4,4,1,2,2,2,2,2,2,0,2,2,2,3,3,5,3,3,4,Software Development,Software Developer
BCA,Web Technologies,8.47,First Class,5,1,3,4,1,2,2,2,5,4,5,4,1,3,2,2,5,4,3,5,Machine Learning; Artificial Intelligence; Data Science; Cloud Computing,Machine Learning Engineer
B.Sc Information Technology,Information Technology,8.15,First Class,3,2,3,2,1,2,0,0,3,0,0,4,5,5,4,4,5,3,3,5,Cybersecurity; Cloud Computing; Software Development; Web Development,Cybersecurity Analyst
B.Sc Computer Science,Software Engineering,8.27,First Class,1,1,0,4,1,1,5,4,3,0,1,0,2,1,3,4,5,3,2,5,Data Analysis; Database Management; Machine Learning,Data Analyst
B.Sc Information Technology,Information Technology,7.96,First Class,1,2,1,3,5,5,0,2,2,1,1,0,2,1,3,3,4,4,2,3,Web Development; Software Development,Web Developer
BCA,Data Science,6.8,Second Class,2,2,0,4,1,2,5,2,4,1,0,1,1,1,1,4,4,3,2,4,Data Analysis; Database Management; Artificial Intelligence,Data Analyst
B.Sc Information Technology,Web Technologies,8.06,First Class,5,2,0,3,1,1,3,1,5,5,3,3,1,1,4,4,5,3,3,5,Data Science; Artificial Intelligence; Machine Learning,Data Scientist
B.Sc Information Technology,Data Science,8.82,Distinction,5,3,3,5,0,1,2,2,5,5,4,4,2,1,4,3,5,4,2,5,Machine Learning; Artificial Intelligence; Data Science,Machine Learning Engineer
B.Sc Information Technology,Web Technologies,7.91,First Class,3,1,0,2,1,1,4,3,4,3,0,0,1,0,1,5,3,3,2,5,Data Analysis; Database Management; Cloud Computing,Data Analyst
B.Sc Information Technology,Software Engineering,6.38,Second Class,0,1,1,4,0,1,3,3,2,2,0,2,2,2,3,3,5,4,3,4,Database Management,Database Administrator
B.Sc Information Technology,Information Technology,7.04,First Class,3,2,1,3,2,3,0,1,1,1,0,3,4,4,4,3,3,4,3,5,Cloud Computing,Cloud Engineer
B.Sc Information Technology,Web Technologies,6.71,Second Class,1,1,1,5,1,1,2,2,2,1,1,3,3,2,2,3,4,3,3,4,Database Management; Data Science; Data Analysis,Database Administrator
B.Sc Information Technology,Information Technology,8.66,Distinction,5,2,4,4,1,1,1,2,5,5,5,4,3,2,3,3,5,5,3,5,Machine Learning; Artificial Intelligence; Data Science,Machine Learning Engineer
B.Sc Information Technology,Cloud & Security,7.58,First Class,5,3,3,3,1,1,2,3,4,5,4,4,2,0,4,3,4,4,3,4,Machine Learning; Artificial Intelligence; Data Science; Data Analysis,Machine Learning Engineer
B.Sc Information Technology,Information Technology,7.09,First Class,2,2,1,3,5,4,1,1,0,1,0,0,1,3,3,3,5,4,2,4,Web Development; Software Development; Artificial Intelligence,Web Developer
B.Sc Computer Science,Software Engineering,8.09,First Class,5,2,1,5,0,1,3,3,5,3,4,3,0,1,4,4,5,3,3,5,Data Science; Artificial Intelligence; Machine Learning; Cybersecurity,Data Scientist
B.Sc Information Technology,Web Technologies,7.91,First Class,3,2,1,4,1,1,4,2,5,5,4,3,1,1,4,5,5,3,2,5,Data Science; Artificial Intelligence; Machine Learning; Software Development; Cybersecurity,Data Scientist
B.Sc Information Technology,Information Technology,6.48,Second Class,3,1,2,3,2,2,0,1,2,1,0,3,5,5,4,4,5,2,3,4,Cybersecurity; Cloud Computing; Web Development,Cybersecurity Analyst
B.Sc Information Technology,Cloud & Security,6.96,Second Class,2,5,4,3,2,2,2,2,2,2,0,3,2,2,3,3,5,5,4,3,Software Development,Software Developer
B.Sc Information Technology,Information Technology,6.68,Second Class,3,2,0,2,4,5,1,0,1,1,0,1,2,2,5,3,3,3,2,3,Web Development; Software Development; Artificial Intelligence; Database Management,Web Developer
B.Sc Information Technology,Data Science,7.5,First Class,5,2,2,4,1,2,2,2,2,5,5,5,3,1,5,4,5,4,4,5,Machine Learning; Artificial Intelligence; Data Science; Data Analysis; Cybersecurity,Machine Learning Engineer
B.Sc Information Technology,Information Technology,8.25,First Class,2,2,2,3,3,5,0,1,0,2,0,0,2,1,4,4,3,4,3,3,Web Development; Software Development; Machine Learning; Cybersecurity,Web Developer
B.Sc Computer Science,Data Science,7.98,First Class,4,2,0,4,1,1,3,2,5,4,4,3,1,0,4,4,4,3,4,5,Data Science; Artificial Intelligence; Machine Learning; Cloud Computing,Data Scientist
B.Sc Computer Science,Cloud & Security,8.16,First Class,2,1,0,1,5,3,0,0,2,1,0,2,2,2,4,3,5,4,2,3,Web Development; Software Development; Cybersecurity; Machine Learning,Web Developer
B.Sc Information Technology,Information Technology,7.84,First Class,3,0,0,4,1,1,3,3,4,2,0,2,2,1,2,4,4,3,2,5,Data Analysis; Database Management; Software Development,Data Analyst
B.Sc Information Technology,Software Engineering,7.27,First Class,5,2,1,3,1,0,2,4,5,5,3,3,0,0,2,4,5,2,3,5,Data Science; Artificial Intelligence; Machine Learning; Software Development,Data Scientist
B.Sc Information Technology,Web Technologies,7.24,First Class,2,2,2,3,5,5,0,1,0,1,0,2,1,2,3,2,4,4,1,3,Web Development; Software Development; Cloud Computing; Database Management,Web Developer
B.Sc Information Technology,Information Technology,7.39,First Class,4,2,1,2,0,3,0,0,1,0,0,5,3,2,4,4,5,3,4,4,Cloud Computing; Web Development,Cloud Engineer
B.Sc Information Technology,Data Science,8.28,First Class,3,2,0,3,5,4,2,1,2,0,0,2,2,2,5,3,4,5,2,3,Web Development; Software Development; Data Analysis,Web Developer
B.Sc Information Technology,Information Technology,8.47,First Class,5,2,0,4,1,1,3,3,5,5,4,3,1,1,4,4,5,2,4,5,Data Science; Artificial Intelligence; Machine Learning; Software Development,Data Scientist
B.Sc Information Technology,Web Technologies,8.22,First Class,2,3,1,4,1,0,4,2,2,1,0,4,2,3,3,4,5,4,3,4,Database Management; Machine Learning,Database Administrator
B.Sc Information Technology,Information Technology,7.04,First Class,3,2,0,3,5,4,0,2,0,2,0,2,2,0,4,3,5,4,2,3,Web Development; Software Development; Artificial Intelligence,Web Developer
B.Sc Information Technology,Information Technology,8.09,First Class,5,2,3,4,0,2,2,0,4,5,4,4,3,3,4,3,4,3,3,5,Machine Learning; Artificial Intelligence; Data Science; Data Analysis; Cloud Computing,Machine Learning Engineer
B.Sc Information Technology,Data Science,7.39,First Class,4,1,0,4,0,1,3,4,4,3,0,2,0,2,3,4,4,3,1,5,Data Analysis; Database Management; Machine Learning,Data Analyst
B.Sc Information Technology,Software Engineering,8.51,Distinction,3,2,0,0,1,0,2,0,0,0,0,5,4,4,4,2,4,5,2,4,Cloud Computing; Software Development; Cybersecurity,Cloud Engineer
B.Sc Information Technology,Cloud & Security,7.67,First Class,5,3,3,3,0,2,1,1,4,5,5,4,2,2,5,3,5,4,4,4,Machine Learning; Artificial Intelligence; Data Science; Data Analysis,Machine Learning Engineer
B.Sc Information Technology,Software Engineering,6.63,Second Class,2,3,1,1,1,2,0,2,2,0,0,5,3,3,4,3,4,4,4,4,Cloud Computing; Software Development; Cybersecurity,Cloud Engineer
B.Sc Information Technology,Information Technology,6.2,Second Class,5,4,2,4,1,2,2,3,4,5,5,3,0,2,4,4,5,5,4,5,Machine Learning; Artificial Intelligence; Data Science; Database Management,Machine Learning Engineer
B.Sc Information Technology,Web Technologies,8.0,First Class,5,3,4,4,2,2,2,2,4,5,5,4,2,2,2,3,5,3,3,5,Machine Learning; Artificial Intelligence; Data Science; Database Management,Machine Learning Engineer
BCA,Data Science,6.02,Second Class,3,1,0,3,0,2,3,4,4,2,1,2,2,0,1,4,5,4,1,5,Data Analysis; Database Management; Data Science; Artificial Intelligence,Data Analyst
B.Sc Information Technology,Data Science,6.98,Second Class,3,2,1,3,1,2,1,1,0,0,0,5,3,2,4,3,5,3,4,4,Cloud Computing; Web Development; Software Development,Cloud Engineer
B.Sc Information Technology,Information Technology,8.13,First Class,2,2,0,4,0,2,4,4,2,2,0,3,0,0,0,4,4,2,2,5,Data Analysis; Database Management; Machine Learning,Data Analyst
B.Sc Information Technology,Cloud & Security,6.56,Second Class,2,2,1,2,1,2,0,0,1,1,0,5,5,4,4,2,4,4,3,4,Cloud Computing; Machine Learning,Cloud Engineer
B.Sc Information Technology,Web Technologies,6.86,Second Class,2,2,0,5,1,1,3,1,2,2,1,3,3,4,4,3,4,3,2,4,Database Management; Web Development; Data Science,Database Administrator
B.Sc Information Technology,Cloud & Security,8.08,First Class,5,2,2,4,2,3,0,3,4,4,5,5,1,1,4,2,5,4,4,5,Machine Learning; Artificial Intelligence; Data Science; Cybersecurity; Web Development,Machine Learning Engineer
B.Sc Information Technology,Software Engineering,7.72,First Class,5,4,3,3,1,1,2,2,5,4,5,2,2,1,5,3,5,4,3,5,Machine Learning; Artificial Intelligence; Data Science,Machine Learning Engineer
B.Sc Computer Science,Information Technology,7.2,First Class,3,2,3,3,3,3,1,1,2,0,0,3,5,5,3,4,5,3,4,5,Cybersecurity; Cloud Computing; Database Management; Data Analysis,Cybersecurity Analyst
B.Sc Computer Science,Software Engineering,7.21,First Class,5,2,0,4,2,2,2,3,5,5,2,3,2,1,4,4,4,3,3,4,Data Science; Artificial Intelligence; Machine Learning; Software Development; Cloud Computing,Data Scientist
BCA,Cloud & Security,6.15,Second Class,2,1,0,5,2,1,3,1,2,1,0,3,3,3,2,3,5,3,3,4,Database Management; Artificial Intelligence,Database Administrator
B.Sc Information Technology,Web Technologies,7.95,First Class,4,1,3,4,0,3,3,2,4,5,5,3,2,3,4,4,5,4,4,4,Machine Learning; Artificial Intelligence; Data Science,Machine Learning Engineer
B.Sc Information Technology,Software Engineering,7.13,First Class,2,1,3,3,2,2,1,1,1,1,0,3,3,5,3,2,5,3,3,5,Cybersecurity; Cloud Computing; Artificial Intelligence,Cybersecurity Analyst
B.Sc Information Technology,Data Science,6.16,Second Class,3,2,4,3,2,2,1,1,1,1,0,3,5,5,2,4,5,3,2,5,Cybersecurity; Cloud Computing; Database Management,Cybersecurity Analyst
B.Sc Information Technology,Software Engineering,7.92,First Class,2,2,1,5,1,1,1,0,2,1,0,3,3,2,4,3,4,3,4,3,Database Management; Data Analysis,Database Administrator
B.Sc Information Technology,Information Technology,8.1,First Class,3,0,3,2,2,2,1,1,1,0,0,1,5,5,3,2,5,4,4,4,Cybersecurity; Cloud Computing; Database Management; Software Development,Cybersecurity Analyst
B.Sc Computer Science,Software Engineering,5.97,Pass,2,2,1,5,1,1,1,0,1,0,0,3,3,3,3,3,4,4,2,5,Database Management; Software Development,Database Administrator
B.Sc Information Technology,Data Science,7.27,First Class,2,2,2,4,1,1,3,3,0,0,0,3,1,3,3,3,4,2,2,4,Database Management; Artificial Intelligence,Database Administrator
B.Sc Information Technology,Cloud & Security,6.72,Second Class,2,2,0,2,3,5,1,0,1,0,1,2,2,2,4,3,4,5,2,4,Web Development; Software Development; Machine Learning; Cybersecurity,Web Developer
B.Sc Information Technology,Cloud & Security,5.61,Pass,5,2,3,5,1,2,2,0,4,5,5,3,0,2,3,3,5,3,3,5,Machine Learning; Artificial Intelligence; Data Science; Web Development,Machine Learning Engineer
B.Sc Information Technology,Data Science,7.03,First Class,3,2,1,3,1,2,2,1,2,0,0,5,4,4,3,3,4,3,3,3,Cloud Computing; Web Development; Data Science,Cloud Engineer
B.Sc Information Technology,Data Science,8.24,First Class,4,5,5,3,2,2,1,1,3,0,0,2,2,1,4,3,5,4,3,4,Software Development,Software Developer
B.Sc Information Technology,Cloud & Security,7.26,First Class,3,0,1,3,5,5,1,0,1,2,0,2,2,2,4,3,4,4,2,3,Web Development; Software Development,Web Developer
B.Sc Computer Science,Cloud & Security,8.42,First Class,4,3,4,3,1,1,1,1,2,0,0,1,3,2,4,4,5,3,3,4,Software Development; Artificial Intelligence,Software Developer
B.Sc Information Technology,Data Science,7.69,First Class,3,4,4,2,2,4,2,1,2,1,0,2,3,3,4,3,4,4,3,5,Software Development; Data Analysis; Machine Learning,Software Developer
B.Sc Information Technology,Software Engineering,6.52,Second Class,2,3,1,3,1,2,0,1,1,1,0,5,4,2,4,4,4,4,4,3,Cloud Computing; Web Development,Cloud Engineer
B.Sc Information Technology,Cloud & Security,8.58,Distinction,5,3,3,3,1,1,2,2,3,4,3,4,1,2,4,3,5,4,4,4,Machine Learning; Artificial Intelligence; Data Science,Machine Learning Engineer
B.Sc Information Technology,Cloud & Security,7.45,First Class,5,3,4,2,0,2,0,2,4,4,4,4,1,2,3,3,5,5,4,5,Machine Learning; Artificial Intelligence; Data Science; Cloud Computing,Machine Learning Engineer
B.Sc Information Technology,Data Science,7.94,First Class,5,2,2,2,0,0,4,3,5,3,5,3,1,1,2,4,5,2,3,5,Data Science; Artificial Intelligence; Machine Learning; Cloud Computing; Web Development,Data Scientist
B.Sc Information Technology,Web Technologies,6.67,Second Class,4,3,2,4,0,2,1,3,4,4,5,3,2,2,3,3,5,4,3,5,Machine Learning; Artificial Intelligence; Data Science; Web Development; Data Analysis,Machine Learning Engineer
BCA,Cloud & Security,7.54,First Class,3,0,0,4,1,1,4,4,3,2,0,3,1,1,1,4,3,3,2,5,Data Analysis; Database Management,Data Analyst
B.Sc Computer Science,Web Technologies,7.12,First Class,2,3,1,4,5,5,1,0,0,1,0,3,2,2,3,3,3,5,1,3,Web Development; Software Development,Web Developer
B.Sc Information Technology,Data Science,8.98,Distinction,4,3,1,4,2,2,0,3,3,5,5,4,2,1,4,2,5,4,3,5,Machine Learning; Artificial Intelligence; Data Science; Data Analysis,Machine Learning Engineer
B.Sc Information Technology,Information Technology,5.5,Pass,1,1,2,2,5,3,0,1,1,1,0,2,2,1,2,2,4,3,2,2,Web Development; Software Development,Web Developer
B.Sc Computer Science,Software Engineering,7.74,First Class,1,2,2,3,5,5,1,1,1,0,0,2,2,3,4,2,4,4,2,3,Web Development; Software Development; Artificial Intelligence,Web Developer
B.Sc Information Technology,Data Science,6.2,Second Class,3,0,0,1,1,3,1,0,1,0,0,5,4,2,4,2,4,4,3,5,Cloud Computing; Software Development,Cloud Engineer
B.Sc Information Technology,Information Technology,6.72,Second Class,3,0,1,4,1,2,4,5,4,2,0,1,1,1,2,4,5,3,2,5,Data Analysis; Database Management; Cybersecurity; Artificial Intelligence,Data Analyst
B.Sc Information Technology,Software Engineering,6.51,Second Class,2,0,2,3,0,2,1,1,2,1,1,3,5,5,3,3,5,3,2,4,Cybersecurity; Cloud Computing,Cybersecurity Analyst
B.Sc Information Technology,Web Technologies,6.47,Second Class,4,1,0,2,0,2,1,1,1,0,0,5,2,3,4,3,4,4,3,3,Cloud Computing; Database Management,Cloud Engineer
B.Sc Information Technology,Web Technologies,8.06,First Class,3,2,1,3,5,4,2,1,1,1,0,1,0,2,5,3,4,5,2,3,Web Development; Software Development,Web Developer
B.Sc Information Technology,Web Technologies,7.74,First Class,3,2,1,2,5,5,2,1,1,0,1,2,3,2,4,3,4,4,2,3,Web Development; Software Development; Machine Learning; Data Science,Web Developer
B.Sc Information Technology,Information Technology,7.36,First Class,4,2,1,4,1,1,3,2,4,5,4,3,1,1,3,4,5,3,3,4,Data Science; Artificial Intelligence; Machine Learning; Cloud Computing,Data Scientist
B.Sc Information Technology,Data Science,6.79,Second Class,3,2,4,3,2,2,0,1,0,2,0,4,4,5,3,4,4,3,3,5,Cybersecurity; Cloud Computing; Machine Learning,Cybersecurity Analyst
B.Sc Information Technology,Cloud & Security,6.96,Second Class,5,3,4,2,2,2,2,2,1,1,0,1,2,2,3,3,5,5,4,3,Software Development; Data Analysis; Database Management,Software Developer
B.Sc Information Technology,Software Engineering,7.49,First Class,2,2,0,5,2,2,2,3,1,1,1,3,4,3,2,3,4,3,2,4,Database Management; Cybersecurity; Machine Learning,Database Administrator
B.Sc Information Technology,Data Science,6.64,Second Class,2,2,1,1,0,2,1,1,1,1,0,5,4,3,5,3,4,3,4,4,Cloud Computing; Data Analysis,Cloud Engineer
B.Sc Information Technology,Software Engineering,8.72,Distinction,4,2,1,4,1,1,2,3,5,5,4,4,1,0,4,4,5,3,4,5,Data Science; Artificial Intelligence; Machine Learning; Software Development,Data Scientist
B.Sc Information Technology,Cloud & Security,8.48,First Class,2,2,2,3,3,2,0,2,2,0,0,3,5,5,2,4,5,3,3,5,Cybersecurity; Cloud Computing,Cybersecurity Analyst
B.Sc Computer Science,Information Technology,8.27,First Class,3,0,0,3,2,1,5,4,4,0,0,2,2,0,2,4,4,3,2,5,Data Analysis; Database Management; Machine Learning,Data Analyst
B.Sc Information Technology,Data Science,7.62,First Class,2,1,0,3,5,3,1,2,1,1,0,2,2,2,3,3,4,4,3,4,Web Development; Software Development,Web Developer
B.Sc Information Technology,Web Technologies,7.01,First Class,3,3,1,0,2,2,1,1,1,2,0,4,5,1,5,3,4,3,4,4,Cloud Computing; Artificial Intelligence; Data Science,Cloud Engineer
B.Sc Information Technology,Web Technologies,7.34,First Class,3,2,1,3,4,5,1,1,1,0,0,2,2,2,4,4,3,4,2,3,Web Development; Software Development; Cybersecurity,Web Developer
B.Sc Information Technology,Data Science,8.35,First Class,3,2,1,2,0,2,0,0,1,1,1,5,4,2,4,3,4,4,3,3,Cloud Computing; Data Analysis,Cloud Engineer
B.Sc Information Technology,Software Engineering,5.5,Pass,3,2,1,0,0,1,2,1,1,1,0,5,4,4,5,4,4,5,3,5,Cloud Computing; Software Development; Web Development,Cloud Engineer
B.Sc Computer Science,Data Science,6.56,Second Class,3,2,1,3,0,3,0,1,1,1,0,5,5,3,4,4,5,4,3,5,Cloud Computing; Machine Learning; Cybersecurity,Cloud Engineer
B.Sc Information Technology,Web Technologies,7.85,First Class,5,4,3,4,0,0,1,1,4,5,3,4,1,3,4,3,5,4,3,5,Machine Learning; Artificial Intelligence; Data Science; Database Management,Machine Learning Engineer
B.Sc Information Technology,Web Technologies,6.17,Second Class,2,3,3,3,1,2,1,1,2,0,1,3,5,5,3,4,5,4,3,5,Cybersecurity; Cloud Computing; Machine Learning; Data Science,Cybersecurity Analyst
B.Sc Computer Science,Software Engineering,6.93,Second Class,3,2,2,3,5,5,1,1,1,2,0,3,3,2,4,3,5,3,2,3,Web Development; Software Development; Cloud Computing; Data Science,Web Developer
B.Sc Information Technology,Cloud & Security,7.83,First Class,4,3,1,2,5,3,1,0,2,1,0,2,1,2,4,4,3,4,2,2,Web Development; Software Development,Web Developer
B.Sc Information Technology,Web Technologies,6.73,Second Class,3,2,1,1,0,0,1,1,2,1,0,5,3,1,4,3,5,4,2,5,Cloud Computing; Data Science,Cloud Engineer
B.Sc Information Technology,Web Technologies,7.69,First Class,4,1,0,2,2,0,3,2,5,5,4,3,0,2,5,5,5,3,4,5,Data Science; Artificial Intelligence; Machine Learning; Web Development,Data Scientist
B.Sc Information Technology,Data Science,6.74,Second Class,3,1,0,3,4,4,0,1,1,1,0,2,2,2,4,3,4,4,1,3,Web Development; Software Development; Cloud Computing,Web Developer
B.Sc Information Technology,Web Technologies,7.17,First Class,3,0,3,3,3,2,1,1,2,1,0,3,5,5,3,3,5,2,3,5,Cybersecurity; Cloud Computing; Data Science,Cybersecurity Analyst
BCA,Data Science,6.53,Second Class,3,1,1,2,0,3,0,0,1,1,1,5,3,4,5,2,4,4,3,5,Cloud Computing,Cloud Engineer
B.Sc Information Technology,Information Technology,5.88,Pass,2,2,2,4,2,2,0,1,1,1,0,2,3,5,2,3,5,3,3,5,Cybersecurity; Cloud Computing; Database Management,Cybersecurity Analyst
BCA,Software Engineering,7.55,First Class,5,3,4,4,1,1,2,1,5,4,4,5,1,1,4,3,5,4,2,5,Machine Learning; Artificial Intelligence; Data Science; Web Development,Machine Learning Engineer
B.Sc Computer Science,Software Engineering,5.5,Pass,1,2,0,5,1,1,4,3,1,0,0,3,3,3,3,4,4,3,3,5,Database Management; Artificial Intelligence,Database Administrator
B.Sc Information Technology,Data Science,8.53,Distinction,0,2,1,5,0,1,3,1,2,0,0,3,3,4,3,3,4,3,4,4,Database Management; Software Development,Database Administrator
B.Sc Information Technology,Software Engineering,6.5,Second Class,1,2,1,2,2,2,1,0,0,0,0,5,4,3,2,3,3,4,3,4,Cloud Computing; Cybersecurity,Cloud Engineer
B.Sc Information Technology,Cloud & Security,5.78,Pass,5,4,4,2,2,1,0,1,1,0,0,1,1,0,3,3,5,4,3,3,Software Development,Software Developer
B.Sc Information Technology,Web Technologies,8.14,First Class,4,2,1,4,0,0,3,2,5,5,3,4,1,1,2,3,5,2,4,4,Data Science; Artificial Intelligence; Machine Learning; Software Development,Data Scientist
B.Sc Information Technology,Data Science,6.66,Second Class,2,1,2,3,5,4,1,0,1,1,0,2,2,2,4,3,3,4,1,2,Web Development; Software Development; Cloud Computing; Cybersecurity,Web Developer
BCA,Web Technologies,9.35,Distinction,5,3,3,4,0,1,0,3,4,3,3,3,0,2,2,2,5,5,3,5,Machine Learning; Artificial Intelligence; Data Science,Machine Learning Engineer
B.Sc Information Technology,Web Technologies,6.85,Second Class,4,2,2,4,1,0,2,3,5,4,4,3,0,1,4,5,5,3,2,5,Data Science; Artificial Intelligence; Machine Learning,Data Scientist
B.Sc Information Technology,Information Technology,7.59,First Class,2,3,1,2,5,5,2,1,0,0,0,2,2,2,4,2,3,4,1,2,Web Development; Software Development; Data Analysis,Web Developer
B.Sc Information Technology,Software Engineering,6.3,Second Class,2,5,4,3,1,3,1,1,3,1,0,2,2,2,4,3,5,4,4,4,Software Development,Software Developer
B.Sc Information Technology,Cloud & Security,7.54,First Class,4,0,4,4,0,3,1,1,0,2,0,4,5,5,2,2,5,4,2,5,Cybersecurity; Cloud Computing; Database Management; Machine Learning,Cybersecurity Analyst
B.Sc Information Technology,Information Technology,7.0,First Class,3,3,0,5,0,1,3,2,2,0,0,4,2,3,3,3,5,3,3,4,Database Management; Data Analysis; Software Development,Database Administrator
B.Sc Information Technology,Cloud & Security,6.12,Second Class,2,2,0,2,1,2,1,1,0,1,0,5,3,2,5,2,4,4,3,5,Cloud Computing; Data Analysis; Web Development,Cloud Engineer
B.Sc Information Technology,Software Engineering,6.99,Second Class,5,3,3,5,1,2,2,3,5,5,5,4,3,2,3,4,5,5,3,5,Machine Learning; Artificial Intelligence; Data Science,Machine Learning Engineer
B.Sc Computer Science,Information Technology,7.54,First Class,2,2,1,3,0,1,3,2,2,1,0,3,4,4,3,2,4,3,3,4,Database Management; Cloud Computing; Software Development,Database Administrator
B.Sc Information Technology,Web Technologies,6.49,Second Class,1,2,1,2,0,3,1,2,1,0,0,4,2,3,3,4,4,3,4,4,Cloud Computing; Web Development,Cloud Engineer
B.Sc Information Technology,Software Engineering,8.8,Distinction,2,2,1,3,3,2,1,0,1,0,0,1,5,5,3,3,5,2,2,5,Cybersecurity; Cloud Computing; Data Science,Cybersecurity Analyst
B.Sc Information Technology,Web Technologies,9.23,Distinction,5,1,1,4,0,1,3,3,4,5,2,3,0,0,4,4,5,3,3,5,Data Science; Artificial Intelligence; Machine Learning; Web Development,Data Scientist
B.Sc Information Technology,Data Science,9.32,Distinction,3,0,1,4,1,1,4,3,3,3,1,3,1,1,0,4,4,3,2,4,Data Analysis; Database Management; Machine Learning,Data Analyst
B.Sc Information Technology,Cloud & Security,7.77,First Class,3,0,3,3,2,2,1,1,2,0,0,4,5,4,3,4,4,3,3,5,Cybersecurity; Cloud Computing; Web Development,Cybersecurity Analyst
B.Sc Computer Science,Data Science,7.07,First Class,3,1,0,1,1,1,1,1,1,0,0,5,2,3,5,2,4,5,4,5,Cloud Computing; Database Management; Data Analysis,Cloud Engineer
B.Sc Information Technology,Web Technologies,5.83,Pass,2,1,0,5,0,1,3,1,2,1,0,3,4,2,1,3,4,3,2,4,Database Management,Database Administrator
B.Sc Computer Science,Software Engineering,6.77,Second Class,4,4,4,3,3,1,2,0,2,1,0,3,1,2,4,4,5,5,3,3,Software Development; Artificial Intelligence; Database Management,Software Developer
B.Sc Information Technology,Information Technology,5.65,Pass,4,2,0,4,2,1,5,4,4,1,0,2,1,1,2,4,5,4,2,5,Data Analysis; Database Management; Artificial Intelligence; Data Science,Data Analyst
B.Sc Information Technology,Information Technology,7.95,First Class,4,3,1,3,1,0,2,3,5,5,4,2,1,1,4,5,5,3,3,5,Data Science; Artificial Intelligence; Machine Learning; Data Analysis; Web Development,Data Scientist
B.Sc Information Technology,Web Technologies,5.56,Pass,3,0,0,3,0,1,4,5,4,1,0,1,0,1,0,4,5,3,2,4,Data Analysis; Database Management,Data Analyst
B.Sc Information Technology,Web Technologies,9.08,Distinction,2,2,1,1,1,2,0,1,1,0,1,5,3,3,4,3,4,4,3,4,Cloud Computing,Cloud Engineer
B.Sc Information Technology,Cloud & Security,8.86,Distinction,3,1,1,4,1,0,3,3,4,3,4,4,1,0,4,5,5,3,3,5,Data Science; Artificial Intelligence; Machine Learning; Software Development; Database Management,Data Scientist
B.Sc Information Technology,Data Science,5.67,Pass,3,5,2,4,2,3,2,0,2,1,0,2,2,2,4,3,5,5,3,3,Software Development; Machine Learning,Software Developer
B.Sc Computer Science,Cloud & Security,5.5,Pass,1,0,1,4,1,1,2,2,2,1,0,3,3,3,2,2,5,4,3,3,Database Management; Software Development,Database Administrator
B.Sc Information Technology,Information Technology,6.75,Second Class,5,3,4,4,0,3,0,2,4,5,5,4,2,3,3,4,4,3,4,5,Machine Learning; Artificial Intelligence; Data Science,Machine Learning Engineer
B.Sc Information Technology,Data Science,8.0,First Class,3,4,4,2,3,1,1,1,2,0,0,3,2,2,3,4,5,4,3,5,Software Development,Software Developer
B.Sc Information Technology,Information Technology,8.19,First Class,5,3,0,5,0,0,4,2,5,5,5,4,0,1,3,4,5,3,3,5,Data Science; Artificial Intelligence; Machine Learning; Database Management,Data Scientist
B.Sc Information Technology,Information Technology,8.02,First Class,3,2,0,3,1,0,5,4,4,2,0,2,1,0,2,3,4,3,1,5,Data Analysis; Database Management,Data Analyst
B.Sc Information Technology,Web Technologies,6.25,Second Class,3,2,3,3,1,2,1,1,3,1,0,4,4,5,2,3,5,3,3,5,Cybersecurity; Cloud Computing; Web Development,Cybersecurity Analyst
B.Sc Information Technology,Information Technology,8.82,Distinction,2,2,2,4,1,2,3,3,2,0,1,3,3,2,3,3,4,3,3,3,Database Management; Data Analysis,Database Administrator
B.Sc Information Technology,Data Science,7.94,First Class,5,2,1,5,1,0,4,3,4,5,4,4,1,0,4,4,5,3,4,4,Data Science; Artificial Intelligence; Machine Learning; Cybersecurity,Data Scientist
B.Sc Information Technology,Information Technology,7.34,First Class,3,1,2,3,5,5,2,1,0,2,0,2,3,1,3,3,3,4,2,2,Web Development; Software Development; Data Science,Web Developer
B.Sc Information Technology,Information Technology,6.9,Second Class,4,3,4,4,1,2,2,2,3,5,3,4,2,2,4,2,5,5,3,5,Machine Learning; Artificial Intelligence; Data Science,Machine Learning Engineer
B.Sc Computer Science,Cloud & Security,7.24,First Class,4,1,0,4,0,1,4,4,5,1,0,2,1,1,2,4,3,2,2,5,Data Analysis; Database Management,Data Analyst
B.Sc Computer Science,Software Engineering,7.02,First Class,2,2,1,4,1,2,3,2,1,0,0,1,3,3,3,3,5,2,3,5,Database Management; Data Science; Machine Learning,Database Administrator
B.Sc Computer Science,Information Technology,7.02,First Class,5,3,3,4,1,2,3,2,5,5,5,5,1,3,5,4,4,5,3,5,Machine Learning; Artificial Intelligence; Data Science; Software Development; Cloud Computing,Machine Learning Engineer
B.Sc Information Technology,Web Technologies,6.19,Second Class,4,0,0,5,2,1,3,3,4,3,0,2,0,1,1,4,4,3,2,4,Data Analysis; Database Management; Artificial Intelligence,Data Analyst
B.Sc Information Technology,Data Science,7.35,First Class,2,1,0,4,1,0,4,4,5,2,0,1,0,0,2,3,4,3,3,5,Data Analysis; Database Management; Artificial Intelligence,Data Analyst
B.Sc Computer Science,Web Technologies,6.12,Second Class,2,1,2,2,2,2,1,1,0,1,1,3,4,4,2,3,5,4,4,5,Cybersecurity; Cloud Computing; Software Development,Cybersecurity Analyst
BCA,Cloud & Security,7.96,First Class,4,2,2,3,2,3,2,0,1,1,0,2,3,3,2,2,5,4,2,4,Software Development; Cybersecurity,Software Developer
B.Sc Information Technology,Data Science,6.65,Second Class,4,0,1,4,1,1,3,3,5,3,4,3,1,1,3,4,5,4,3,5,Data Science; Artificial Intelligence; Machine Learning; Data Analysis,Data Scientist
B.Sc Information Technology,Software Engineering,7.84,First Class,5,3,0,5,0,1,3,3,4,5,3,3,0,2,2,3,5,3,3,5,Data Science; Artificial Intelligence; Machine Learning; Software Development; Cloud Computing,Data Scientist
B.Sc Information Technology,Information Technology,5.69,Pass,4,2,4,2,2,1,2,0,3,1,1,2,2,2,3,3,4,5,2,4,Software Development; Web Development,Software Developer
B.Sc Information Technology,Data Science,6.94,Second Class,3,1,0,4,2,1,4,4,4,1,0,3,1,0,2,5,3,3,3,5,Data Analysis; Database Management,Data Analyst
B.Sc Information Technology,Data Science,7.6,First Class,3,4,3,3,1,3,1,0,2,1,0,2,2,2,4,3,4,4,4,5,Software Development; Data Analysis; Machine Learning,Software Developer
B.Sc Information Technology,Data Science,6.4,Second Class,4,3,1,3,1,3,0,2,0,1,0,3,5,5,1,3,4,2,3,4,Cybersecurity; Cloud Computing; Database Management; Web Development,Cybersecurity Analyst
B.Sc Information Technology,Data Science,7.59,First Class,4,0,1,3,1,1,2,1,5,4,4,3,1,1,3,4,4,3,3,5,Data Science; Artificial Intelligence; Machine Learning,Data Scientist
B.Sc Information Technology,Cloud & Security,8.02,First Class,2,2,1,5,0,0,3,3,1,1,0,2,3,3,3,4,3,3,3,4,Database Management,Database Administrator
B.Sc Computer Science,Cloud & Security,5.92,Pass,0,2,1,5,2,2,4,3,2,2,1,3,1,1,3,3,5,3,3,4,Database Management; Machine Learning; Cybersecurity,Database Administrator
B.Sc Information Technology,Information Technology,8.14,First Class,5,4,4,4,1,3,1,0,3,1,0,1,0,2,4,3,5,5,3,3,Software Development; Database Management,Software Developer
B.Sc Computer Science,Software Engineering,8.66,Distinction,4,1,1,2,5,3,0,1,1,2,0,3,2,1,4,3,4,4,2,3,Web Development; Software Development,Web Developer
B.Sc Computer Science,Data Science,5.72,Pass,3,1,0,3,5,4,1,0,2,0,0,2,2,1,4,4,4,4,2,2,Web Development; Software Development,Web Developer
B.Sc Information Technology,Cloud & Security,8.41,First Class,3,4,3,3,0,3,2,2,2,4,5,4,2,2,4,2,5,4,4,5,Machine Learning; Artificial Intelligence; Data Science; Software Development,Machine Learning Engineer
B.Sc Information Technology,Cloud & Security,7.17,First Class,2,3,1,3,5,5,0,1,1,0,0,2,2,1,4,2,4,5,1,3,Web Development; Software Development; Machine Learning; Cybersecurity,Web Developer
B.Sc Information Technology,Software Engineering,6.56,Second Class,3,2,1,2,1,2,2,2,1,1,1,5,4,2,4,2,3,5,3,5,Cloud Computing; Database Management,Cloud Engineer
B.Sc Information Technology,Information Technology,7.58,First Class,5,3,4,4,1,2,2,2,4,5,5,4,0,2,4,2,5,4,2,5,Machine Learning; Artificial Intelligence; Data Science,Machine Learning Engineer
B.Sc Information Technology,Web Technologies,6.21,Second Class,3,2,3,3,2,0,1,1,1,1,0,2,5,5,2,3,5,2,4,5,Cybersecurity; Cloud Computing; Data Science; Machine Learning,Cybersecurity Analyst
B.Sc Computer Science,Information Technology,7.13,First Class,3,2,0,1,0,2,1,2,0,2,0,4,3,3,4,3,4,3,2,3,Cloud Computing,Cloud Engineer
B.Sc Information Technology,Web Technologies,5.5,Pass,3,1,2,1,5,4,0,1,2,2,0,1,2,2,4,3,4,4,2,4,Web Development; Software Development,Web Developer
B.Sc Information Technology,Cloud & Security,8.17,First Class,3,0,2,5,1,1,2,1,0,1,0,3,3,2,3,4,4,3,3,4,Database Management; Cybersecurity; Web Development,Database Administrator
B.Sc Computer Science,Cloud & Security,7.41,First Class,4,4,3,4,0,2,2,2,4,5,5,3,1,2,4,3,4,4,2,5,Machine Learning; Artificial Intelligence; Data Science; Cybersecurity,Machine Learning Engineer
B.Sc Information Technology,Cloud & Security,7.96,First Class,4,4,3,3,2,3,1,0,1,1,0,2,3,1,2,3,5,4,4,5,Software Development,Software Developer
B.Sc Information Technology,Cloud & Security,6.63,Second Class,4,4,4,3,2,4,1,1,2,1,0,2,2,2,2,3,4,5,3,3,Software Development,Software Developer
B.Sc Computer Science,Software Engineering,7.23,First Class,4,4,5,2,2,2,0,0,2,1,1,2,0,2,3,3,4,4,3,5,Software Development; Data Science,Software Developer
B.Sc Information Technology,Cloud & Security,9.1,Distinction,2,2,1,4,5,5,1,0,1,1,0,2,3,0,2,2,4,3,3,2,Web Development; Software Development; Database Management,Web Developer
B.Sc Information Technology,Information Technology,7.21,First Class,3,2,3,5,0,2,2,2,4,5,4,4,0,1,4,3,5,4,3,5,Machine Learning; Artificial Intelligence; Data Science; Web Development,Machine Learning Engineer
B.Sc Information Technology,Software Engineering,5.8,Pass,4,4,3,1,3,3,1,1,2,2,0,1,2,2,4,3,5,4,2,3,Software Development; Cybersecurity,Software Developer
B.Sc Information Technology,Data Science,6.75,Second Class,3,1,2,0,1,1,1,0,1,1,1,5,3,2,4,3,4,5,4,5,Cloud Computing; Web Development; Data Science,Cloud Engineer
B.Sc Information Technology,Data Science,5.5,Pass,2,1,1,5,0,0,3,2,0,0,1,3,1,3,1,3,4,3,3,3,Database Management; Web Development,Database Administrator
B.Sc Information Technology,Web Technologies,6.9,Second Class,5,3,2,3,2,1,0,2,3,5,5,4,2,2,4,3,4,5,4,5,Machine Learning; Artificial Intelligence; Data Science; Cybersecurity,Machine Learning Engineer
B.Sc Information Technology,Cloud & Security,6.47,Second Class,3,2,2,2,1,2,0,1,1,1,0,4,4,2,4,3,4,3,3,5,Cloud Computing; Data Analysis; Software Development,Cloud Engineer
B.Sc Information Technology,Data Science,6.93,Second Class,3,0,0,4,1,1,3,5,2,2,0,2,1,1,1,4,3,3,3,5,Data Analysis; Database Management; Cybersecurity,Data Analyst
B.Sc Computer Science,Cloud & Security,6.27,Second Class,4,3,2,2,5,5,1,2,1,1,0,2,2,0,3,3,4,3,2,2,Web Development; Software Development,Web Developer
B.Sc Computer Science,Data Science,7.76,First Class,5,1,2,5,2,1,3,3,5,5,4,1,0,1,4,5,4,2,2,4,Data Science; Artificial Intelligence; Machine Learning,Data Scientist
B.Sc Information Technology,Cloud & Security,9.34,Distinction,0,1,0,5,1,0,2,3,1,1,1,3,3,3,1,3,4,2,3,5,Database Management,Database Administrator
B.Sc Information Technology,Software Engineering,6.47,Second Class,3,2,2,4,1,2,3,3,5,5,4,3,1,0,2,4,5,2,3,5,Data Science; Artificial Intelligence; Machine Learning; Cybersecurity; Data Analysis,Data Scientist
B.Sc Information Technology,Software Engineering,8.19,First Class,3,1,0,3,0,1,4,4,3,2,1,1,2,2,2,4,5,3,2,5,Data Analysis; Database Management; Artificial Intelligence,Data Analyst
B.Sc Information Technology,Cloud & Security,7.95,First Class,5,3,3,4,2,0,2,2,3,5,4,4,2,2,5,3,5,5,2,5,Machine Learning; Artificial Intelligence; Data Science; Database Management,Machine Learning Engineer
B.Sc Information Technology,Web Technologies,7.64,First Class,3,2,0,2,0,1,1,0,1,2,0,5,3,4,3,2,3,4,3,5,Cloud Computing; Web Development; Artificial Intelligence,Cloud Engineer
B.Sc Information Technology,Cloud & Security,7.1,First Class,4,3,3,4,2,3,3,2,4,5,5,4,2,3,3,2,5,5,2,5,Machine Learning; Artificial Intelligence; Data Science; Software Development; Cloud Computing,Machine Learning Engineer
B.Sc Information Technology,Software Engineering,7.61,First Class,4,4,3,3,3,3,0,0,2,1,0,2,2,2,4,2,5,5,3,4,Software Development; Cloud Computing,Software Developer
B.Sc Information Technology,Information Technology,7.47,First Class,5,3,3,4,0,1,2,2,4,5,5,3,2,2,4,3,4,5,3,5,Machine Learning; Artificial Intelligence; Data Science,Machine Learning Engineer
B.Sc Information Technology,Information Technology,7.71,First Class,2,1,2,2,0,1,0,1,1,1,0,5,2,4,3,3,4,4,3,4,Cloud Computing; Cybersecurity; Data Analysis,Cloud Engineer
B.Sc Information Technology,Web Technologies,6.72,Second Class,3,3,4,2,1,3,1,1,3,1,0,2,2,0,2,3,5,5,4,3,Software Development; Web Development; Machine Learning,Software Developer
B.Sc Information Technology,Cloud & Security,6.32,Second Class,2,2,0,5,1,1,4,4,5,2,0,2,1,1,1,4,4,3,2,5,Data Analysis; Database Management,Data Analyst
B.Sc Information Technology,Software Engineering,8.72,Distinction,4,0,0,3,2,1,4,4,4,2,0,2,1,1,2,4,3,3,3,4,Data Analysis; Database Management,Data Analyst
B.Sc Information Technology,Software Engineering,8.02,First Class,3,3,3,3,1,2,1,2,4,4,5,2,2,2,4,2,5,5,3,5,Machine Learning; Artificial Intelligence; Data Science; Database Management; Software Development,Machine Learning Engineer
B.Sc Information Technology,Data Science,7.69,First Class,2,2,1,5,2,0,2,2,0,1,1,4,3,4,2,3,4,3,2,5,Database Management; Machine Learning; Data Science,Database Administrator
B.Sc Information Technology,Information Technology,6.82,Second Class,3,3,0,5,1,0,3,2,2,0,1,3,2,3,3,3,4,3,3,4,Database Management,Database Administrator
B.Sc Information Technology,Cloud & Security,7.38,First Class,2,2,2,2,2,2,1,1,2,1,1,3,5,5,3,4,5,2,4,5,Cybersecurity; Cloud Computing; Artificial Intelligence,Cybersecurity Analyst
B.Sc Information Technology,Web Technologies,6.52,Second Class,2,1,1,4,0,0,3,2,2,1,0,3,2,3,3,2,3,3,3,3,Database Management; Web Development,Database Administrator
B.Sc Information Technology,Information Technology,8.53,Distinction,1,2,0,5,1,2,2,0,1,0,0,4,3,4,1,4,3,4,2,5,Database Management,Database Administrator
B.Sc Information Technology,Data Science,6.69,Second Class,3,2,2,4,3,3,1,0,2,1,0,3,5,4,3,4,5,3,3,5,Cybersecurity; Cloud Computing; Data Analysis,Cybersecurity Analyst
B.Sc Information Technology,Information Technology,7.99,First Class,1,2,3,4,1,3,1,1,1,2,0,4,5,5,2,2,5,3,3,5,Cybersecurity; Cloud Computing,Cybersecurity Analyst
B.Sc Information Technology,Software Engineering,5.86,Pass,2,1,0,3,5,3,2,1,1,0,0,2,3,2,4,4,3,3,2,2,Web Development; Software Development,Web Developer
B.Sc Information Technology,Software Engineering,6.99,Second Class,4,1,0,4,1,1,4,4,5,2,1,2,2,1,2,5,3,4,2,4,Data Analysis; Database Management; Web Development,Data Analyst
B.Sc Information Technology,Web Technologies,6.55,Second Class,3,2,1,2,1,2,1,2,2,1,0,5,2,2,4,3,5,4,3,4,Cloud Computing; Machine Learning; Data Science,Cloud Engineer
B.Sc Information Technology,Data Science,5.62,Pass,2,2,1,3,0,1,1,2,1,0,0,1,2,3,3,3,3,4,4,3,Database Management; Data Science; Web Development,Database Administrator
B.Sc Information Technology,Web Technologies,7.36,First Class,4,3,3,4,1,1,2,2,4,5,5,4,2,2,4,3,5,3,4,5,Machine Learning; Artificial Intelligence; Data Science; Cloud Computing,Machine Learning Engineer
B.Sc Computer Science,Information Technology,5.93,Pass,3,1,0,4,1,2,2,4,4,2,0,3,1,1,1,4,4,2,1,5,Data Analysis; Database Management,Data Analyst
B.Sc Information Technology,Data Science,7.83,First Class,5,3,1,4,0,2,2,2,3,5,3,2,2,3,4,3,4,3,2,5,Machine Learning; Artificial Intelligence; Data Science; Cybersecurity,Machine Learning Engineer
BCA,Information Technology,8.75,Distinction,5,2,1,4,0,1,2,4,5,4,4,2,1,2,4,3,5,3,4,4,Data Science; Artificial Intelligence; Machine Learning; Cybersecurity,Data Scientist
B.Sc Computer Science,Data Science,6.17,Second Class,4,5,3,3,2,2,0,1,0,0,0,0,2,1,4,3,5,4,2,4,Software Development,Software Developer
B.Sc Computer Science,Cloud & Security,8.04,First Class,3,2,3,1,0,1,1,0,2,1,0,3,4,5,2,3,5,3,3,5,Cybersecurity; Cloud Computing,Cybersecurity Analyst
B.Sc Information Technology,Web Technologies,7.37,First Class,2,2,0,5,1,0,3,3,2,2,0,3,2,2,3,3,4,3,3,5,Database Management; Data Science,Database Administrator
B.Sc Computer Science,Information Technology,7.49,First Class,5,2,0,4,1,0,1,3,3,4,4,2,2,1,4,5,5,3,3,5,Data Science; Artificial Intelligence; Machine Learning; Cybersecurity,Data Scientist
B.Sc Information Technology,Software Engineering,7.56,First Class,3,2,4,4,1,2,2,2,4,5,5,2,3,2,4,4,4,3,3,5,Machine Learning; Artificial Intelligence; Data Science; Web Development; Cybersecurity,Machine Learning Engineer
B.Sc Information Technology,Data Science,6.69,Second Class,3,2,1,4,5,4,2,0,1,2,0,1,1,1,4,2,4,4,3,4,Web Development; Software Development; Artificial Intelligence; Data Science,Web Developer
B.Sc Information Technology,Cloud & Security,7.35,First Class,3,2,3,3,3,2,1,1,1,2,0,1,5,5,2,2,5,4,3,5,Cybersecurity; Cloud Computing; Software Development,Cybersecurity Analyst
B.Sc Information Technology,Web Technologies,6.84,Second Class,4,4,3,3,3,3,1,2,2,0,0,1,2,1,4,2,5,4,4,5,Software Development,Software Developer
B.Sc Information Technology,Cloud & Security,6.66,Second Class,2,2,1,2,1,3,2,0,1,1,0,4,4,4,4,3,4,4,3,4,Cloud Computing,Cloud Engineer
B.Sc Information Technology,Cloud & Security,8.14,First Class,4,2,1,2,5,5,1,1,0,1,0,0,3,1,4,2,4,4,1,2,Web Development; Software Development; Machine Learning; Data Science,Web Developer
B.Sc Information Technology,Cloud & Security,6.6,Second Class,3,1,0,4,1,1,4,4,4,2,0,3,1,0,2,4,5,2,2,5,Data Analysis; Database Management; Artificial Intelligence,Data Analyst
B.Sc Information Technology,Data Science,7.48,First Class,5,2,1,4,1,1,3,3,3,5,4,2,0,1,3,4,5,4,3,5,Data Science; Artificial Intelligence; Machine Learning; Data Analysis,Data Scientist
B.Sc Information Technology,Cloud & Security,7.79,First Class,5,3,4,4,2,3,1,0,2,0,0,0,3,1,4,3,5,4,3,4,Software Development; Cloud Computing,Software Developer
B.Sc Information Technology,Software Engineering,5.5,Pass,3,2,0,3,5,4,2,0,1,0,0,2,2,2,2,3,4,5,2,2,Web Development; Software Development,Web Developer
B.Sc Information Technology,Information Technology,5.98,Pass,3,1,0,4,4,3,0,1,0,1,0,2,1,2,3,3,4,3,2,3,Web Development; Software Development,Web Developer
B.Sc Information Technology,Information Technology,7.18,First Class,5,2,1,2,1,0,3,3,5,5,3,2,0,1,5,3,5,3,3,5,Data Science; Artificial Intelligence; Machine Learning; Software Development; Data Analysis,Data Scientist
B.Sc Information Technology,Web Technologies,7.78,First Class,3,0,0,4,1,1,3,2,4,1,0,0,1,2,1,4,3,3,2,5,Data Analysis; Database Management; Artificial Intelligence,Data Analyst
B.Sc Information Technology,Software Engineering,5.7,Pass,2,1,1,4,1,1,3,3,5,0,0,2,1,1,2,3,4,3,2,4,Data Analysis; Database Management; Machine Learning; Data Science,Data Analyst
B.Sc Information Technology,Information Technology,5.51,Pass,4,4,4,2,2,3,2,0,2,2,0,3,2,2,4,2,5,4,3,4,Software Development; Data Analysis,Software Developer
B.Sc Information Technology,Software Engineering,6.45,Second Class,1,2,0,3,1,0,4,1,1,0,0,1,3,3,1,3,5,3,3,4,Database Management; Cybersecurity,Database Administrator
B.Sc Information Technology,Software Engineering,7.51,First Class,2,1,1,4,1,0,3,2,3,1,0,1,0,1,1,4,4,3,1,5,Data Analysis; Database Management; Artificial Intelligence,Data Analyst
B.Sc Information Technology,Cloud & Security,8.45,First Class,5,3,4,4,2,1,1,2,5,5,5,4,2,2,4,3,4,4,3,5,Machine Learning; Artificial Intelligence; Data Science; Cloud Computing,Machine Learning Engineer
B.Sc Computer Science,Cloud & Security,7.94,First Class,3,0,0,2,1,1,4,3,4,2,0,2,0,0,2,4,4,3,3,5,Data Analysis; Database Management; Cloud Computing; Data Science,Data Analyst
B.Sc Information Technology,Web Technologies,6.41,Second Class,1,2,1,5,0,1,3,1,2,2,0,2,4,1,3,2,5,2,2,5,Database Management; Software Development,Database Administrator
B.Sc Computer Science,Cloud & Security,6.98,Second Class,5,3,2,4,1,2,0,1,4,5,5,3,2,2,4,3,5,3,3,5,Machine Learning; Artificial Intelligence; Data Science; Software Development,Machine Learning Engineer
B.Sc Information Technology,Web Technologies,7.21,First Class,3,2,1,2,5,5,2,1,1,0,0,3,2,2,4,2,4,3,2,3,Web Development; Software Development; Data Analysis,Web Developer
B.Sc Information Technology,Cloud & Security,7.93,First Class,4,1,0,4,1,0,3,4,4,0,0,1,2,1,2,3,4,3,2,5,Data Analysis; Database Management,Data Analyst
B.Sc Information Technology,Data Science,7.91,First Class,3,1,2,2,0,1,0,1,1,1,0,4,4,3,3,3,4,4,3,5,Cloud Computing; Data Science,Cloud Engineer
B.Sc Computer Science,Information Technology,6.95,Second Class,3,2,1,3,5,5,1,1,1,1,0,2,2,2,3,3,4,3,3,3,Web Development; Software Development,Web Developer
B.Sc Information Technology,Data Science,7.55,First Class,4,0,1,1,4,5,0,2,0,2,0,3,1,2,4,3,5,4,3,3,Web Development; Software Development; Machine Learning,Web Developer
B.Sc Information Technology,Information Technology,7.96,First Class,4,3,5,3,3,3,1,2,2,0,0,2,0,2,4,3,5,5,2,4,Software Development,Software Developer
B.Sc Information Technology,Software Engineering,8.32,First Class,4,3,1,4,3,3,1,1,1,1,0,1,3,3,4,3,4,4,2,3,Web Development; Software Development; Data Science,Web Developer
B.Sc Computer Science,Data Science,5.99,Pass,4,3,3,3,2,2,1,1,2,1,0,2,4,4,3,4,5,2,3,5,Cybersecurity; Cloud Computing; Artificial Intelligence,Cybersecurity Analyst
