student_id,degree,specialization,cgpa,academic_performance,Python,Java,C_CPP,SQL,HTML_CSS,JavaScript,Excel,Power_BI,Statistics,Machine_Learning,Deep_Learning,Cloud_Computing,Networking,Cybersecurity,Git_GitHub,Communication,Problem_Solving,Teamwork,Leadership,Analytical_Thinking,interests,career_label
STU1527,B.Sc Information Technology,Cloud & Security,6.83,Second Class,4,2,3,3,1,3,1,1,1,2,0,2,0,2,3,2,4,4,3,3,Software Development; Cybersecurity; Machine Learning,Software Developer
STU1355,B.Sc Information Technology,Software Engineering,7.09,First Class,5,2,1,5,0,1,3,3,5,4,4,3,0,1,4,4,4,2,3,5,Data Science; Artificial Intelligence; Machine Learning; Cybersecurity,Data Scientist
STU1169,B.Sc Information Technology,Information Technology,6.25,Second Class,2,1,0,4,1,1,5,4,2,2,0,1,1,1,0,3,3,4,1,5,Data Analysis; Database Management; Machine Learning,Data Analyst
STU1136,B.Sc Computer Science,Web Technologies,7.61,First Class,3,1,0,4,1,1,5,4,4,2,0,0,0,1,2,4,5,3,2,4,Data Analysis; Database Management,Data Analyst
STU1938,B.Sc Information Technology,Information Technology,6.35,Second Class,2,2,0,4,1,2,3,2,2,0,0,3,4,2,3,2,4,3,3,4,Database Management,Database Administrator
STU2545,B.Sc Information Technology,Cloud & Security,5.74,Pass,4,3,3,4,2,1,2,2,3,5,5,5,3,2,4,3,5,4,3,5,Machine Learning; Artificial Intelligence; Data Science; Cybersecurity; Web Development,Machine Learning Engineer
STU2254,B.Sc Information Technology,Software Engineering,5.89,Pass,3,1,3,2,2,1,1,0,2,1,0,3,5,5,3,3,5,4,3,4,Cybersecurity; Cloud Computing; Machine Learning,Cybersecurity Analyst
STU1238,B.Sc Information Technology,Software Engineering,9.34,Distinction,5,1,1,4,1,1,3,2,5,5,4,3,2,1,4,4,5,4,3,5,Data Science; Artificial Intelligence; Machine Learning,Data Scientist
STU1479,B.Sc Information Technology,Software Engineering,6.48,Second Class,4,4,3,3,2,3,1,0,2,2,0,2,2,2,3,3,5,5,2,5,Software Development; Machine Learning,Software Developer
STU1651,B.Sc Information Technology,Software Engineering,7.25,First Class,3,3,0,2,4,4,1,1,1,2,0,2,1,2,4,4,4,3,2,2,Web Development; Software Development,Web Developer
STU1515,B.Sc Information Technology,Cloud & Security,7.77,First Class,5,2,4,2,1,2,1,0,2,1,0,1,2,2,5,4,5,4,4,5,Software Development; Web Development; Cloud Computing,Software Developer
STU2104,B.Sc Information Technology,Data Science,6.2,Second Class,1,2,2,2,1,1,1,1,0,1,0,5,4,3,4,3,5,5,3,3,Cloud Computing; Data Analysis; Data Science,Cloud Engineer
STU1969,B.Sc Information Technology,Software Engineering,7.58,First Class,0,2,1,5,0,2,4,2,2,1,1,3,2,4,3,3,4,2,4,4,Database Management,Database Administrator
STU2570,B.Sc Information Technology,Data Science,8.18,First Class,5,3,3,4,1,0,2,0,3,5,5,3,1,2,3,4,5,5,3,5,Machine Learning; Artificial Intelligence; Data Science; Cloud Computing,Machine Learning Engineer
STU1585,B.Sc Computer Science,Information Technology,6.29,Second Class,5,2,3,3,1,4,1,1,1,0,0,2,2,1,4,3,5,4,2,4,Software Development,Software Developer
STU1066,B.Sc Information Technology,Information Technology,6.55,Second Class,3,0,0,3,1,1,4,2,3,2,0,0,0,2,2,4,4,3,2,5,Data Analysis; Database Management,Data Analyst
STU1031,B.Sc Information Technology,Web Technologies,7.25,First Class,3,1,0,4,1,0,4,4,4,3,0,2,1,1,1,4,3,2,2,5,Data Analysis; Database Management; Cybersecurity; Cloud Computing,Data Analyst
STU1905,B.Sc Computer Science,Web Technologies,8.31,First Class,1,1,1,5,1,0,3,2,3,1,0,3,2,3,2,3,4,3,3,4,Database Management; Cybersecurity,Database Administrator
STU1368,B.Sc Information Technology,Cloud & Security,9.9,Distinction,5,2,1,4,0,1,1,2,5,3,3,2,2,1,2,4,5,3,3,5,Data Science; Artificial Intelligence; Machine Learning; Data Analysis,Data Scientist
STU2135,B.Sc Information Technology,Data Science,8.47,First Class,2,0,1,2,1,3,1,2,2,1,0,5,4,3,3,3,4,5,4,4,Cloud Computing; Software Development,Cloud Engineer
STU2488,B.Sc Information Technology,Cloud & Security,7.02,First Class,5,4,1,3,2,0,2,3,5,5,5,3,2,2,4,4,5,4,2,4,Machine Learning; Artificial Intelligence; Data Science; Cybersecurity,Machine Learning Engineer
STU1486,B.Sc Information Technology,Cloud & Security,5.93,Pass,4,4,4,2,3,4,0,0,3,1,0,2,2,2,3,3,5,5,3,5,Software Development; Database Management,Software Developer
STU2549,B.Sc Information Technology,Data Science,7.83,First Class,5,3,2,3,0,2,2,2,3,4,5,2,2,0,3,4,4,4,3,5,Machine Learning; Artificial Intelligence; Data Science; Cybersecurity; Database Management,Machine Learning Engineer
STU1375,B.Sc Information Technology,Information Technology,8.11,First Class,5,3,1,3,1,1,2,3,5,4,5,3,2,1,5,4,4,3,3,5,Data Science; Artificial Intelligence; Machine Learning; Data Analysis,Data Scientist
STU1030,B.Sc Information Technology,Cloud & Security,8.26,First Class,2,2,0,4,1,2,3,4,4,2,0,3,2,1,2,5,4,2,2,5,Data Analysis; Database Management; Web Development,Data Analyst
STU2143,B.Sc Information Technology,Web Technologies,6.17,Second Class,3,2,1,2,0,2,2,1,0,1,0,5,3,4,4,3,4,5,2,3,Cloud Computing,Cloud Engineer
STU1959,B.Sc Information Technology,Information Technology,8.82,Distinction,2,2,2,4,1,2,3,3,2,0,1,3,3,2,3,3,4,3,3,3,Database Management; Data Analysis,Database Administrator
STU2467,B.Sc Information Technology,Web Technologies,6.51,Second Class,5,3,3,3,1,2,1,2,3,5,4,2,1,3,2,2,5,4,3,5,Machine Learning; Artificial Intelligence; Data Science; Cloud Computing,Machine Learning Engineer
STU1333,B.Sc Information Technology,Web Technologies,7.37,First Class,5,2,0,4,2,0,3,4,5,5,4,3,0,0,4,4,4,3,2,5,Data Science; Artificial Intelligence; Machine Learning; Cybersecurity,Data Scientist
STU1713,B.Sc Computer Science,Cloud & Security,8.64,Distinction,3,1,2,3,5,5,1,1,1,0,0,0,3,1,4,3,4,4,3,3,Web Development; Software Development; Artificial Intelligence,Web Developer
STU1071,B.Sc Information Technology,Cloud & Security,7.7,First Class,3,1,0,4,0,1,4,4,3,2,0,2,0,1,2,4,4,3,3,5,Data Analysis; Database Management; Software Development; Web Development,Data Analyst
STU1290,B.Sc Computer Science,Data Science,7.98,First Class,4,2,0,4,1,1,3,2,5,4,4,3,1,0,4,4,4,3,4,5,Data Science; Artificial Intelligence; Machine Learning; Cloud Computing,Data Scientist
STU1988,B.Sc Computer Science,Web Technologies,6.84,Second Class,2,2,1,5,1,1,3,2,2,1,0,3,3,3,3,3,4,3,3,4,Database Management,Database Administrator
STU2527,B.Sc Information Technology,Web Technologies,8.97,Distinction,5,4,3,4,1,2,1,0,4,4,5,5,2,1,4,3,5,4,3,4,Machine Learning; Artificial Intelligence; Data Science,Machine Learning Engineer
STU1417,B.Sc Information Technology,Information Technology,8.7,Distinction,2,5,4,3,3,4,1,0,2,1,1,3,1,3,4,3,4,5,3,4,Software Development; Web Development; Cloud Computing,Software Developer
STU2088,B.Sc Information Technology,Web Technologies,6.89,Second Class,4,0,1,2,0,2,2,1,0,0,0,4,2,4,4,3,4,4,3,5,Cloud Computing,Cloud Engineer
STU1325,B.Sc Information Technology,Data Science,7.59,First Class,4,0,1,3,1,1,2,1,5,4,4,3,1,1,3,4,4,3,3,5,Data Science; Artificial Intelligence; Machine Learning,Data Scientist
STU1618,B.Sc Information Technology,Information Technology,8.25,First Class,2,2,2,3,3,5,0,1,0,2,0,0,2,1,4,4,3,4,3,3,Web Development; Software Development; Machine Learning; Cybersecurity,Web Developer
STU1381,B.Sc Computer Science,Cloud & Security,6.48,Second Class,5,2,1,4,0,1,3,2,5,5,4,3,1,0,4,4,5,4,3,4,Data Science; Artificial Intelligence; Machine Learning,Data Scientist
STU1174,B.Sc Information Technology,Web Technologies,8.03,First Class,2,0,0,5,1,1,4,4,4,3,0,2,0,2,1,3,4,3,2,5,Data Analysis; Database Management; Web Development; Cybersecurity,Data Analyst
STU1635,B.Sc Information Technology,Cloud & Security,9.16,Distinction,3,2,1,4,5,5,1,0,1,0,0,2,2,1,4,4,4,5,2,2,Web Development; Software Development,Web Developer
STU1702,B.Sc Computer Science,Cloud & Security,7.6,First Class,3,2,0,2,5,5,1,0,2,2,0,2,2,2,5,2,4,4,3,4,Web Development; Software Development; Database Management; Data Analysis,Web Developer
STU2522,B.Sc Information Technology,Software Engineering,7.76,First Class,5,2,3,5,1,1,3,2,4,5,5,2,2,2,2,4,5,4,3,5,Machine Learning; Artificial Intelligence; Data Science; Software Development; Cloud Computing,Machine Learning Engineer
STU1024,B.Sc Information Technology,Information Technology,6.4,Second Class,2,1,1,4,2,0,4,4,4,0,0,1,1,1,2,3,5,3,2,4,Data Analysis; Database Management; Cybersecurity,Data Analyst
STU2524,BCA,Web Technologies,7.04,First Class,5,1,2,4,1,3,2,3,3,4,5,3,2,2,4,2,4,4,3,5,Machine Learning; Artificial Intelligence; Data Science; Data Analysis; Software Development,Machine Learning Engineer
STU1033,B.Sc Information Technology,Information Technology,6.72,Second Class,3,0,1,4,1,2,4,5,4,2,0,1,1,1,2,4,5,3,2,5,Data Analysis; Database Management; Cybersecurity; Artificial Intelligence,Data Analyst
STU1567,B.Sc Information Technology,Information Technology,7.58,First Class,4,2,3,3,2,3,1,2,2,1,0,1,0,0,4,3,4,4,4,3,Software Development; Data Science,Software Developer
STU1100,B.Sc Information Technology,Software Engineering,6.43,Second Class,4,0,0,4,1,0,3,3,5,2,0,2,1,0,2,4,4,3,2,5,Data Analysis; Database Management; Cloud Computing,Data Analyst
STU1519,B.Sc Information Technology,Software Engineering,7.66,First Class,4,2,4,2,2,2,0,1,2,1,0,2,2,2,2,3,5,3,2,3,Software Development; Artificial Intelligence,Software Developer
STU2188,B.Sc Information Technology,Web Technologies,7.45,First Class,2,2,1,3,0,2,1,1,2,1,0,5,4,3,4,3,3,5,4,4,Cloud Computing; Database Management,Cloud Engineer
STU2353,B.Sc Information Technology,Web Technologies,7.71,First Class,3,1,2,4,0,3,1,0,2,0,0,3,5,5,2,2,5,3,3,5,Cybersecurity; Cloud Computing; Software Development; Data Science,Cybersecurity Analyst
STU2176,B.Sc Information Technology,Data Science,5.5,Pass,3,2,1,2,1,2,1,1,0,1,0,5,4,2,4,3,4,4,3,4,Cloud Computing; Machine Learning; Data Science,Cloud Engineer
STU1808,B.Sc Information Technology,Cloud & Security,7.16,First Class,2,2,1,5,1,1,4,2,1,1,0,2,3,3,3,3,5,4,4,3,Database Management; Web Development; Cybersecurity,Database Administrator
STU1395,B.Sc Computer Science,Web Technologies,7.86,First Class,5,3,1,4,1,1,1,4,3,5,4,4,0,1,4,4,4,3,3,4,Data Science; Artificial Intelligence; Machine Learning; Web Development,Data Scientist
STU2396,B.Sc Information Technology,Web Technologies,8.21,First Class,1,2,3,4,1,0,1,1,2,1,0,2,5,4,1,3,5,3,2,5,Cybersecurity; Cloud Computing,Cybersecurity Analyst
STU2453,B.Sc Information Technology,Data Science,8.98,Distinction,4,3,1,4,2,2,0,3,3,5,5,4,2,1,4,2,5,4,3,5,Machine Learning; Artificial Intelligence; Data Science; Data Analysis,Machine Learning Engineer
STU1353,B.Sc Information Technology,Software Engineering,8.04,First Class,5,1,1,3,1,0,3,2,5,5,3,3,0,1,3,4,5,4,3,5,Data Science; Artificial Intelligence; Machine Learning; Web Development,Data Scientist
STU1571,B.Sc Information Technology,Web Technologies,8.07,First Class,4,4,5,4,1,3,1,1,2,1,0,1,2,1,3,3,4,4,3,4,Software Development; Web Development,Software Developer
STU1416,B.Sc Information Technology,Cloud & Security,7.68,First Class,3,4,4,3,2,3,1,0,2,1,0,2,2,1,4,4,5,3,2,5,Software Development,Software Developer
STU1612,B.Sc Information Technology,Information Technology,7.04,First Class,3,2,0,3,5,4,0,2,0,2,0,2,2,0,4,3,5,4,2,3,Web Development; Software Development; Artificial Intelligence,Web Developer
STU1301,B.Sc Information Technology,Software Engineering,9.16,Distinction,5,1,1,5,1,1,3,2,5,5,5,2,1,1,5,3,4,3,4,5,Data Science; Artificial Intelligence; Machine Learning,Data Scientist
STU1070,B.Sc Information Technology,Data Science,6.65,Second Class,3,1,0,4,1,1,4,4,4,2,0,2,0,1,2,4,4,4,2,5,Data Analysis; Database Management,Data Analyst
STU2494,B.Sc Information Technology,Software Engineering,5.88,Pass,5,3,4,4,1,3,2,2,4,5,4,3,2,2,3,2,5,4,3,5,Machine Learning; Artificial Intelligence; Data Science; Web Development,Machine Learning Engineer
STU2037,B.Sc Information Technology,Cloud & Security,8.78,Distinction,3,1,0,2,2,2,2,0,1,1,1,4,4,2,4,4,4,5,4,3,Cloud Computing; Database Management; Software Development,Cloud Engineer
STU1783,B.Sc Information Technology,Web Technologies,6.98,Second Class,3,1,2,2,4,5,1,0,1,2,0,2,2,2,4,3,3,4,1,3,Web Development; Software Development,Web Developer
STU1060,B.Sc Information Technology,Data Science,5.52,Pass,4,1,0,4,1,0,4,5,3,2,0,2,0,1,2,4,4,3,3,5,Data Analysis; Database Management; Artificial Intelligence,Data Analyst
STU1637,B.Sc Information Technology,Software Engineering,7.23,First Class,4,1,0,1,3,3,1,1,1,1,0,2,2,2,2,4,4,4,2,3,Web Development; Software Development,Web Developer
STU2019,B.Sc Information Technology,Software Engineering,7.76,First Class,3,2,0,2,1,2,1,1,1,0,0,5,4,3,2,2,3,5,3,5,Cloud Computing; Machine Learning; Artificial Intelligence,Cloud Engineer
STU1760,B.Sc Information Technology,Data Science,7.53,First Class,3,1,2,3,4,5,0,1,2,2,0,2,2,1,5,3,4,5,1,3,Web Development; Software Development; Database Management; Data Analysis,Web Developer
STU1678,B.Sc Computer Science,Data Science,7.07,First Class,3,1,1,3,5,5,1,1,0,0,0,3,2,1,5,2,3,5,2,3,Web Development; Software Development; Data Analysis; Artificial Intelligence,Web Developer
STU2293,B.Sc Information Technology,Information Technology,7.12,First Class,3,2,2,3,2,1,0,0,1,2,0,3,5,5,3,3,5,2,4,5,Cybersecurity; Cloud Computing; Software Development,Cybersecurity Analyst
STU1528,B.Sc Information Technology,Information Technology,6.38,Second Class,4,3,3,3,1,3,0,0,1,2,0,2,1,2,4,3,4,5,3,5,Software Development,Software Developer
STU2554,B.Sc Computer Science,Data Science,7.49,First Class,5,4,3,2,1,0,3,1,4,3,5,4,2,0,5,4,5,4,3,4,Machine Learning; Artificial Intelligence; Data Science; Software Development; Data Analysis,Machine Learning Engineer
STU1818,B.Sc Computer Science,Information Technology,7.92,First Class,2,2,0,4,2,0,2,2,3,1,1,3,2,3,3,3,4,3,3,4,Database Management; Cybersecurity,Database Administrator
STU1245,B.Sc Information Technology,Information Technology,7.88,First Class,5,1,1,5,1,0,3,4,5,5,5,4,1,1,4,4,5,3,3,4,Data Science; Artificial Intelligence; Machine Learning; Cloud Computing,Data Scientist
STU2044,B.Sc Information Technology,Information Technology,6.77,Second Class,1,2,1,1,1,2,1,0,2,2,0,5,4,3,4,2,3,4,3,4,Cloud Computing; Data Science,Cloud Engineer
STU2411,B.Sc Information Technology,Cloud & Security,7.83,First Class,5,3,4,4,2,2,2,2,3,5,5,4,2,2,4,2,5,3,3,5,Machine Learning; Artificial Intelligence; Data Science; Software Development,Machine Learning Engineer
STU2074,B.Sc Computer Science,Software Engineering,7.05,First Class,3,0,1,2,1,2,0,0,0,1,0,5,4,3,4,3,4,4,4,3,Cloud Computing,Cloud Engineer
STU2463,B.Sc Information Technology,Data Science,7.83,First Class,5,3,1,4,0,2,2,2,3,5,3,2,2,3,4,3,4,3,2,5,Machine Learning; Artificial Intelligence; Data Science; Cybersecurity,Machine Learning Engineer
STU2430,B.Sc Information Technology,Data Science,7.8,First Class,5,3,3,4,1,2,2,1,5,3,5,4,3,2,5,2,5,4,3,5,Machine Learning; Artificial Intelligence; Data Science; Database Management,Machine Learning Engineer
STU2206,B.Sc Information Technology,Web Technologies,7.36,First Class,2,3,3,3,1,0,1,1,0,0,0,2,5,5,3,2,5,3,3,4,Cybersecurity; Cloud Computing; Database Management,Cybersecurity Analyst
STU2108,B.Sc Computer Science,Web Technologies,6.85,Second Class,4,2,1,2,1,1,0,1,1,0,0,4,4,3,3,3,4,3,3,3,Cloud Computing; Machine Learning,Cloud Engineer
STU2399,B.Sc Information Technology,Information Technology,7.17,First Class,1,1,3,3,2,3,1,1,2,1,0,3,5,4,2,2,5,3,3,5,Cybersecurity; Cloud Computing; Data Science,Cybersecurity Analyst
STU1536,BCA,Cloud & Security,7.96,First Class,4,2,2,3,2,3,2,0,1,1,0,2,3,3,2,2,5,4,2,4,Software Development; Cybersecurity,Software Developer
STU2568,B.Sc Information Technology,Cloud & Security,7.79,First Class,5,2,3,5,1,1,2,2,3,5,5,3,2,2,5,3,5,4,3,5,Machine Learning; Artificial Intelligence; Data Science; Cybersecurity,Machine Learning Engineer
STU2304,B.Sc Information Technology,Cloud & Security,8.48,First Class,2,2,2,3,3,2,0,2,2,0,0,3,5,5,2,4,5,3,3,5,Cybersecurity; Cloud Computing,Cybersecurity Analyst
STU1299,B.Sc Information Technology,Data Science,6.86,Second Class,5,3,0,4,1,0,4,3,5,5,3,3,0,1,4,4,5,3,3,5,Data Science; Artificial Intelligence; Machine Learning; Cloud Computing,Data Scientist
STU1765,B.Sc Information Technology,Cloud & Security,7.52,First Class,4,3,1,1,5,5,0,1,1,2,0,3,1,0,5,2,4,4,3,3,Web Development; Software Development,Web Developer
STU1345,BCA,Information Technology,7.5,First Class,5,2,1,3,1,1,2,3,5,5,3,4,1,1,3,4,5,3,3,5,Data Science; Artificial Intelligence; Machine Learning; Data Analysis; Web Development,Data Scientist
STU1531,B.Sc Information Technology,Web Technologies,6.96,Second Class,3,3,3,2,2,3,2,1,2,1,0,2,0,0,3,2,5,4,4,5,Software Development; Web Development; Data Analysis,Software Developer
STU2085,B.Sc Information Technology,Data Science,8.54,Distinction,3,1,1,2,1,1,1,1,0,2,0,5,5,3,4,3,4,3,3,4,Cloud Computing; Machine Learning,Cloud Engineer
STU1535,B.Sc Information Technology,Software Engineering,6.81,Second Class,4,4,4,3,2,4,1,1,2,0,0,3,1,3,4,3,5,4,3,4,Software Development; Database Management; Machine Learning,Software Developer
STU2286,B.Sc Information Technology,Software Engineering,7.35,First Class,4,3,4,3,2,0,1,0,3,1,0,3,5,5,3,3,5,3,4,5,Cybersecurity; Cloud Computing; Data Analysis; Machine Learning,Cybersecurity Analyst
STU1472,B.Sc Computer Science,Cloud & Security,6.57,Second Class,3,3,3,3,2,4,1,1,2,2,0,2,2,2,4,2,4,4,3,3,Software Development; Data Analysis,Software Developer
STU1611,B.Sc Information Technology,Data Science,7.16,First Class,3,1,1,1,5,5,1,1,0,0,0,2,2,3,2,3,4,4,3,3,Web Development; Software Development,Web Developer
STU1186,B.Sc Information Technology,Web Technologies,6.2,Second Class,2,1,0,4,1,1,3,3,2,2,0,3,1,1,3,4,5,3,2,4,Data Analysis; Database Management; Web Development,Data Analyst
STU1708,B.Sc Information Technology,Information Technology,8.85,Distinction,3,0,1,4,4,5,1,0,0,1,0,2,2,2,3,3,3,5,2,4,Web Development; Software Development; Artificial Intelligence,Web Developer
STU1050,B.Sc Computer Science,Information Technology,6.81,Second Class,4,1,0,4,1,1,5,2,5,2,0,2,1,2,3,4,4,3,3,5,Data Analysis; Database Management; Cybersecurity,Data Analyst
STU2115,B.Sc Information Technology,Software Engineering,7.3,First Class,2,0,0,2,0,2,1,1,1,0,0,5,5,3,5,3,5,3,3,5,Cloud Computing,Cloud Engineer
STU1819,B.Sc Information Technology,Information Technology,7.47,First Class,3,2,0,5,1,1,4,0,2,0,0,3,4,3,3,4,4,3,3,5,Database Management; Cloud Computing; Machine Learning,Database Administrator
STU1125,B.Sc Information Technology,Software Engineering,7.53,First Class,4,2,0,4,1,1,3,4,4,3,0,2,1,1,2,4,4,4,2,5,Data Analysis; Database Management; Software Development,Data Analyst
STU1904,B.Sc Information Technology,Software Engineering,7.8,First Class,2,2,0,5,1,1,3,2,2,1,0,4,3,4,1,3,4,2,3,4,Database Management; Cloud Computing,Database Administrator
STU1340,B.Sc Information Technology,Software Engineering,6.27,Second Class,5,3,1,4,1,1,2,3,3,4,5,3,1,1,4,4,5,3,3,5,Data Science; Artificial Intelligence; Machine Learning; Cybersecurity,Data Scientist
STU1835,B.Sc Information Technology,Cloud & Security,6.93,Second Class,1,0,0,4,0,0,3,3,2,0,0,3,3,4,1,3,4,4,3,4,Database Management; Data Science,Database Administrator
STU1908,B.Sc Information Technology,Software Engineering,7.01,First Class,3,2,0,4,1,1,4,3,3,1,0,3,2,3,3,3,4,3,3,5,Database Management; Software Development,Database Administrator
STU1310,B.Sc Information Technology,Information Technology,7.78,First Class,3,2,1,4,0,2,3,4,5,5,4,2,1,1,4,5,5,3,2,5,Data Science; Artificial Intelligence; Machine Learning; Software Development,Data Scientist
STU1367,B.Sc Information Technology,Software Engineering,8.69,Distinction,4,0,1,3,2,0,3,1,4,5,4,1,0,0,4,4,4,3,3,5,Data Science; Artificial Intelligence; Machine Learning; Cybersecurity; Web Development,Data Scientist
STU1362,B.Sc Information Technology,Cloud & Security,8.47,First Class,5,1,1,4,2,1,3,3,5,5,4,4,1,2,5,5,5,3,4,5,Data Science; Artificial Intelligence; Machine Learning; Cloud Computing,Data Scientist
STU1602,BCA,Information Technology,6.32,Second Class,3,1,1,3,5,5,1,2,1,1,1,3,0,1,4,3,4,5,1,3,Web Development; Software Development,Web Developer
STU2178,B.Sc Information Technology,Software Engineering,7.38,First Class,3,2,1,2,1,2,1,1,0,1,0,5,3,2,4,2,4,4,3,4,Cloud Computing,Cloud Engineer
STU2406,B.Sc Information Technology,Cloud & Security,7.82,First Class,3,3,3,4,2,1,3,2,3,5,5,2,1,2,4,4,5,4,3,5,Machine Learning; Artificial Intelligence; Data Science; Cybersecurity; Data Analysis,Machine Learning Engineer
STU1406,B.Sc Information Technology,Cloud & Security,6.31,Second Class,4,3,4,2,2,3,1,1,1,0,1,1,0,3,4,3,4,4,3,4,Software Development,Software Developer
STU2117,B.Sc Information Technology,Data Science,7.32,First Class,3,3,1,2,2,2,0,0,0,1,0,5,4,4,3,4,3,4,3,4,Cloud Computing; Web Development,Cloud Engineer
STU2340,B.Sc Information Technology,Data Science,6.69,Second Class,3,2,2,4,3,3,1,0,2,1,0,3,5,4,3,4,5,3,3,5,Cybersecurity; Cloud Computing; Data Analysis,Cybersecurity Analyst
STU1562,B.Sc Computer Science,Cloud & Security,7.79,First Class,3,2,4,4,1,1,0,1,2,0,0,2,2,2,4,3,5,3,3,4,Software Development,Software Developer
STU2139,BCA,Data Science,6.53,Second Class,3,1,1,2,0,3,0,0,1,1,1,5,3,4,5,2,4,4,3,5,Cloud Computing,Cloud Engineer
STU1248,B.Sc Computer Science,Data Science,7.74,First Class,4,3,1,3,0,1,2,3,4,4,4,3,1,1,5,4,5,3,2,4,Data Science; Artificial Intelligence; Machine Learning; Cloud Computing,Data Scientist
STU1110,B.Sc Information Technology,Information Technology,5.67,Pass,2,1,0,5,2,1,4,4,5,2,0,1,1,1,2,3,5,2,2,5,Data Analysis; Database Management; Cybersecurity,Data Analyst
STU1221,B.Sc Information Technology,Data Science,7.62,First Class,3,2,0,4,2,1,3,3,3,4,5,3,0,1,3,4,5,4,3,5,Data Science; Artificial Intelligence; Machine Learning; Database Management,Data Scientist
STU1204,B.Sc Information Technology,Software Engineering,6.99,Second Class,5,1,1,4,1,2,2,3,5,5,3,3,1,0,4,4,5,4,3,5,Data Science; Artificial Intelligence; Machine Learning; Database Management,Data Scientist
STU1848,B.Sc Information Technology,Information Technology,7.28,First Class,3,0,1,5,2,2,3,3,2,0,0,3,3,3,3,4,4,4,4,4,Database Management; Cybersecurity,Database Administrator
STU2226,B.Sc Computer Science,Cloud & Security,8.12,First Class,3,2,2,2,1,0,1,1,1,0,0,2,4,5,1,3,4,4,3,4,Cybersecurity; Cloud Computing; Web Development,Cybersecurity Analyst
STU1276,B.Sc Information Technology,Data Science,7.05,First Class,5,2,1,3,2,0,3,3,4,4,4,3,1,1,3,3,5,3,3,4,Data Science; Artificial Intelligence; Machine Learning; Data Analysis,Data Scientist
STU1463,B.Sc Information Technology,Information Technology,7.56,First Class,3,4,4,2,2,3,1,1,0,1,0,2,2,1,4,2,5,4,3,5,Software Development; Data Science; Cloud Computing,Software Developer
STU2365,B.Sc Computer Science,Web Technologies,6.54,Second Class,3,3,4,3,2,1,2,1,2,0,0,2,5,4,3,2,5,2,4,5,Cybersecurity; Cloud Computing; Database Management,Cybersecurity Analyst
STU1351,B.Sc Computer Science,Software Engineering,8.09,First Class,5,3,0,4,2,0,1,3,5,4,5,3,1,1,4,3,5,3,3,5,Data Science; Artificial Intelligence; Machine Learning; Cybersecurity; Cloud Computing,Data Scientist
STU1271,B.Sc Computer Science,Data Science,7.76,First Class,5,1,2,5,2,1,3,3,5,5,4,1,0,1,4,5,4,2,2,4,Data Science; Artificial Intelligence; Machine Learning,Data Scientist
STU1599,B.Sc Information Technology,Data Science,5.67,Pass,3,5,2,4,2,3,2,0,2,1,0,2,2,2,4,3,5,5,3,3,Software Development; Machine Learning,Software Developer
STU1052,B.Sc Information Technology,Cloud & Security,6.95,Second Class,3,0,0,2,1,1,4,4,4,2,1,1,0,0,0,4,5,2,1,5,Data Analysis; Database Management; Cybersecurity; Web Development,Data Analyst
STU1077,B.Sc Information Technology,Information Technology,6.97,Second Class,2,1,0,4,1,1,3,4,3,1,0,2,1,0,2,4,3,4,2,5,Data Analysis; Database Management; Data Science,Data Analyst
STU1552,B.Sc Information Technology,Cloud & Security,8.52,Distinction,5,5,4,3,1,3,2,2,2,1,0,2,2,2,3,3,5,5,3,5,Software Development,Software Developer
STU2490,B.Sc Information Technology,Data Science,6.51,Second Class,5,4,2,4,1,1,2,2,5,5,4,4,2,1,4,3,5,4,3,4,Machine Learning; Artificial Intelligence; Data Science,Machine Learning Engineer
STU2461,B.Sc Information Technology,Web Technologies,8.03,First Class,5,3,2,3,1,1,2,1,4,5,5,3,1,2,5,3,4,4,3,5,Machine Learning; Artificial Intelligence; Data Science,Machine Learning Engineer
STU2114,B.Sc Information Technology,Web Technologies,6.55,Second Class,3,2,1,2,1,2,1,2,2,1,0,5,2,2,4,3,5,4,3,4,Cloud Computing; Machine Learning; Data Science,Cloud Engineer
STU1615,B.Sc Information Technology,Web Technologies,7.85,First Class,3,2,1,2,5,4,0,1,1,2,0,3,2,2,4,2,4,4,1,3,Web Development; Software Development,Web Developer
STU1163,B.Sc Information Technology,Web Technologies,6.76,Second Class,4,1,0,5,1,1,4,4,4,2,1,3,1,1,2,3,3,3,2,4,Data Analysis; Database Management; Data Science; Software Development,Data Analyst
STU1124,B.Sc Information Technology,Information Technology,7.59,First Class,3,1,0,4,1,1,4,2,3,2,0,2,1,1,1,4,4,3,2,5,Data Analysis; Database Management; Software Development,Data Analyst
STU2410,B.Sc Information Technology,Software Engineering,8.36,First Class,5,4,3,2,1,1,1,3,3,5,5,3,2,0,4,3,5,4,2,5,Machine Learning; Artificial Intelligence; Data Science; Cybersecurity,Machine Learning Engineer
STU1439,B.Sc Information Technology,Cloud & Security,6.55,Second Class,3,5,5,1,1,2,0,2,2,1,1,2,2,2,4,3,4,4,2,3,Software Development; Cybersecurity,Software Developer
STU1856,B.Sc Information Technology,Data Science,7.54,First Class,1,2,0,3,1,1,2,2,0,0,0,2,3,4,3,3,4,2,3,4,Database Management; Artificial Intelligence,Database Administrator
STU2245,B.Sc Information Technology,Information Technology,8.1,First Class,2,2,2,2,2,1,1,1,2,1,1,3,5,5,3,3,5,3,4,4,Cybersecurity; Cloud Computing; Web Development; Software Development,Cybersecurity Analyst
STU1252,B.Sc Information Technology,Information Technology,7.73,First Class,4,1,2,4,0,1,3,1,5,5,4,3,1,0,3,4,5,2,3,5,Data Science; Artificial Intelligence; Machine Learning,Data Scientist
STU1272,B.Sc Information Technology,Web Technologies,8.14,First Class,4,2,1,4,0,0,3,2,5,5,3,4,1,1,2,3,5,2,4,4,Data Science; Artificial Intelligence; Machine Learning; Software Development,Data Scientist
STU1185,B.Sc Information Technology,Cloud & Security,6.02,Second Class,3,0,0,5,2,1,4,5,4,2,1,2,1,0,1,5,4,3,1,5,Data Analysis; Database Management; Cybersecurity,Data Analyst
STU1068,B.Sc Information Technology,Data Science,7.36,First Class,2,1,0,4,1,2,3,3,3,3,0,1,1,2,2,5,4,3,2,5,Data Analysis; Database Management; Data Science,Data Analyst
STU1484,B.Sc Information Technology,Software Engineering,8.8,Distinction,4,4,4,1,1,2,0,1,0,1,0,2,2,1,5,2,5,5,3,4,Software Development; Machine Learning,Software Developer
STU1142,B.Sc Information Technology,Cloud & Security,7.28,First Class,1,1,0,5,1,0,4,5,4,0,1,2,0,0,2,3,5,3,3,5,Data Analysis; Database Management,Data Analyst
STU2390,B.Sc Information Technology,Web Technologies,7.32,First Class,4,1,4,3,1,2,1,1,2,0,0,4,4,5,2,3,4,4,2,5,Cybersecurity; Cloud Computing; Data Science; Database Management,Cybersecurity Analyst
STU1933,B.Sc Information Technology,Data Science,6.95,Second Class,1,2,0,5,2,1,4,1,3,1,0,3,4,1,3,4,3,3,3,4,Database Management; Data Science,Database Administrator
STU1529,B.Sc Information Technology,Data Science,7.64,First Class,4,5,4,4,0,2,0,1,0,1,0,2,3,1,4,3,4,4,4,5,Software Development; Data Science; Cloud Computing,Software Developer
STU1465,B.Sc Information Technology,Software Engineering,5.8,Pass,4,4,3,1,3,3,1,1,2,2,0,1,2,2,4,3,5,4,2,3,Software Development; Cybersecurity,Software Developer
STU1716,B.Sc Information Technology,Information Technology,7.09,First Class,3,2,0,3,5,3,1,0,1,1,1,1,2,1,4,3,3,4,2,4,Web Development; Software Development; Artificial Intelligence,Web Developer
STU2002,B.Sc Information Technology,Software Engineering,6.63,Second Class,2,3,1,1,1,2,0,2,2,0,0,5,3,3,4,3,4,4,4,4,Cloud Computing; Software Development; Cybersecurity,Cloud Engineer
STU1307,B.Sc Information Technology,Data Science,7.12,First Class,3,2,0,3,1,0,3,3,5,5,4,2,1,2,3,3,5,3,3,5,Data Science; Artificial Intelligence; Machine Learning,Data Scientist
STU1766,B.Sc Information Technology,Web Technologies,7.44,First Class,4,2,1,3,5,5,2,1,0,1,0,2,2,1,5,4,5,4,2,3,Web Development; Software Development; Artificial Intelligence,Web Developer
STU2404,B.Sc Information Technology,Data Science,8.14,First Class,5,4,4,3,0,2,1,2,3,5,4,4,2,3,5,3,5,4,3,5,Machine Learning; Artificial Intelligence; Data Science,Machine Learning Engineer
STU2422,BCA,Web Technologies,9.35,Distinction,5,3,3,4,0,1,0,3,4,3,3,3,0,2,2,2,5,5,3,5,Machine Learning; Artificial Intelligence; Data Science,Machine Learning Engineer
STU1592,B.Sc Information Technology,Data Science,7.68,First Class,5,4,2,3,1,4,1,0,2,0,0,3,3,2,4,2,5,4,3,5,Software Development,Software Developer
STU2459,BCA,Cloud & Security,7.15,First Class,4,2,3,4,0,0,3,2,3,5,5,4,3,2,4,4,5,5,3,5,Machine Learning; Artificial Intelligence; Data Science; Software Development; Web Development,Machine Learning Engineer
STU1298,B.Sc Information Technology,Data Science,8.1,First Class,5,1,0,3,0,0,4,3,5,3,3,3,1,1,4,4,5,3,4,5,Data Science; Artificial Intelligence; Machine Learning; Cybersecurity,Data Scientist
STU2380,B.Sc Information Technology,Cloud & Security,6.42,Second Class,3,2,3,3,2,2,1,0,1,1,0,2,5,3,2,4,5,3,3,5,Cybersecurity; Cloud Computing,Cybersecurity Analyst
STU1939,B.Sc Information Technology,Web Technologies,6.89,Second Class,2,1,1,5,1,1,2,2,1,1,0,3,2,2,3,4,5,4,3,4,Database Management; Web Development; Data Analysis,Database Administrator
STU2198,B.Sc Information Technology,Data Science,9.27,Distinction,3,2,1,3,0,2,1,1,1,1,0,4,4,2,4,4,4,3,2,4,Cloud Computing,Cloud Engineer
STU1731,B.Sc Computer Science,Cloud & Security,8.16,First Class,2,1,0,1,5,3,0,0,2,1,0,2,2,2,4,3,5,4,2,3,Web Development; Software Development; Cybersecurity; Machine Learning,Web Developer
STU2146,B.Sc Information Technology,Information Technology,5.79,Pass,2,2,0,1,0,2,1,0,0,2,0,5,4,3,2,3,4,4,4,4,Cloud Computing,Cloud Engineer
STU2381,B.Sc Information Technology,Web Technologies,7.02,First Class,4,1,1,4,2,2,1,1,1,1,0,3,5,4,3,4,5,3,2,5,Cybersecurity; Cloud Computing; Data Analysis,Cybersecurity Analyst
STU1889,B.Sc Information Technology,Software Engineering,8.27,First Class,2,2,1,5,1,2,2,3,2,0,0,3,3,3,3,3,4,3,3,4,Database Management; Software Development,Database Administrator
STU2539,B.Sc Information Technology,Data Science,7.21,First Class,5,1,3,4,1,2,2,3,4,5,4,3,2,0,5,2,5,4,3,4,Machine Learning; Artificial Intelligence; Data Science; Cybersecurity,Machine Learning Engineer
STU1561,B.Sc Information Technology,Cloud & Security,6.89,Second Class,4,4,4,3,3,1,2,1,2,1,0,3,2,2,2,2,5,4,3,3,Software Development; Data Science,Software Developer
STU1926,B.Sc Information Technology,Cloud & Security,7.17,First Class,2,2,1,5,1,2,1,2,3,1,0,2,3,3,3,2,3,3,3,5,Database Management; Data Science; Data Analysis,Database Administrator
STU1383,B.Sc Information Technology,Data Science,6.5,Second Class,5,2,0,3,1,0,1,3,5,5,3,3,2,1,4,4,5,2,3,5,Data Science; Artificial Intelligence; Machine Learning; Software Development; Database Management,Data Scientist
STU2066,B.Sc Computer Science,Software Engineering,6.32,Second Class,3,2,2,3,1,1,1,1,2,1,0,5,2,3,3,3,4,5,4,3,Cloud Computing,Cloud Engineer
STU1240,B.Sc Information Technology,Software Engineering,7.27,First Class,5,2,1,3,1,0,2,4,5,5,3,3,0,0,2,4,5,2,3,5,Data Science; Artificial Intelligence; Machine Learning; Software Development,Data Scientist
STU2299,B.Sc Information Technology,Information Technology,6.79,Second Class,2,2,3,3,2,3,1,0,2,1,0,3,4,5,3,4,5,3,2,5,Cybersecurity; Cloud Computing,Cybersecurity Analyst
STU1452,B.Sc Information Technology,Software Engineering,7.61,First Class,4,4,3,3,3,3,0,0,2,1,0,2,2,2,4,2,5,5,3,4,Software Development; Cloud Computing,Software Developer
STU1317,B.Sc Information Technology,Software Engineering,7.25,First Class,5,2,1,4,1,2,2,3,5,5,3,1,0,0,5,4,5,3,3,4,Data Science; Artificial Intelligence; Machine Learning; Software Development,Data Scientist
STU2164,B.Sc Computer Science,Cloud & Security,7.7,First Class,4,1,0,0,1,3,0,0,1,1,0,5,3,3,5,4,4,4,4,4,Cloud Computing,Cloud Engineer
STU1332,B.Sc Information Technology,Cloud & Security,8.4,First Class,5,3,1,4,0,2,3,1,5,5,3,2,0,1,4,4,5,4,3,4,Data Science; Artificial Intelligence; Machine Learning; Web Development,Data Scientist
STU1979,B.Sc Information Technology,Information Technology,6.96,Second Class,1,1,0,5,1,1,3,2,2,0,0,3,3,3,3,3,5,3,2,4,Database Management; Web Development,Database Administrator
STU1555,B.Sc Computer Science,Information Technology,7.7,First Class,3,4,4,1,2,3,0,1,1,1,0,2,2,2,2,4,5,3,4,4,Software Development; Cybersecurity,Software Developer
STU1591,B.Sc Information Technology,Cloud & Security,6.62,Second Class,3,5,4,2,2,4,1,1,2,1,0,1,2,2,4,3,4,3,3,4,Software Development; Web Development,Software Developer
STU1304,B.Sc Information Technology,Web Technologies,7.87,First Class,4,2,0,4,1,1,3,3,4,5,4,3,1,2,4,4,4,3,3,4,Data Science; Artificial Intelligence; Machine Learning; Cloud Computing,Data Scientist
STU2186,B.Sc Information Technology,Software Engineering,6.24,Second Class,4,2,0,2,2,3,1,1,1,1,0,5,4,3,4,2,4,4,2,4,Cloud Computing; Machine Learning; Data Analysis,Cloud Engineer
STU1171,B.Sc Information Technology,Software Engineering,7.9,First Class,3,1,0,4,1,0,4,4,2,2,1,1,1,0,2,4,4,4,3,5,Data Analysis; Database Management; Web Development,Data Analyst
STU2089,B.Sc Computer Science,Web Technologies,7.24,First Class,3,2,1,2,0,2,1,0,1,1,0,4,5,3,4,3,4,5,3,4,Cloud Computing; Data Analysis,Cloud Engineer
STU1262,B.Sc Information Technology,Information Technology,8.6,Distinction,4,1,1,5,0,0,3,3,5,5,5,3,1,1,2,5,5,2,3,5,Data Science; Artificial Intelligence; Machine Learning; Cybersecurity,Data Scientist
STU1576,B.Sc Information Technology,Cloud & Security,7.79,First Class,5,3,4,4,2,3,1,0,2,0,0,0,3,1,4,3,5,4,3,4,Software Development; Cloud Computing,Software Developer
STU1045,B.Sc Information Technology,Software Engineering,7.1,First Class,4,0,1,4,1,0,4,4,3,1,1,3,0,1,3,5,5,3,2,5,Data Analysis; Database Management; Cybersecurity,Data Analyst
STU1469,B.Sc Computer Science,Software Engineering,6.95,Second Class,5,4,5,3,1,3,2,1,2,1,0,1,2,2,2,4,5,4,3,4,Software Development; Machine Learning,Software Developer
STU1260,B.Sc Information Technology,Software Engineering,7.54,First Class,5,3,1,4,2,2,3,2,3,5,4,3,0,0,4,4,4,3,3,5,Data Science; Artificial Intelligence; Machine Learning; Cloud Computing,Data Scientist
STU1545,B.Sc Information Technology,Web Technologies,8.18,First Class,3,3,4,2,1,3,2,0,1,1,0,1,3,2,4,2,5,5,3,4,Software Development,Software Developer
STU1942,B.Sc Information Technology,Information Technology,7.95,First Class,3,2,1,4,1,1,3,2,1,1,0,2,3,3,4,2,4,2,3,3,Database Management; Data Science,Database Administrator
STU1354,B.Sc Computer Science,Data Science,6.1,Second Class,3,1,2,4,1,2,2,3,5,4,3,3,1,1,2,5,4,3,3,4,Data Science; Artificial Intelligence; Machine Learning,Data Scientist
STU1399,B.Sc Information Technology,Cloud & Security,9.86,Distinction,5,1,1,4,2,1,3,3,4,5,5,3,2,0,2,5,5,4,3,5,Data Science; Artificial Intelligence; Machine Learning; Cloud Computing; Web Development,Data Scientist
STU1843,B.Sc Information Technology,Data Science,5.62,Pass,2,2,1,3,0,1,1,2,1,0,0,1,2,3,3,3,3,4,4,3,Database Management; Data Science; Web Development,Database Administrator
STU1753,B.Sc Information Technology,Cloud & Security,9.1,Distinction,2,2,1,4,5,5,1,0,1,1,0,2,3,0,2,2,4,3,3,2,Web Development; Software Development; Database Management,Web Developer
STU1530,BCA,Cloud & Security,6.63,Second Class,4,5,4,3,2,3,2,0,2,1,0,2,2,1,2,2,5,4,3,4,Software Development; Data Analysis; Web Development,Software Developer
STU2038,B.Sc Information Technology,Web Technologies,7.85,First Class,1,3,1,1,1,0,1,1,1,0,0,4,4,2,4,3,4,4,2,3,Cloud Computing; Database Management,Cloud Engineer
STU1116,B.Sc Information Technology,Cloud & Security,7.08,First Class,2,1,0,2,2,0,4,2,2,3,0,2,0,1,2,4,4,4,2,5,Data Analysis; Database Management; Web Development,Data Analyst
STU1737,B.Sc Information Technology,Software Engineering,6.81,Second Class,3,1,0,3,4,5,1,0,0,0,0,1,3,2,4,2,4,4,2,3,Web Development; Software Development; Artificial Intelligence,Web Developer
STU1837,B.Sc Information Technology,Software Engineering,6.68,Second Class,2,3,1,5,0,2,3,3,2,1,0,3,4,1,3,4,4,3,3,4,Database Management; Machine Learning; Web Development,Database Administrator
STU1868,B.Sc Computer Science,Data Science,5.69,Pass,2,2,1,5,0,1,3,1,2,1,0,4,4,4,3,3,4,3,3,4,Database Management; Cloud Computing,Database Administrator
STU1176,B.Sc Information Technology,Software Engineering,7.88,First Class,3,1,0,2,2,0,2,3,2,2,0,2,1,1,2,5,5,2,2,5,Data Analysis; Database Management; Machine Learning; Web Development,Data Analyst
STU1343,B.Sc Information Technology,Web Technologies,8.06,First Class,5,2,0,3,1,1,3,1,5,5,3,3,1,1,4,4,5,3,3,5,Data Science; Artificial Intelligence; Machine Learning,Data Scientist
STU2318,B.Sc Computer Science,Web Technologies,9.35,Distinction,3,0,1,3,1,2,2,0,2,1,0,2,4,5,3,3,5,3,3,5,Cybersecurity; Cloud Computing,Cybersecurity Analyst
STU1414,B.Sc Information Technology,Cloud & Security,7.93,First Class,3,4,4,1,1,1,1,1,2,2,0,1,3,2,4,3,5,4,3,4,Software Development,Software Developer
STU2212,B.Sc Information Technology,Information Technology,6.01,Second Class,3,2,1,4,1,2,1,1,1,0,1,4,4,3,3,3,5,3,2,5,Cybersecurity; Cloud Computing; Machine Learning,Cybersecurity Analyst
STU1079,B.Sc Information Technology,Software Engineering,8.72,Distinction,4,0,0,3,2,1,4,4,4,2,0,2,1,1,2,4,3,3,3,4,Data Analysis; Database Management,Data Analyst
STU2145,B.Sc Information Technology,Software Engineering,6.02,Second Class,3,1,1,2,1,0,0,1,1,0,0,5,2,3,5,2,3,4,3,4,Cloud Computing; Artificial Intelligence,Cloud Engineer
STU2475,B.Sc Information Technology,Data Science,8.06,First Class,5,3,4,3,1,1,3,0,3,4,5,4,2,1,4,3,5,4,3,5,Machine Learning; Artificial Intelligence; Data Science; Database Management,Machine Learning Engineer
STU2055,B.Sc Computer Science,Cloud & Security,8.23,First Class,3,1,2,1,1,1,2,1,1,0,0,5,3,4,4,3,4,5,2,3,Cloud Computing,Cloud Engineer
STU2534,B.Sc Information Technology,Information Technology,8.66,Distinction,5,2,4,4,1,1,1,2,5,5,5,4,3,2,3,3,5,5,3,5,Machine Learning; Artificial Intelligence; Data Science,Machine Learning Engineer
STU1616,B.Sc Information Technology,Data Science,9.37,Distinction,3,2,0,3,5,4,0,2,1,1,0,2,1,2,4,3,4,3,3,3,Web Development; Software Development; Machine Learning,Web Developer
STU1586,B.Sc Information Technology,Software Engineering,6.39,Second Class,3,4,2,2,2,3,0,1,2,0,1,1,3,0,5,2,5,4,3,4,Software Development,Software Developer
STU1199,B.Sc Information Technology,Cloud & Security,6.53,Second Class,4,2,0,5,0,0,3,2,4,0,0,1,0,0,2,3,5,4,1,5,Data Analysis; Database Management,Data Analyst
STU1016,B.Sc Information Technology,Web Technologies,8.1,First Class,2,1,0,3,1,1,4,4,3,1,0,3,1,1,3,4,4,3,1,4,Data Analysis; Database Management; Artificial Intelligence,Data Analyst
STU1787,BCA,Web Technologies,7.91,First Class,3,2,2,3,3,5,2,1,1,1,0,1,2,3,2,3,3,4,2,3,Web Development; Software Development,Web Developer
STU2133,B.Sc Information Technology,Data Science,7.14,First Class,3,2,1,2,1,2,1,0,1,1,0,5,5,1,3,3,4,4,4,4,Cloud Computing; Artificial Intelligence; Software Development,Cloud Engineer
STU1275,B.Sc Information Technology,Web Technologies,8.03,First Class,5,3,0,5,1,1,3,3,5,5,4,3,0,2,4,4,4,3,2,4,Data Science; Artificial Intelligence; Machine Learning; Web Development,Data Scientist
STU2369,B.Sc Information Technology,Software Engineering,8.28,First Class,3,1,2,4,1,2,0,1,0,0,0,3,5,5,3,3,5,3,3,5,Cybersecurity; Cloud Computing; Database Management,Cybersecurity Analyst
STU2032,B.Sc Information Technology,Web Technologies,8.33,First Class,3,1,1,2,0,2,1,1,2,1,0,3,4,3,4,3,5,3,2,4,Cloud Computing; Data Analysis; Machine Learning,Cloud Engineer
STU1721,B.Sc Information Technology,Software Engineering,9.5,Distinction,3,2,1,3,5,4,1,1,1,0,1,2,2,2,3,3,4,5,1,4,Web Development; Software Development; Machine Learning; Data Analysis,Web Developer
STU1894,B.Sc Information Technology,Web Technologies,6.52,Second Class,2,1,1,4,0,0,3,2,2,1,0,3,2,3,3,2,3,3,3,3,Database Management; Web Development,Database Administrator
STU2323,B.Sc Information Technology,Cloud & Security,7.01,First Class,3,2,4,3,2,0,0,1,3,1,0,4,4,4,3,3,5,2,3,5,Cybersecurity; Cloud Computing; Artificial Intelligence,Cybersecurity Analyst
STU1673,B.Sc Information Technology,Cloud & Security,6.49,Second Class,4,1,2,3,4,4,0,2,1,2,0,2,2,2,4,3,4,4,1,3,Web Development; Software Development; Artificial Intelligence; Cybersecurity,Web Developer
STU2246,B.Sc Computer Science,Information Technology,9.07,Distinction,4,1,1,4,2,2,0,0,2,2,0,3,4,5,2,2,4,3,2,5,Cybersecurity; Cloud Computing; Web Development; Data Science,Cybersecurity Analyst
STU1494,B.Sc Information Technology,Software Engineering,7.13,First Class,3,3,5,1,2,3,1,1,2,1,1,2,3,2,3,3,5,3,3,3,Software Development; Cloud Computing,Software Developer
STU1655,B.Sc Information Technology,Information Technology,6.21,Second Class,3,2,1,3,3,5,0,1,1,1,0,3,3,2,3,4,3,5,2,4,Web Development; Software Development; Data Science; Database Management,Web Developer
STU1200,B.Sc Information Technology,Cloud & Security,7.78,First Class,3,1,0,4,1,0,3,4,3,0,0,2,1,2,2,5,3,3,3,5,Data Analysis; Database Management; Machine Learning,Data Analyst
STU1608,B.Sc Information Technology,Cloud & Security,7.39,First Class,3,2,1,3,5,5,1,1,0,1,0,2,1,3,3,3,4,4,2,3,Web Development; Software Development; Data Science,Web Developer
STU2330,B.Sc Information Technology,Data Science,7.06,First Class,1,2,3,4,0,2,0,0,2,0,0,3,4,5,1,4,4,2,3,5,Cybersecurity; Cloud Computing; Web Development; Database Management,Cybersecurity Analyst
STU1907,B.Sc Information Technology,Information Technology,7.55,First Class,1,2,1,5,1,1,4,2,1,1,0,3,2,1,3,3,3,3,2,4,Database Management; Data Science; Cloud Computing,Database Administrator
STU2227,B.Sc Information Technology,Data Science,7.99,First Class,3,3,3,3,2,3,0,0,3,1,1,3,5,5,2,3,5,3,3,5,Cybersecurity; Cloud Computing; Data Science,Cybersecurity Analyst
STU2592,B.Sc Information Technology,Cloud & Security,6.95,Second Class,4,2,1,4,0,0,0,2,4,5,5,5,2,2,3,3,5,5,4,5,Machine Learning; Artificial Intelligence; Data Science,Machine Learning Engineer
STU1352,B.Sc Information Technology,Data Science,7.94,First Class,5,2,2,2,0,0,4,3,5,3,5,3,1,1,2,4,5,2,3,5,Data Science; Artificial Intelligence; Machine Learning; Cloud Computing; Web Development,Data Scientist
STU2129,B.Sc Information Technology,Data Science,7.76,First Class,4,0,0,2,1,2,1,2,0,0,0,5,4,4,4,3,3,3,3,3,Cloud Computing,Cloud Engineer
STU1382,B.Sc Information Technology,Software Engineering,7.53,First Class,3,2,1,4,1,1,3,3,5,5,4,3,2,0,3,4,5,2,4,5,Data Science; Artificial Intelligence; Machine Learning; Web Development; Database Management,Data Scientist
STU1820,B.Sc Information Technology,Software Engineering,8.08,First Class,1,2,1,5,0,2,4,2,2,1,0,3,3,3,2,3,4,3,3,4,Database Management; Software Development; Cloud Computing,Database Administrator
STU1984,B.Sc Information Technology,Data Science,6.36,Second Class,2,2,0,5,0,1,2,2,1,2,0,3,2,2,3,3,3,2,3,5,Database Management; Web Development; Machine Learning,Database Administrator
STU2177,B.Sc Information Technology,Software Engineering,6.99,Second Class,3,1,2,2,0,3,0,1,1,1,1,5,4,4,4,2,4,4,2,4,Cloud Computing; Machine Learning; Software Development,Cloud Engineer
STU2005,B.Sc Information Technology,Web Technologies,7.36,First Class,3,2,1,0,1,2,2,1,0,1,0,5,2,2,4,3,4,4,3,4,Cloud Computing; Data Analysis,Cloud Engineer
STU2084,B.Sc Information Technology,Cloud & Security,6.12,Second Class,2,2,0,2,1,2,1,1,0,1,0,5,3,2,5,2,4,4,3,5,Cloud Computing; Data Analysis; Web Development,Cloud Engineer
STU1809,B.Sc Information Technology,Cloud & Security,6.45,Second Class,1,1,1,5,0,1,3,1,2,0,0,2,3,2,4,4,4,3,3,4,Database Management; Cloud Computing,Database Administrator
STU2086,B.Sc Information Technology,Cloud & Security,6.96,Second Class,3,1,1,1,1,2,0,2,1,1,0,5,4,4,2,2,5,5,2,4,Cloud Computing,Cloud Engineer
STU1241,B.Sc Computer Science,Software Engineering,6.95,Second Class,5,2,1,4,1,2,3,4,5,4,4,2,1,1,4,3,4,3,4,5,Data Science; Artificial Intelligence; Machine Learning; Software Development,Data Scientist
STU1433,B.Sc Information Technology,Web Technologies,6.97,Second Class,5,5,4,3,2,3,0,1,2,1,0,2,3,2,5,2,5,5,3,4,Software Development; Cybersecurity,Software Developer
STU1057,B.Sc Information Technology,Cloud & Security,6.59,Second Class,4,1,0,3,2,1,3,3,4,1,1,2,0,1,2,4,3,2,2,5,Data Analysis; Database Management; Machine Learning,Data Analyst
STU1074,B.Sc Information Technology,Software Engineering,5.7,Pass,2,1,1,4,1,1,3,3,5,0,0,2,1,1,2,3,4,3,2,4,Data Analysis; Database Management; Machine Learning; Data Science,Data Analyst
STU2158,B.Sc Information Technology,Cloud & Security,6.09,Second Class,3,0,0,2,1,2,1,1,1,1,0,5,4,3,4,2,3,5,4,4,Cloud Computing; Web Development,Cloud Engineer
STU1887,B.Sc Information Technology,Web Technologies,6.71,Second Class,1,1,1,5,1,1,2,2,2,1,1,3,3,2,2,3,4,3,3,4,Database Management; Data Science; Data Analysis,Database Administrator
STU2030,B.Sc Information Technology,Data Science,6.08,Second Class,3,2,1,2,1,2,1,0,1,1,0,5,3,2,4,4,4,3,3,4,Cloud Computing; Web Development; Cybersecurity,Cloud Engineer
STU1725,B.Sc Information Technology,Cloud & Security,6.66,Second Class,3,2,1,3,4,5,0,1,2,1,1,1,2,2,2,3,4,4,3,2,Web Development; Software Development; Database Management,Web Developer
STU2400,B.Sc Computer Science,Web Technologies,8.29,First Class,2,1,3,3,1,1,2,1,2,0,0,3,4,5,3,3,5,3,3,5,Cybersecurity; Cloud Computing; Data Analysis,Cybersecurity Analyst
STU1044,B.Sc Information Technology,Software Engineering,6.97,Second Class,3,1,1,4,1,2,3,5,4,0,0,2,0,1,2,4,3,4,3,5,Data Analysis; Database Management; Artificial Intelligence,Data Analyst
STU1101,B.Sc Computer Science,Information Technology,8.27,First Class,3,0,0,3,2,1,5,4,4,0,0,2,2,0,2,4,4,3,2,5,Data Analysis; Database Management; Machine Learning,Data Analyst
STU2389,B.Sc Information Technology,Web Technologies,6.71,Second Class,3,1,3,3,2,2,1,1,2,0,0,3,5,3,3,3,5,4,3,5,Cybersecurity; Cloud Computing; Artificial Intelligence,Cybersecurity Analyst
STU2156,B.Sc Information Technology,Software Engineering,8.55,Distinction,3,2,0,3,1,3,2,1,1,0,0,5,2,1,4,4,5,3,4,4,Cloud Computing; Database Management,Cloud Engineer
STU1102,B.Sc Information Technology,Software Engineering,7.35,First Class,2,1,0,4,1,0,4,5,3,2,1,2,0,0,0,4,4,2,3,5,Data Analysis; Database Management,Data Analyst
STU1632,B.Sc Information Technology,Data Science,8.28,First Class,3,2,0,3,5,4,2,1,2,0,0,2,2,2,5,3,4,5,2,3,Web Development; Software Development; Data Analysis,Web Developer
STU1108,B.Sc Information Technology,Cloud & Security,7.19,First Class,3,0,1,3,1,1,3,2,4,3,0,2,1,1,2,4,4,3,3,4,Data Analysis; Database Management; Software Development,Data Analyst
STU2081,B.Sc Computer Science,Data Science,7.39,First Class,3,3,1,2,1,2,0,1,1,0,0,4,2,3,3,2,4,5,2,4,Cloud Computing; Machine Learning; Data Analysis,Cloud Engineer
STU2261,BCA,Information Technology,7.12,First Class,3,3,3,2,1,2,0,0,3,0,0,3,4,3,2,3,5,3,2,4,Cybersecurity; Cloud Computing; Software Development,Cybersecurity Analyst
STU1683,B.Sc Information Technology,Web Technologies,6.6,Second Class,1,2,1,2,5,5,0,1,0,0,0,2,2,2,3,2,4,3,2,3,Web Development; Software Development; Cloud Computing; Cybersecurity,Web Developer
STU2233,B.Sc Information Technology,Data Science,6.5,Second Class,4,2,3,3,1,2,1,1,1,0,0,2,5,5,3,3,5,2,3,5,Cybersecurity; Cloud Computing; Database Management,Cybersecurity Analyst
STU2094,B.Sc Information Technology,Data Science,6.43,Second Class,3,2,0,1,1,2,0,2,1,1,0,4,4,2,2,3,3,4,3,3,Cloud Computing,Cloud Engineer
STU1583,B.Sc Information Technology,Software Engineering,5.52,Pass,4,5,5,2,2,3,2,1,2,0,0,1,2,2,4,3,5,4,3,5,Software Development; Cybersecurity; Cloud Computing,Software Developer
STU1788,B.Sc Information Technology,Data Science,7.09,First Class,3,3,1,3,5,4,1,1,0,0,1,2,1,1,4,2,3,4,2,3,Web Development; Software Development,Web Developer
STU2215,B.Sc Information Technology,Data Science,6.05,Second Class,3,1,4,3,2,2,1,2,2,1,0,4,5,5,3,3,5,2,3,5,Cybersecurity; Cloud Computing,Cybersecurity Analyst
STU1129,B.Sc Information Technology,Cloud & Security,6.06,Second Class,1,1,0,5,0,1,2,3,4,2,0,3,1,2,3,4,5,3,1,5,Data Analysis; Database Management,Data Analyst
STU1426,B.Sc Computer Science,Information Technology,7.53,First Class,3,5,4,1,1,3,1,0,1,2,0,2,2,2,4,3,5,4,3,5,Software Development; Artificial Intelligence,Software Developer
STU2582,B.Sc Information Technology,Web Technologies,7.18,First Class,5,3,4,4,2,2,1,1,4,5,5,4,2,2,4,3,5,4,2,5,Machine Learning; Artificial Intelligence; Data Science; Web Development,Machine Learning Engineer
STU2319,B.Sc Information Technology,Data Science,5.88,Pass,3,2,3,3,3,1,1,1,3,1,0,2,4,5,3,3,4,3,2,5,Cybersecurity; Cloud Computing; Data Analysis; Software Development,Cybersecurity Analyst
STU2590,B.Sc Information Technology,Information Technology,6.38,Second Class,5,3,2,3,1,2,0,1,4,4,5,2,3,2,4,3,5,4,2,4,Machine Learning; Artificial Intelligence; Data Science; Web Development,Machine Learning Engineer
STU2596,B.Sc Information Technology,Information Technology,9.51,Distinction,4,2,1,4,1,1,2,1,4,5,5,4,1,1,4,2,5,4,3,5,Machine Learning; Artificial Intelligence; Data Science; Data Analysis; Cybersecurity,Machine Learning Engineer
STU1501,B.Sc Information Technology,Data Science,5.84,Pass,4,4,4,3,2,3,2,1,3,1,0,2,1,0,4,3,5,4,3,4,Software Development; Web Development,Software Developer
STU2561,B.Sc Computer Science,Cloud & Security,7.48,First Class,4,3,2,4,1,3,2,2,4,5,5,3,2,2,4,3,4,4,3,5,Machine Learning; Artificial Intelligence; Data Science,Machine Learning Engineer
STU1523,B.Sc Information Technology,Cloud & Security,7.21,First Class,3,4,3,1,0,4,1,1,3,2,0,2,2,1,4,3,5,4,3,4,Software Development,Software Developer
STU2437,B.Sc Information Technology,Software Engineering,7.83,First Class,5,3,3,2,0,1,1,2,4,3,5,4,2,2,3,3,5,3,3,5,Machine Learning; Artificial Intelligence; Data Science; Software Development,Machine Learning Engineer
STU1372,B.Sc Computer Science,Software Engineering,8.96,Distinction,5,0,0,2,1,2,2,3,5,5,3,2,0,1,3,5,5,3,3,4,Data Science; Artificial Intelligence; Machine Learning; Cloud Computing,Data Scientist
STU1865,B.Sc Information Technology,Information Technology,6.9,Second Class,1,1,1,4,2,1,4,1,1,1,0,3,3,3,2,3,4,3,3,5,Database Management; Software Development; Web Development,Database Administrator
STU1544,B.Sc Information Technology,Information Technology,7.96,First Class,4,3,5,3,3,3,1,2,2,0,0,2,0,2,4,3,5,5,2,4,Software Development,Software Developer
STU1910,B.Sc Information Technology,Data Science,6.98,Second Class,2,2,1,5,1,2,3,2,3,0,1,3,4,2,3,4,4,3,3,4,Database Management; Machine Learning,Database Administrator
STU1482,B.Sc Information Technology,Cloud & Security,7.28,First Class,4,4,3,3,2,3,1,0,1,1,0,3,2,2,4,2,5,4,2,4,Software Development; Database Management; Cybersecurity,Software Developer
STU2518,B.Sc Information Technology,Information Technology,8.02,First Class,5,3,3,4,1,2,3,1,4,3,5,3,1,3,4,3,5,4,3,4,Machine Learning; Artificial Intelligence; Data Science; Data Analysis,Machine Learning Engineer
STU1412,B.Sc Information Technology,Data Science,6.24,Second Class,3,4,4,2,3,1,2,2,2,1,0,2,2,2,4,3,5,3,3,4,Software Development; Data Science; Cloud Computing,Software Developer
STU2182,B.Sc Information Technology,Information Technology,7.03,First Class,3,2,1,1,1,1,0,2,1,0,0,5,4,1,4,3,5,3,3,4,Cloud Computing; Data Analysis,Cloud Engineer
STU1998,B.Sc Computer Science,Cloud & Security,5.5,Pass,1,0,1,4,1,1,2,2,2,1,0,3,3,3,2,2,5,4,3,3,Database Management; Software Development,Database Administrator
STU1232,B.Sc Information Technology,Cloud & Security,7.73,First Class,3,2,1,4,0,1,3,4,4,5,4,3,1,0,3,4,5,3,2,4,Data Science; Artificial Intelligence; Machine Learning,Data Scientist
STU2367,B.Sc Information Technology,Cloud & Security,6.61,Second Class,4,1,3,3,0,1,1,2,2,1,0,2,5,5,3,3,5,3,2,5,Cybersecurity; Cloud Computing; Data Science,Cybersecurity Analyst
STU1430,B.Sc Information Technology,Cloud & Security,7.11,First Class,4,5,5,2,1,3,1,1,0,0,0,1,3,0,3,4,5,4,2,4,Software Development; Cloud Computing,Software Developer
STU1164,B.Sc Information Technology,Cloud & Security,6.93,Second Class,3,1,0,4,0,1,3,3,5,2,0,2,1,0,1,3,4,3,2,5,Data Analysis; Database Management; Cloud Computing; Web Development,Data Analyst
STU2297,B.Sc Information Technology,Information Technology,6.48,Second Class,3,1,2,3,2,2,0,1,2,1,0,3,5,5,4,4,5,2,3,4,Cybersecurity; Cloud Computing; Web Development,Cybersecurity Analyst
STU1267,B.Sc Information Technology,Cloud & Security,7.71,First Class,5,3,1,2,1,1,2,2,5,5,4,3,1,0,4,3,5,3,3,5,Data Science; Artificial Intelligence; Machine Learning; Cloud Computing,Data Scientist
STU2006,B.Sc Information Technology,Data Science,5.95,Pass,3,2,1,2,1,1,1,1,0,1,0,5,5,2,4,2,4,4,2,4,Cloud Computing; Cybersecurity; Data Science,Cloud Engineer
STU1874,B.Sc Computer Science,Data Science,8.26,First Class,1,2,1,4,0,0,2,0,2,1,1,2,3,3,4,3,4,4,3,3,Database Management; Artificial Intelligence,Database Administrator
STU1693,B.Sc Computer Science,Software Engineering,6.93,Second Class,3,2,2,3,5,5,1,1,1,2,0,3,3,2,4,3,5,3,2,3,Web Development; Software Development; Cloud Computing; Data Science,Web Developer
STU2451,B.Sc Information Technology,Cloud & Security,7.55,First Class,5,2,1,4,2,0,0,2,3,5,5,3,2,2,5,4,5,4,3,5,Machine Learning; Artificial Intelligence; Data Science,Machine Learning Engineer
STU2264,B.Sc Information Technology,Data Science,8.66,Distinction,3,3,2,3,1,2,1,2,2,1,1,3,5,5,3,2,5,3,3,5,Cybersecurity; Cloud Computing; Software Development,Cybersecurity Analyst
STU1193,B.Sc Information Technology,Web Technologies,5.98,Pass,2,2,1,2,1,1,3,4,4,3,0,2,1,0,2,4,3,3,2,5,Data Analysis; Database Management,Data Analyst
STU1549,B.Sc Information Technology,Web Technologies,6.64,Second Class,5,3,4,3,2,3,1,1,1,1,0,3,2,2,4,3,5,4,2,5,Software Development; Machine Learning; Artificial Intelligence,Software Developer
STU1064,B.Sc Computer Science,Cloud & Security,6.38,Second Class,3,1,0,4,0,2,4,3,4,2,0,2,1,0,2,4,3,3,2,4,Data Analysis; Database Management; Machine Learning,Data Analyst
STU1773,B.Sc Information Technology,Web Technologies,6.54,Second Class,3,2,0,3,4,5,2,0,0,1,0,1,2,3,4,3,4,4,1,3,Web Development; Software Development; Database Management; Machine Learning,Web Developer
STU1967,B.Sc Information Technology,Information Technology,7.08,First Class,2,1,1,5,0,1,4,2,1,1,0,1,2,2,2,3,4,3,4,4,Database Management; Cloud Computing; Data Science,Database Administrator
STU2024,B.Sc Information Technology,Data Science,7.3,First Class,3,2,1,2,1,2,1,1,0,0,1,5,3,3,5,3,4,3,3,5,Cloud Computing; Software Development; Data Science,Cloud Engineer
STU1652,B.Sc Information Technology,Cloud & Security,7.83,First Class,2,2,1,4,5,5,0,0,1,2,0,1,1,2,4,3,4,4,3,3,Web Development; Software Development; Cloud Computing,Web Developer
STU2313,B.Sc Computer Science,Data Science,7.96,First Class,3,2,2,1,1,3,1,2,1,1,1,2,5,5,4,4,5,3,3,5,Cybersecurity; Cloud Computing; Software Development; Web Development,Cybersecurity Analyst
STU1859,B.Sc Information Technology,Data Science,6.68,Second Class,1,2,0,5,0,1,3,2,2,1,0,3,3,3,3,3,4,4,3,4,Database Management,Database Administrator
STU1817,BCA,Data Science,8.25,First Class,0,0,0,4,1,0,4,2,2,1,0,2,3,3,3,3,5,2,3,4,Database Management; Software Development,Database Administrator
STU1630,B.Sc Information Technology,Cloud & Security,7.26,First Class,4,2,1,3,4,4,1,2,2,1,0,3,2,2,4,3,4,4,3,2,Web Development; Software Development; Machine Learning,Web Developer
STU1219,B.Sc Information Technology,Web Technologies,9.16,Distinction,5,0,1,2,1,0,4,3,5,5,3,2,2,2,2,4,5,3,2,5,Data Science; Artificial Intelligence; Machine Learning; Data Analysis,Data Scientist
STU2579,B.Sc Information Technology,Data Science,7.81,First Class,5,3,2,3,2,3,1,1,3,5,5,4,2,2,3,4,5,3,3,5,Machine Learning; Artificial Intelligence; Data Science; Software Development,Machine Learning Engineer
STU1287,B.Sc Information Technology,Web Technologies,6.73,Second Class,5,1,1,4,1,1,2,2,5,5,4,3,0,2,4,3,5,4,4,5,Data Science; Artificial Intelligence; Machine Learning; Database Management,Data Scientist
STU2289,B.Sc Information Technology,Software Engineering,9.02,Distinction,3,3,3,3,1,2,0,0,1,1,0,3,5,5,1,3,5,3,2,5,Cybersecurity; Cloud Computing; Machine Learning,Cybersecurity Analyst
STU2175,B.Sc Information Technology,Cloud & Security,7.41,First Class,4,2,2,1,2,2,0,2,2,1,1,4,4,2,3,3,4,3,3,4,Cloud Computing; Software Development,Cloud Engineer
STU1590,B.Sc Information Technology,Software Engineering,6.91,Second Class,4,3,3,3,3,2,0,0,2,1,0,2,2,3,2,2,4,5,3,4,Software Development,Software Developer
STU2075,B.Sc Information Technology,Web Technologies,7.26,First Class,2,0,2,1,1,2,1,0,0,1,0,5,4,3,2,3,4,4,3,4,Cloud Computing; Data Science,Cloud Engineer
STU2316,B.Sc Information Technology,Data Science,6.16,Second Class,3,2,4,3,2,2,1,1,1,1,0,3,5,5,2,4,5,3,2,5,Cybersecurity; Cloud Computing; Database Management,Cybersecurity Analyst
STU1384,B.Sc Information Technology,Data Science,7.67,First Class,4,1,1,4,2,1,3,3,5,5,4,2,1,0,4,4,5,4,2,5,Data Science; Artificial Intelligence; Machine Learning; Software Development; Cloud Computing,Data Scientist
STU2274,B.Sc Computer Science,Web Technologies,6.12,Second Class,2,1,2,2,2,2,1,1,0,1,1,3,4,4,2,3,5,4,4,5,Cybersecurity; Cloud Computing; Software Development,Cybersecurity Analyst
STU1701,B.Sc Information Technology,Cloud & Security,5.68,Pass,2,2,0,2,4,5,1,0,0,1,0,3,2,2,4,3,5,4,2,3,Web Development; Software Development; Data Analysis,Web Developer
STU2533,B.Sc Information Technology,Information Technology,7.58,First Class,5,3,4,4,1,2,2,2,4,5,5,4,0,2,4,2,5,4,2,5,Machine Learning; Artificial Intelligence; Data Science,Machine Learning Engineer
STU1629,B.Sc Information Technology,Data Science,7.33,First Class,3,3,1,1,5,4,1,1,0,1,0,2,2,1,3,3,4,5,1,4,Web Development; Software Development; Database Management,Web Developer
STU1694,B.Sc Computer Science,Web Technologies,7.71,First Class,3,2,2,3,5,5,1,0,0,1,0,2,2,2,4,3,4,3,2,3,Web Development; Software Development; Database Management,Web Developer
STU1706,B.Sc Information Technology,Information Technology,7.24,First Class,2,2,0,4,5,5,1,1,1,1,0,2,2,2,4,2,3,5,2,4,Web Development; Software Development,Web Developer
STU1498,B.Sc Information Technology,Information Technology,6.76,Second Class,5,4,4,3,1,3,1,1,2,1,0,1,3,3,4,4,5,4,3,3,Software Development; Data Analysis; Cybersecurity,Software Developer
STU2169,B.Sc Computer Science,Data Science,8.09,First Class,3,2,1,2,1,2,0,1,0,1,0,5,4,3,3,3,5,5,3,4,Cloud Computing,Cloud Engineer
STU1491,B.Sc Information Technology,Web Technologies,6.34,Second Class,4,4,4,4,3,1,2,0,3,0,0,1,1,2,5,3,5,4,3,3,Software Development,Software Developer
STU2525,BCA,Software Engineering,7.55,First Class,5,3,4,4,1,1,2,1,5,4,4,5,1,1,4,3,5,4,2,5,Machine Learning; Artificial Intelligence; Data Science; Web Development,Machine Learning Engineer
STU1707,B.Sc Information Technology,Information Technology,7.13,First Class,3,2,1,4,5,3,1,0,0,1,0,2,0,2,4,4,4,4,2,3,Web Development; Software Development; Database Management,Web Developer
STU1775,B.Sc Computer Science,Web Technologies,7.32,First Class,2,2,1,2,5,5,1,1,1,0,0,2,2,1,5,4,4,3,1,2,Web Development; Software Development; Cloud Computing,Web Developer
STU2256,B.Sc Information Technology,Software Engineering,7.13,First Class,2,1,3,3,2,2,1,1,1,1,0,3,3,5,3,2,5,3,3,5,Cybersecurity; Cloud Computing; Artificial Intelligence,Cybersecurity Analyst
STU1980,B.Sc Information Technology,Web Technologies,6.84,Second Class,2,2,1,5,0,1,2,2,2,0,0,2,3,3,2,2,4,3,2,4,Database Management,Database Administrator
STU2300,B.Sc Information Technology,Information Technology,6.36,Second Class,3,2,3,2,3,2,0,1,2,1,0,3,5,5,1,2,5,3,3,5,Cybersecurity; Cloud Computing,Cybersecurity Analyst
STU1278,B.Sc Computer Science,Software Engineering,9.19,Distinction,4,1,0,3,1,0,2,3,5,5,4,2,1,0,4,4,5,3,4,5,Data Science; Artificial Intelligence; Machine Learning; Software Development,Data Scientist
STU2241,B.Sc Information Technology,Data Science,6.8,Second Class,1,1,3,3,2,0,1,0,1,1,0,3,5,4,4,3,4,3,3,5,Cybersecurity; Cloud Computing; Software Development; Web Development,Cybersecurity Analyst
STU1950,B.Sc Information Technology,Data Science,7.02,First Class,3,3,0,5,1,1,3,2,2,0,0,3,3,3,2,3,4,3,3,4,Database Management,Database Administrator
STU1794,B.Sc Information Technology,Cloud & Security,7.17,First Class,2,3,1,3,5,5,0,1,1,0,0,2,2,1,4,2,4,5,1,3,Web Development; Software Development; Machine Learning; Cybersecurity,Web Developer
STU1237,B.Sc Information Technology,Data Science,5.81,Pass,5,2,0,4,0,1,3,3,5,4,4,3,1,1,5,5,5,2,3,5,Data Science; Artificial Intelligence; Machine Learning; Web Development; Database Management,Data Scientist
STU1671,B.Sc Information Technology,Information Technology,5.5,Pass,1,1,2,2,5,3,0,1,1,1,0,2,2,1,2,2,4,3,2,2,Web Development; Software Development,Web Developer
STU2334,B.Sc Information Technology,Information Technology,6.7,Second Class,3,3,4,1,2,2,1,1,3,1,0,3,5,5,3,4,5,4,3,5,Cybersecurity; Cloud Computing,Cybersecurity Analyst
STU2542,B.Sc Information Technology,Information Technology,7.86,First Class,5,3,2,3,1,1,0,1,5,3,5,4,2,1,4,2,5,4,3,5,Machine Learning; Artificial Intelligence; Data Science,Machine Learning Engineer
STU2272,B.Sc Information Technology,Cloud & Security,7.38,First Class,2,2,2,2,2,2,1,1,2,1,1,3,5,5,3,4,5,2,4,5,Cybersecurity; Cloud Computing; Artificial Intelligence,Cybersecurity Analyst
STU2106,B.Sc Information Technology,Web Technologies,8.27,First Class,3,0,1,2,0,2,0,1,1,0,1,4,4,3,4,4,5,5,3,4,Cloud Computing; Data Science; Web Development,Cloud Engineer
STU1209,B.Sc Information Technology,Data Science,7.2,First Class,5,3,0,4,0,0,4,3,5,3,4,3,1,1,3,4,5,2,2,4,Data Science; Artificial Intelligence; Machine Learning,Data Scientist
STU2150,B.Sc Computer Science,Cloud & Security,6.9,Second Class,4,3,1,2,1,2,2,1,0,1,0,5,2,3,3,4,3,5,2,3,Cloud Computing,Cloud Engineer
STU2357,B.Sc Computer Science,Software Engineering,6.4,Second Class,3,1,3,3,1,2,2,1,2,1,1,3,5,5,3,4,5,2,3,4,Cybersecurity; Cloud Computing,Cybersecurity Analyst
STU1451,B.Sc Computer Science,Data Science,6.86,Second Class,4,2,4,2,0,3,1,2,3,1,0,2,2,2,4,3,5,4,3,5,Software Development; Data Analysis,Software Developer
STU1059,B.Sc Information Technology,Software Engineering,5.61,Pass,3,0,0,4,1,1,5,4,3,2,0,2,1,1,2,4,5,3,1,5,Data Analysis; Database Management; Cloud Computing,Data Analyst
STU1496,B.Sc Information Technology,Data Science,8.0,First Class,4,3,4,3,2,3,1,1,3,1,0,2,1,2,5,4,5,4,3,4,Software Development,Software Developer
STU2205,B.Sc Information Technology,Information Technology,7.99,First Class,1,2,3,4,1,3,1,1,1,2,0,4,5,5,2,2,5,3,3,5,Cybersecurity; Cloud Computing,Cybersecurity Analyst
STU2530,B.Sc Computer Science,Cloud & Security,7.38,First Class,5,1,3,4,1,1,2,1,4,5,5,5,3,2,3,3,5,5,3,4,Machine Learning; Artificial Intelligence; Data Science; Database Management; Web Development,Machine Learning Engineer
STU2312,B.Sc Information Technology,Information Technology,5.79,Pass,2,2,3,4,1,2,1,1,2,1,0,2,5,3,3,3,5,3,3,5,Cybersecurity; Cloud Computing; Web Development,Cybersecurity Analyst
STU2434,B.Sc Information Technology,Web Technologies,7.97,First Class,3,3,3,4,1,3,1,1,4,5,5,5,3,1,4,2,5,4,3,5,Machine Learning; Artificial Intelligence; Data Science; Database Management,Machine Learning Engineer
STU1650,B.Sc Information Technology,Web Technologies,7.21,First Class,3,2,1,2,5,5,2,1,1,0,0,3,2,2,4,2,4,3,2,3,Web Development; Software Development; Data Analysis,Web Developer
STU1810,BCA,Software Engineering,6.54,Second Class,2,0,2,5,0,1,3,2,2,0,0,3,4,4,2,3,5,2,3,4,Database Management; Artificial Intelligence,Database Administrator
STU2288,B.Sc Information Technology,Software Engineering,7.56,First Class,3,1,3,3,1,2,0,1,3,1,0,1,4,5,3,3,5,3,3,5,Cybersecurity; Cloud Computing; Database Management,Cybersecurity Analyst
STU1428,B.Sc Information Technology,Cloud & Security,6.92,Second Class,4,4,4,4,2,2,1,0,2,1,0,2,2,2,3,3,5,4,3,4,Software Development,Software Developer
STU2190,B.Sc Information Technology,Web Technologies,7.68,First Class,3,2,1,2,1,2,1,2,2,1,0,5,3,2,4,2,4,4,3,3,Cloud Computing,Cloud Engineer
STU1293,B.Sc Computer Science,Information Technology,6.13,Second Class,3,2,1,4,1,1,2,1,5,5,4,2,1,1,4,4,4,2,2,4,Data Science; Artificial Intelligence; Machine Learning,Data Scientist
STU1553,B.Sc Information Technology,Software Engineering,7.29,First Class,3,4,4,4,1,3,1,0,2,1,0,2,0,2,4,2,5,4,3,3,Software Development; Artificial Intelligence,Software Developer
STU2229,B.Sc Information Technology,Information Technology,5.88,Pass,2,2,2,4,2,2,0,1,1,1,0,2,3,5,2,3,5,3,3,5,Cybersecurity; Cloud Computing; Database Management,Cybersecurity Analyst
STU1924,B.Sc Information Technology,Web Technologies,7.77,First Class,2,2,1,5,1,1,3,3,3,0,0,3,3,3,1,4,3,3,4,3,Database Management; Machine Learning,Database Administrator
STU2132,B.Sc Computer Science,Software Engineering,7.91,First Class,3,2,1,2,1,2,2,1,0,2,0,4,2,3,4,3,4,4,3,3,Cloud Computing; Data Science,Cloud Engineer
STU1234,B.Sc Information Technology,Data Science,7.48,First Class,5,2,1,4,1,1,3,3,3,5,4,2,0,1,3,4,5,4,3,5,Data Science; Artificial Intelligence; Machine Learning; Data Analysis,Data Scientist
STU1789,B.Sc Information Technology,Software Engineering,8.14,First Class,2,2,2,1,5,5,1,0,2,1,0,0,2,0,3,3,4,4,2,3,Web Development; Software Development; Cloud Computing; Data Science,Web Developer
STU1197,B.Sc Information Technology,Data Science,7.12,First Class,3,1,0,4,0,1,5,4,4,2,0,3,2,1,2,5,5,3,2,5,Data Analysis; Database Management; Web Development; Cloud Computing,Data Analyst
STU2294,B.Sc Information Technology,Web Technologies,9.16,Distinction,4,2,1,3,2,2,1,1,3,2,1,3,5,5,3,4,5,4,3,5,Cybersecurity; Cloud Computing; Web Development,Cybersecurity Analyst
STU2342,B.Sc Information Technology,Information Technology,8.1,First Class,3,0,3,2,2,2,1,1,1,0,0,1,5,5,3,2,5,4,4,4,Cybersecurity; Cloud Computing; Database Management; Software Development,Cybersecurity Analyst
STU1082,B.Sc Information Technology,Information Technology,7.77,First Class,3,1,0,5,0,1,4,3,3,0,0,2,1,0,1,4,3,4,3,5,Data Analysis; Database Management; Cloud Computing,Data Analyst
STU2497,BCA,Information Technology,7.33,First Class,5,4,3,4,1,2,0,2,4,4,4,3,2,1,4,3,5,5,3,5,Machine Learning; Artificial Intelligence; Data Science; Web Development; Cloud Computing,Machine Learning Engineer
STU1487,BCA,Information Technology,6.4,Second Class,4,4,4,3,2,2,1,0,3,0,0,1,2,1,4,3,5,4,3,4,Software Development; Data Science,Software Developer
STU2231,B.Sc Information Technology,Web Technologies,7.04,First Class,2,2,2,3,1,2,0,1,2,1,0,4,5,5,3,3,5,3,3,5,Cybersecurity; Cloud Computing; Web Development,Cybersecurity Analyst
STU1112,B.Sc Information Technology,Cloud & Security,6.64,Second Class,2,1,0,4,1,1,4,2,4,1,0,2,1,0,2,5,4,3,2,4,Data Analysis; Database Management; Machine Learning,Data Analyst
STU2360,B.Sc Information Technology,Software Engineering,7.76,First Class,2,2,3,2,1,3,1,0,1,1,0,2,5,5,3,4,4,4,4,5,Cybersecurity; Cloud Computing; Web Development; Artificial Intelligence,Cybersecurity Analyst
STU2194,B.Sc Information Technology,Cloud & Security,7.37,First Class,2,2,1,2,1,3,0,1,0,1,0,5,4,3,3,3,5,3,4,3,Cloud Computing; Machine Learning; Data Science,Cloud Engineer
STU2366,B.Sc Computer Science,Software Engineering,5.86,Pass,3,2,3,3,2,3,1,1,3,1,0,3,5,5,2,3,5,3,3,5,Cybersecurity; Cloud Computing; Artificial Intelligence,Cybersecurity Analyst
STU2537,B.Sc Information Technology,Web Technologies,6.67,Second Class,4,3,2,4,0,2,1,3,4,4,5,3,2,2,3,3,5,4,3,5,Machine Learning; Artificial Intelligence; Data Science; Web Development; Data Analysis,Machine Learning Engineer
STU2348,B.Sc Information Technology,Cloud & Security,7.52,First Class,2,2,2,3,2,1,0,0,2,0,0,3,5,4,4,3,5,3,3,5,Cybersecurity; Cloud Computing; Artificial Intelligence,Cybersecurity Analyst
STU2281,BCA,Software Engineering,7.13,First Class,2,3,2,3,2,2,1,1,3,0,0,4,5,5,1,2,4,4,4,5,Cybersecurity; Cloud Computing; Data Science,Cybersecurity Analyst
STU2329,B.Sc Information Technology,Information Technology,7.04,First Class,4,3,3,4,1,2,0,1,2,0,0,3,5,5,4,2,5,3,2,5,Cybersecurity; Cloud Computing,Cybersecurity Analyst
STU1311,B.Sc Information Technology,Software Engineering,6.83,Second Class,5,2,0,2,1,1,2,4,5,5,4,2,1,0,4,3,5,2,4,5,Data Science; Artificial Intelligence; Machine Learning; Database Management,Data Scientist
STU2109,B.Sc Information Technology,Cloud & Security,7.22,First Class,2,1,1,1,1,2,1,2,1,1,0,3,4,4,4,4,3,4,2,4,Cloud Computing; Artificial Intelligence; Data Science,Cloud Engineer
STU1483,B.Sc Computer Science,Data Science,8.44,First Class,4,4,5,3,3,4,0,1,2,1,0,0,2,3,3,3,5,4,3,4,Software Development; Cloud Computing,Software Developer
STU1603,B.Sc Computer Science,Data Science,7.31,First Class,4,1,0,4,5,4,1,0,1,1,0,2,2,1,2,4,4,4,2,4,Web Development; Software Development; Artificial Intelligence,Web Developer
STU2237,B.Sc Information Technology,Data Science,7.91,First Class,3,0,2,3,1,2,1,1,1,1,0,3,4,5,3,2,5,4,2,5,Cybersecurity; Cloud Computing; Web Development,Cybersecurity Analyst
STU2183,B.Sc Information Technology,Cloud & Security,6.49,Second Class,3,2,2,2,1,1,1,1,1,0,0,5,4,3,3,3,4,4,4,5,Cloud Computing,Cloud Engineer
STU1669,B.Sc Information Technology,Web Technologies,7.81,First Class,2,1,1,3,4,5,0,2,1,1,0,2,1,0,4,4,4,4,2,2,Web Development; Software Development; Artificial Intelligence; Cloud Computing,Web Developer
STU1434,B.Sc Information Technology,Software Engineering,6.38,Second Class,3,3,2,2,2,3,0,2,2,1,0,2,0,3,3,4,5,4,3,4,Software Development,Software Developer
STU2588,B.Sc Information Technology,Information Technology,8.09,First Class,3,2,4,4,1,0,3,2,5,5,3,5,2,2,4,3,5,4,3,5,Machine Learning; Artificial Intelligence; Data Science; Web Development; Data Analysis,Machine Learning Engineer
STU2091,B.Sc Information Technology,Software Engineering,6.9,Second Class,3,0,0,2,2,2,0,0,2,1,1,4,5,3,5,2,4,4,3,4,Cloud Computing; Web Development,Cloud Engineer
STU1584,B.Sc Information Technology,Information Technology,6.85,Second Class,4,3,4,2,2,4,0,1,2,0,0,2,2,2,4,2,5,3,3,4,Software Development,Software Developer
STU1423,B.Sc Information Technology,Cloud & Security,7.46,First Class,3,5,3,2,1,3,0,0,2,0,0,2,2,1,3,4,4,5,2,5,Software Development; Cybersecurity,Software Developer
STU2535,B.Sc Information Technology,Cloud & Security,8.41,First Class,3,4,3,3,0,3,2,2,2,4,5,4,2,2,4,2,5,4,4,5,Machine Learning; Artificial Intelligence; Data Science; Software Development,Machine Learning Engineer
STU1985,B.Sc Computer Science,Information Technology,7.37,First Class,3,2,1,5,1,1,2,2,1,1,0,1,3,2,3,2,4,3,4,5,Database Management; Software Development,Database Administrator
STU1723,B.Sc Information Technology,Software Engineering,7.05,First Class,3,2,1,4,5,4,0,2,1,1,0,2,3,0,4,3,3,4,2,3,Web Development; Software Development; Database Management,Web Developer
STU2222,B.Sc Information Technology,Data Science,6.57,Second Class,2,2,4,3,2,2,1,1,3,1,0,4,5,5,3,3,5,2,3,5,Cybersecurity; Cloud Computing; Artificial Intelligence,Cybersecurity Analyst
STU1622,B.Sc Information Technology,Software Engineering,6.5,Second Class,3,2,1,3,5,5,1,1,1,1,0,2,2,2,4,3,5,4,1,4,Web Development; Software Development; Cloud Computing,Web Developer
STU1840,BCA,Software Engineering,6.96,Second Class,3,0,2,4,1,2,3,3,3,1,0,3,3,3,3,3,5,3,2,4,Database Management; Cloud Computing,Database Administrator
STU1768,B.Sc Information Technology,Web Technologies,7.96,First Class,3,2,1,3,5,4,0,1,2,1,0,2,2,2,4,3,4,4,2,4,Web Development; Software Development; Data Science,Web Developer
STU1858,B.Sc Information Technology,Software Engineering,6.38,Second Class,0,1,1,4,0,1,3,3,2,2,0,2,2,2,3,3,5,4,3,4,Database Management,Database Administrator
STU1328,B.Sc Information Technology,Cloud & Security,8.48,First Class,5,2,2,4,1,0,3,3,5,4,4,3,1,1,3,5,5,3,3,4,Data Science; Artificial Intelligence; Machine Learning,Data Scientist
STU1255,B.Sc Information Technology,Cloud & Security,7.32,First Class,5,3,1,4,0,1,2,3,5,5,4,3,1,1,4,4,5,4,3,5,Data Science; Artificial Intelligence; Machine Learning; Database Management,Data Scientist
STU1323,B.Sc Information Technology,Cloud & Security,7.66,First Class,5,1,1,4,2,1,3,3,5,4,4,3,0,2,4,5,5,3,4,5,Data Science; Artificial Intelligence; Machine Learning; Cloud Computing; Cybersecurity,Data Scientist
STU2162,B.Sc Information Technology,Data Science,7.32,First Class,3,2,1,0,0,1,0,1,0,2,0,5,2,3,3,3,5,4,2,4,Cloud Computing; Software Development,Cloud Engineer
STU1507,B.Sc Information Technology,Data Science,8.36,First Class,5,3,3,4,2,3,1,0,2,1,0,1,3,2,4,4,5,4,4,4,Software Development; Cloud Computing,Software Developer
STU2324,B.Sc Information Technology,Web Technologies,6.25,Second Class,3,2,3,3,1,2,1,1,3,1,0,4,4,5,2,3,5,3,3,5,Cybersecurity; Cloud Computing; Web Development,Cybersecurity Analyst
STU1755,B.Sc Information Technology,Web Technologies,8.06,First Class,3,2,1,3,5,4,2,1,1,1,0,1,0,2,5,3,4,5,2,3,Web Development; Software Development,Web Developer
STU1965,B.Sc Computer Science,Software Engineering,7.02,First Class,2,2,1,4,1,2,3,2,1,0,0,1,3,3,3,3,5,2,3,5,Database Management; Data Science; Machine Learning,Database Administrator
STU1495,B.Sc Information Technology,Information Technology,8.1,First Class,4,4,3,3,2,3,1,1,1,0,0,1,2,0,3,3,5,4,3,4,Software Development; Data Analysis; Cloud Computing,Software Developer
STU2284,B.Sc Information Technology,Cloud & Security,6.51,Second Class,4,2,3,3,2,3,1,1,2,2,0,2,5,5,3,2,4,3,4,5,Cybersecurity; Cloud Computing; Data Science,Cybersecurity Analyst
STU2051,B.Sc Information Technology,Information Technology,8.39,First Class,3,2,1,2,0,3,0,1,1,1,0,4,5,2,2,3,4,4,3,5,Cloud Computing; Cybersecurity; Web Development,Cloud Engineer
STU1421,B.Sc Information Technology,Web Technologies,7.85,First Class,3,2,2,3,3,2,1,0,2,1,0,1,2,0,4,3,5,4,4,4,Software Development,Software Developer
STU1087,B.Sc Information Technology,Data Science,6.94,Second Class,3,1,0,4,2,1,4,4,4,1,0,3,1,0,2,5,3,3,3,5,Data Analysis; Database Management,Data Analyst
STU2259,B.Sc Information Technology,Web Technologies,7.01,First Class,4,2,4,3,2,2,1,0,1,0,0,3,5,5,4,3,5,2,3,5,Cybersecurity; Cloud Computing,Cybersecurity Analyst
STU2515,B.Sc Information Technology,Data Science,8.43,First Class,3,2,4,4,1,1,1,2,5,5,3,4,3,2,5,3,4,3,2,5,Machine Learning; Artificial Intelligence; Data Science; Web Development,Machine Learning Engineer
STU1366,B.Sc Information Technology,Web Technologies,8.91,Distinction,5,2,1,4,1,1,4,2,3,3,4,4,0,1,4,4,5,4,2,5,Data Science; Artificial Intelligence; Machine Learning; Database Management,Data Scientist
STU1266,B.Sc Information Technology,Web Technologies,6.85,Second Class,4,2,2,4,1,0,2,3,5,4,4,3,0,1,4,5,5,3,2,5,Data Science; Artificial Intelligence; Machine Learning,Data Scientist
STU1288,B.Sc Information Technology,Cloud & Security,6.82,Second Class,5,2,0,4,0,0,3,3,4,5,2,2,1,0,4,3,5,2,2,5,Data Science; Artificial Intelligence; Machine Learning; Web Development; Database Management,Data Scientist
STU2584,B.Sc Information Technology,Web Technologies,7.82,First Class,5,2,3,2,1,2,3,2,4,5,5,4,1,2,4,2,5,4,2,5,Machine Learning; Artificial Intelligence; Data Science,Machine Learning Engineer
STU1359,B.Sc Information Technology,Data Science,7.89,First Class,5,2,1,5,1,1,3,2,3,3,4,3,1,1,2,4,5,3,2,4,Data Science; Artificial Intelligence; Machine Learning; Data Analysis; Web Development,Data Scientist
STU1055,B.Sc Computer Science,Web Technologies,6.95,Second Class,3,0,0,2,1,1,4,4,4,2,0,2,0,0,2,4,4,3,2,5,Data Analysis; Database Management; Machine Learning,Data Analyst
STU2102,B.Sc Information Technology,Data Science,6.96,Second Class,3,2,2,2,1,1,0,1,1,0,0,5,4,3,4,3,4,4,2,4,Cloud Computing; Web Development,Cloud Engineer
STU2202,B.Sc Computer Science,Web Technologies,7.36,First Class,2,2,3,2,1,2,2,1,2,1,0,4,5,5,4,4,4,3,3,5,Cybersecurity; Cloud Computing; Web Development,Cybersecurity Analyst
STU1902,B.Sc Information Technology,Cloud & Security,6.7,Second Class,1,2,2,5,1,2,3,2,2,1,0,3,3,3,3,3,4,3,4,4,Database Management; Cybersecurity; Software Development,Database Administrator
STU1597,B.Sc Information Technology,Information Technology,7.53,First Class,4,5,4,3,2,3,1,2,2,2,0,2,2,2,5,2,4,4,2,5,Software Development,Software Developer
STU1627,B.Sc Information Technology,Cloud & Security,7.26,First Class,3,0,1,3,5,5,1,0,1,2,0,2,2,2,4,3,4,4,2,3,Web Development; Software Development,Web Developer
STU2008,B.Sc Information Technology,Data Science,7.91,First Class,3,1,2,2,0,1,0,1,1,1,0,4,4,3,3,3,4,4,3,5,Cloud Computing; Data Science,Cloud Engineer
STU1222,B.Sc Information Technology,Information Technology,6.8,Second Class,5,1,0,4,0,1,1,2,5,5,4,2,1,0,4,5,4,4,2,5,Data Science; Artificial Intelligence; Machine Learning; Web Development,Data Scientist
STU1114,B.Sc Information Technology,Cloud & Security,6.97,Second Class,3,1,0,3,0,2,3,4,4,2,0,1,1,2,3,3,3,4,2,5,Data Analysis; Database Management,Data Analyst
STU1644,B.Sc Information Technology,Data Science,6.92,Second Class,2,2,1,4,4,5,0,1,1,1,0,1,2,2,4,4,4,4,2,4,Web Development; Software Development; Cloud Computing,Web Developer
STU2373,B.Sc Information Technology,Web Technologies,8.09,First Class,3,2,4,2,1,0,0,0,2,1,0,3,5,4,3,3,5,3,3,5,Cybersecurity; Cloud Computing; Database Management,Cybersecurity Analyst
STU1175,B.Sc Information Technology,Data Science,8.24,First Class,3,1,0,2,1,1,4,5,3,2,0,1,1,1,2,5,4,3,2,5,Data Analysis; Database Management,Data Analyst
STU1514,B.Sc Information Technology,Data Science,7.63,First Class,3,3,3,3,2,3,0,1,0,1,0,3,2,2,3,3,5,3,3,5,Software Development; Cybersecurity; Web Development,Software Developer
STU1600,B.Sc Information Technology,Software Engineering,8.38,First Class,5,3,4,3,1,2,1,2,2,1,0,2,3,2,3,2,5,5,3,3,Software Development; Cloud Computing,Software Developer
STU1454,B.Sc Information Technology,Web Technologies,6.79,Second Class,3,2,3,3,2,2,1,1,3,2,0,3,2,3,3,3,5,4,4,5,Software Development; Machine Learning,Software Developer
STU2252,B.Sc Information Technology,Information Technology,8.6,Distinction,4,2,3,3,0,3,0,0,3,1,0,3,5,4,3,3,5,3,3,5,Cybersecurity; Cloud Computing,Cybersecurity Analyst
STU1019,BCA,Data Science,6.8,Second Class,2,2,0,4,1,2,5,2,4,1,0,1,1,1,1,4,4,3,2,4,Data Analysis; Database Management; Artificial Intelligence,Data Analyst
STU1424,B.Sc Information Technology,Web Technologies,7.8,First Class,4,2,2,3,1,3,0,1,1,1,0,0,0,3,3,3,4,3,3,4,Software Development; Database Management; Machine Learning,Software Developer
STU2069,B.Sc Computer Science,Software Engineering,7.6,First Class,3,1,1,2,0,2,0,1,1,1,1,5,4,4,3,2,4,4,3,4,Cloud Computing,Cloud Engineer
STU1286,B.Sc Information Technology,Data Science,6.65,Second Class,4,0,1,4,1,1,3,3,5,3,4,3,1,1,3,4,5,4,3,5,Data Science; Artificial Intelligence; Machine Learning; Data Analysis,Data Scientist
STU1429,B.Sc Information Technology,Web Technologies,6.02,Second Class,4,5,4,3,2,3,2,2,2,0,0,1,2,2,4,4,5,3,4,3,Software Development; Cybersecurity,Software Developer
STU1991,B.Sc Computer Science,Software Engineering,8.08,First Class,3,1,2,4,1,1,3,2,3,1,0,2,1,2,4,3,5,2,3,3,Database Management; Artificial Intelligence; Software Development,Database Administrator
STU2470,B.Sc Information Technology,Information Technology,7.34,First Class,5,1,2,4,2,2,1,3,4,5,5,2,2,3,3,3,4,5,3,5,Machine Learning; Artificial Intelligence; Data Science; Software Development,Machine Learning Engineer
STU2273,B.Sc Information Technology,Web Technologies,7.06,First Class,2,2,3,2,0,1,1,0,1,1,0,3,5,5,2,3,5,4,3,5,Cybersecurity; Cloud Computing; Artificial Intelligence; Data Science,Cybersecurity Analyst
STU1032,B.Sc Information Technology,Information Technology,8.13,First Class,2,2,0,4,0,2,4,4,2,2,0,3,0,0,0,4,4,2,2,5,Data Analysis; Database Management; Machine Learning,Data Analyst
STU1619,B.Sc Information Technology,Web Technologies,8.83,Distinction,3,2,1,3,5,4,0,0,1,1,0,2,2,2,2,2,4,4,2,3,Web Development; Software Development; Database Management,Web Developer
STU1211,B.Sc Information Technology,Web Technologies,8.53,Distinction,3,2,1,4,1,2,2,1,5,3,5,2,1,1,3,4,4,3,2,5,Data Science; Artificial Intelligence; Machine Learning; Cybersecurity; Web Development,Data Scientist
STU1440,B.Sc Information Technology,Web Technologies,7.66,First Class,3,4,3,4,2,3,1,1,1,1,0,1,2,1,4,3,5,4,3,4,Software Development; Data Science,Software Developer
STU2544,B.Sc Information Technology,Cloud & Security,7.95,First Class,5,3,3,4,2,0,2,2,3,5,4,4,2,2,5,3,5,5,2,5,Machine Learning; Artificial Intelligence; Data Science; Database Management,Machine Learning Engineer
STU2053,B.Sc Information Technology,Cloud & Security,7.63,First Class,2,1,0,1,2,2,1,2,0,0,0,5,4,1,4,3,4,4,3,4,Cloud Computing; Machine Learning,Cloud Engineer
STU1215,B.Sc Information Technology,Data Science,7.53,First Class,5,1,1,3,1,1,3,2,3,5,3,3,2,0,3,4,5,4,3,5,Data Science; Artificial Intelligence; Machine Learning,Data Scientist
STU2473,B.Sc Information Technology,Web Technologies,8.09,First Class,4,1,3,4,1,2,0,2,5,5,3,5,2,2,4,3,5,4,3,4,Machine Learning; Artificial Intelligence; Data Science; Database Management,Machine Learning Engineer
STU1919,B.Sc Information Technology,Software Engineering,7.04,First Class,2,2,1,5,1,1,3,1,1,2,0,1,4,1,3,2,5,4,3,4,Database Management; Data Science,Database Administrator
STU1756,B.Sc Information Technology,Web Technologies,6.8,Second Class,4,2,0,2,5,5,0,0,1,0,0,3,2,1,4,4,4,4,3,3,Web Development; Software Development; Machine Learning,Web Developer
STU1327,B.Sc Information Technology,Cloud & Security,7.59,First Class,5,2,0,4,2,1,3,2,5,4,3,3,0,1,4,5,5,2,2,5,Data Science; Artificial Intelligence; Machine Learning; Database Management,Data Scientist
STU1665,B.Sc Information Technology,Information Technology,5.98,Pass,3,1,0,4,4,3,0,1,0,1,0,2,1,2,3,3,4,3,2,3,Web Development; Software Development,Web Developer
STU2427,B.Sc Information Technology,Information Technology,7.47,First Class,5,3,3,5,1,1,2,0,5,5,5,4,0,2,3,3,5,4,3,5,Machine Learning; Artificial Intelligence; Data Science; Cybersecurity,Machine Learning Engineer
STU1189,B.Sc Information Technology,Information Technology,6.36,Second Class,1,0,0,3,0,1,4,3,4,0,0,2,1,1,2,3,4,2,2,5,Data Analysis; Database Management; Machine Learning; Artificial Intelligence,Data Analyst
STU2351,B.Sc Information Technology,Software Engineering,8.0,First Class,3,1,2,3,2,0,0,2,2,1,0,2,5,3,4,3,5,3,3,5,Cybersecurity; Cloud Computing,Cybersecurity Analyst
STU1342,B.Sc Information Technology,Software Engineering,7.9,First Class,3,2,1,4,1,1,2,3,5,5,5,4,1,1,4,5,5,3,3,5,Data Science; Artificial Intelligence; Machine Learning; Cybersecurity,Data Scientist
STU2392,B.Sc Information Technology,Data Science,7.81,First Class,3,2,4,2,2,0,1,1,2,2,0,3,5,5,4,4,5,3,3,5,Cybersecurity; Cloud Computing; Database Management,Cybersecurity Analyst
STU1148,B.Sc Information Technology,Data Science,6.56,Second Class,3,1,1,4,0,1,3,5,4,2,0,2,1,1,1,4,5,4,1,5,Data Analysis; Database Management; Cybersecurity,Data Analyst
STU2495,B.Sc Computer Science,Information Technology,7.0,First Class,4,3,2,2,1,2,2,2,4,5,5,2,3,2,4,3,5,4,3,5,Machine Learning; Artificial Intelligence; Data Science,Machine Learning Engineer
STU1361,BCA,Information Technology,6.72,Second Class,4,3,1,3,1,2,3,3,5,5,3,4,2,1,4,4,5,3,4,5,Data Science; Artificial Intelligence; Machine Learning; Cloud Computing,Data Scientist
STU1084,B.Sc Information Technology,Cloud & Security,7.93,First Class,4,1,0,4,1,0,3,4,4,0,0,1,2,1,2,3,4,3,2,5,Data Analysis; Database Management,Data Analyst
STU1758,B.Sc Computer Science,Cloud & Security,7.96,First Class,3,2,1,4,5,4,1,1,2,0,0,1,2,0,4,3,4,4,2,4,Web Development; Software Development; Data Science,Web Developer
STU1480,B.Sc Information Technology,Data Science,8.0,First Class,3,4,4,2,3,1,1,1,2,0,0,3,2,2,3,4,5,4,3,5,Software Development,Software Developer
STU1049,B.Sc Information Technology,Software Engineering,8.63,Distinction,3,1,0,4,1,1,4,5,4,0,0,0,1,1,2,4,3,3,2,5,Data Analysis; Database Management,Data Analyst
STU2311,B.Sc Information Technology,Data Science,7.17,First Class,3,1,3,2,2,2,1,1,2,2,0,3,4,5,1,2,5,3,3,5,Cybersecurity; Cloud Computing; Database Management; Machine Learning,Cybersecurity Analyst
STU1156,B.Sc Information Technology,Cloud & Security,6.28,Second Class,3,2,0,4,1,1,4,4,4,1,0,2,1,0,1,4,4,3,3,5,Data Analysis; Database Management; Software Development,Data Analyst
STU2023,B.Sc Information Technology,Information Technology,7.64,First Class,3,3,0,3,1,2,1,1,1,1,0,3,4,3,4,3,4,4,3,4,Cloud Computing,Cloud Engineer
STU2213,B.Sc Information Technology,Cloud & Security,7.77,First Class,3,0,3,3,2,2,1,1,2,0,0,4,5,4,3,4,4,3,3,5,Cybersecurity; Cloud Computing; Web Development,Cybersecurity Analyst
STU2587,B.Sc Information Technology,Information Technology,6.9,Second Class,4,3,4,4,1,2,2,2,3,5,3,4,2,2,4,2,5,5,3,5,Machine Learning; Artificial Intelligence; Data Science,Machine Learning Engineer
STU2171,B.Sc Information Technology,Web Technologies,6.91,Second Class,2,0,0,2,2,1,0,1,2,0,1,5,5,2,5,3,5,4,3,5,Cloud Computing; Machine Learning,Cloud Engineer
STU1917,B.Sc Information Technology,Data Science,7.15,First Class,2,3,0,5,1,0,3,2,3,0,0,2,3,3,3,3,5,3,3,3,Database Management; Cloud Computing,Database Administrator
STU2309,BCA,Software Engineering,6.24,Second Class,3,2,3,4,1,1,1,2,2,1,0,3,5,5,1,4,5,4,3,5,Cybersecurity; Cloud Computing; Database Management; Web Development,Cybersecurity Analyst
STU2581,B.Sc Information Technology,Software Engineering,7.72,First Class,5,4,3,3,1,1,2,2,5,4,5,2,2,1,5,3,5,4,3,5,Machine Learning; Artificial Intelligence; Data Science,Machine Learning Engineer
STU1620,B.Sc Information Technology,Web Technologies,7.24,First Class,2,2,2,3,5,5,0,1,0,1,0,2,1,2,3,2,4,4,1,3,Web Development; Software Development; Cloud Computing; Database Management,Web Developer
STU1180,B.Sc Information Technology,Data Science,9.32,Distinction,3,0,1,4,1,1,4,3,3,3,1,3,1,1,0,4,4,3,2,4,Data Analysis; Database Management; Machine Learning,Data Analyst
STU2277,B.Sc Computer Science,Cloud & Security,5.97,Pass,4,2,3,3,2,1,1,1,0,0,1,4,5,5,3,2,5,3,3,4,Cybersecurity; Cloud Computing; Data Analysis,Cybersecurity Analyst
STU2248,B.Sc Information Technology,Cloud & Security,7.33,First Class,2,1,3,3,2,3,0,1,2,0,0,2,5,5,3,3,5,3,3,5,Cybersecurity; Cloud Computing; Software Development,Cybersecurity Analyst
STU2327,B.Sc Information Technology,Information Technology,7.95,First Class,3,3,3,3,1,1,2,2,2,2,0,3,5,5,3,3,5,3,4,5,Cybersecurity; Cloud Computing; Web Development,Cybersecurity Analyst
STU1680,BCA,Software Engineering,7.51,First Class,3,2,1,3,5,5,1,2,1,0,0,2,2,2,4,3,3,3,2,3,Web Development; Software Development; Artificial Intelligence,Web Developer
STU1846,B.Sc Information Technology,Information Technology,5.75,Pass,2,2,2,5,1,1,3,1,1,0,0,4,4,1,1,3,4,2,3,4,Database Management; Data Analysis,Database Administrator
STU1927,B.Sc Information Technology,Information Technology,8.53,Distinction,1,2,0,5,1,2,2,0,1,0,0,4,3,4,1,4,3,4,2,5,Database Management,Database Administrator
STU1364,B.Sc Information Technology,Cloud & Security,9.87,Distinction,4,2,0,3,1,1,4,3,5,5,5,3,0,0,4,4,4,3,2,5,Data Science; Artificial Intelligence; Machine Learning,Data Scientist
STU2125,B.Sc Computer Science,Data Science,6.56,Second Class,3,2,1,3,0,3,0,1,1,1,0,5,5,3,4,4,5,4,3,5,Cloud Computing; Machine Learning; Cybersecurity,Cloud Engineer
STU1427,B.Sc Information Technology,Cloud & Security,8.59,Distinction,4,3,3,3,2,3,1,0,2,0,0,3,2,0,3,3,5,4,3,4,Software Development; Cybersecurity,Software Developer
STU2253,B.Sc Information Technology,Software Engineering,7.87,First Class,3,1,2,2,0,2,1,0,2,2,0,3,5,3,3,4,4,4,3,4,Cybersecurity; Cloud Computing; Web Development,Cybersecurity Analyst
STU2507,B.Sc Information Technology,Information Technology,9.9,Distinction,4,3,3,2,1,2,3,2,3,5,5,4,3,1,4,2,5,3,3,5,Machine Learning; Artificial Intelligence; Data Science; Web Development,Machine Learning Engineer
STU1347,B.Sc Information Technology,Web Technologies,7.4,First Class,5,2,0,3,1,0,2,3,5,5,4,4,0,1,4,4,5,3,3,5,Data Science; Artificial Intelligence; Machine Learning; Cybersecurity,Data Scientist
STU2107,B.Sc Information Technology,Software Engineering,6.03,Second Class,4,2,1,2,0,2,1,0,2,1,0,4,2,3,4,3,4,4,3,5,Cloud Computing; Data Science,Cloud Engineer
STU2566,B.Sc Information Technology,Web Technologies,6.9,Second Class,5,3,2,3,2,1,0,2,3,5,5,4,2,2,4,3,4,5,4,5,Machine Learning; Artificial Intelligence; Data Science; Cybersecurity,Machine Learning Engineer
STU1533,B.Sc Information Technology,Software Engineering,6.63,Second Class,2,4,4,3,2,3,1,1,2,0,0,3,0,1,4,3,5,4,4,4,Software Development; Web Development; Machine Learning,Software Developer
STU1711,B.Sc Information Technology,Software Engineering,7.78,First Class,3,2,0,3,4,3,2,1,2,1,0,2,2,2,5,2,4,4,1,3,Web Development; Software Development; Artificial Intelligence,Web Developer
STU2180,B.Sc Information Technology,Web Technologies,7.44,First Class,2,3,1,2,1,2,1,1,2,1,1,3,5,3,3,3,4,3,3,4,Cloud Computing; Database Management,Cloud Engineer
STU2377,B.Sc Information Technology,Software Engineering,8.05,First Class,3,1,3,3,2,2,1,1,2,1,0,4,4,5,4,3,4,3,3,5,Cybersecurity; Cloud Computing; Database Management; Machine Learning,Cybersecurity Analyst
STU1675,B.Sc Computer Science,Cloud & Security,6.55,Second Class,3,2,2,3,5,5,2,0,1,1,0,0,2,2,4,3,5,5,2,3,Web Development; Software Development,Web Developer
STU2306,B.Sc Information Technology,Data Science,6.79,Second Class,3,2,4,3,2,2,0,1,0,2,0,4,4,5,3,4,4,3,3,5,Cybersecurity; Cloud Computing; Machine Learning,Cybersecurity Analyst
STU1712,BCA,Web Technologies,7.31,First Class,1,3,2,3,5,5,0,0,2,1,0,3,2,0,3,2,3,4,1,2,Web Development; Software Development; Machine Learning,Web Developer
STU1244,BCA,Cloud & Security,8.17,First Class,5,3,1,4,0,1,3,3,5,4,3,1,0,1,2,4,5,3,3,5,Data Science; Artificial Intelligence; Machine Learning; Cloud Computing,Data Scientist
STU2050,B.Sc Information Technology,Web Technologies,9.08,Distinction,2,2,1,1,1,2,0,1,1,0,1,5,3,3,4,3,4,4,3,4,Cloud Computing,Cloud Engineer
STU1782,B.Sc Information Technology,Data Science,8.66,Distinction,4,1,0,2,5,5,1,1,1,2,0,3,2,2,5,2,5,4,3,3,Web Development; Software Development; Data Science,Web Developer
STU1943,B.Sc Information Technology,Information Technology,7.96,First Class,3,1,1,5,1,1,3,2,0,2,0,4,3,2,1,4,4,3,3,4,Database Management; Software Development,Database Administrator
STU1866,BCA,Web Technologies,6.8,Second Class,3,2,2,4,1,2,3,3,1,2,0,1,4,2,1,2,4,4,2,4,Database Management,Database Administrator
STU2335,B.Sc Information Technology,Cloud & Security,6.32,Second Class,4,2,3,4,2,2,2,1,2,0,0,3,4,4,3,3,5,4,3,5,Cybersecurity; Cloud Computing,Cybersecurity Analyst
STU1313,B.Sc Information Technology,Information Technology,7.36,First Class,4,2,1,4,1,1,3,2,4,5,4,3,1,1,3,4,5,3,3,4,Data Science; Artificial Intelligence; Machine Learning; Cloud Computing,Data Scientist
STU1436,B.Sc Information Technology,Web Technologies,8.21,First Class,4,4,3,4,2,3,1,0,2,0,0,2,2,2,3,3,5,4,3,3,Software Development,Software Developer
STU2514,B.Sc Information Technology,Cloud & Security,7.3,First Class,5,3,2,4,0,2,3,2,3,5,4,2,2,2,3,3,4,5,2,5,Machine Learning; Artificial Intelligence; Data Science,Machine Learning Engineer
STU1614,B.Sc Computer Science,Web Technologies,7.12,First Class,2,3,1,4,5,5,1,0,0,1,0,3,2,2,3,3,3,5,1,3,Web Development; Software Development,Web Developer
STU1309,B.Sc Computer Science,Information Technology,7.64,First Class,5,1,0,4,0,1,1,3,5,5,4,3,0,0,4,4,5,3,3,5,Data Science; Artificial Intelligence; Machine Learning,Data Scientist
STU1882,B.Sc Information Technology,Cloud & Security,8.17,First Class,3,0,2,5,1,1,2,1,0,1,0,3,3,2,3,4,4,3,3,4,Database Management; Cybersecurity; Web Development,Database Administrator
STU1431,B.Sc Information Technology,Cloud & Security,5.76,Pass,4,4,4,4,1,3,1,1,2,0,0,1,3,2,5,3,5,4,4,5,Software Development,Software Developer
STU1371,B.Sc Information Technology,Information Technology,8.03,First Class,5,2,2,3,1,1,2,2,5,4,3,4,1,1,4,5,5,3,4,5,Data Science; Artificial Intelligence; Machine Learning; Cloud Computing,Data Scientist
STU2352,B.Sc Information Technology,Web Technologies,7.79,First Class,3,2,3,2,1,2,2,1,2,0,0,3,5,5,3,2,5,2,3,4,Cybersecurity; Cloud Computing; Machine Learning,Cybersecurity Analyst
STU1182,B.Sc Information Technology,Web Technologies,7.29,First Class,3,1,0,4,1,0,4,4,4,1,0,1,0,2,2,4,4,3,3,4,Data Analysis; Database Management,Data Analyst
STU2211,B.Sc Information Technology,Software Engineering,7.56,First Class,3,1,3,4,1,3,0,1,2,1,0,3,5,5,3,4,5,3,4,5,Cybersecurity; Cloud Computing; Data Analysis,Cybersecurity Analyst
STU1539,B.Sc Information Technology,Data Science,8.33,First Class,4,4,4,3,2,2,1,1,2,2,0,2,3,3,3,3,5,4,3,3,Software Development,Software Developer
STU1916,B.Sc Information Technology,Data Science,6.59,Second Class,2,2,2,4,0,1,2,3,0,1,1,3,2,3,3,2,4,4,4,3,Database Management,Database Administrator
STU2468,BCA,Data Science,8.98,Distinction,5,3,3,3,1,2,2,3,5,5,5,4,2,1,4,3,5,5,3,5,Machine Learning; Artificial Intelligence; Data Science; Web Development,Machine Learning Engineer
STU1297,B.Sc Information Technology,Data Science,6.61,Second Class,4,3,2,5,1,1,3,2,3,5,4,3,2,2,5,4,5,3,3,5,Data Science; Artificial Intelligence; Machine Learning; Cybersecurity; Web Development,Data Scientist
STU2484,B.Sc Information Technology,Web Technologies,7.36,First Class,4,3,3,4,1,1,2,2,4,5,5,4,2,2,4,3,5,3,4,5,Machine Learning; Artificial Intelligence; Data Science; Cloud Computing,Machine Learning Engineer
STU1462,B.Sc Information Technology,Software Engineering,7.13,First Class,3,5,3,3,3,4,2,1,1,0,0,2,1,2,4,3,5,4,4,3,Software Development; Web Development; Database Management,Software Developer
STU2594,B.Sc Information Technology,Data Science,9.13,Distinction,4,3,1,4,1,2,1,0,4,5,5,4,2,2,4,2,5,3,3,4,Machine Learning; Artificial Intelligence; Data Science; Data Analysis,Machine Learning Engineer
STU1786,B.Sc Information Technology,Information Technology,6.83,Second Class,2,2,1,3,5,5,1,1,1,1,0,1,2,2,4,3,4,4,2,2,Web Development; Software Development; Cybersecurity,Web Developer
STU1378,BCA,Data Science,8.11,First Class,5,2,2,3,0,1,1,4,5,5,4,3,0,1,4,4,5,3,3,4,Data Science; Artificial Intelligence; Machine Learning; Database Management,Data Scientist
STU2472,B.Sc Information Technology,Information Technology,7.9,First Class,5,3,2,3,0,2,3,2,4,5,5,4,3,1,4,3,4,4,3,4,Machine Learning; Artificial Intelligence; Data Science; Cloud Computing,Machine Learning Engineer
STU1127,B.Sc Information Technology,Web Technologies,6.34,Second Class,1,1,0,4,1,1,3,2,4,2,0,0,1,1,2,4,5,3,2,5,Data Analysis; Database Management; Software Development; Web Development,Data Analyst
STU1821,B.Sc Computer Science,Cloud & Security,7.81,First Class,2,2,2,5,1,0,3,2,2,1,1,2,3,3,3,4,4,2,3,4,Database Management; Web Development; Artificial Intelligence,Database Administrator
STU1568,B.Sc Information Technology,Data Science,6.71,Second Class,3,3,4,4,3,4,2,0,0,0,0,2,3,1,4,4,5,3,3,4,Software Development; Data Analysis,Software Developer
STU1356,B.Sc Information Technology,Software Engineering,7.43,First Class,4,2,1,5,1,0,2,2,5,5,2,3,0,1,4,4,5,4,3,5,Data Science; Artificial Intelligence; Machine Learning; Software Development,Data Scientist
STU2546,B.Sc Information Technology,Information Technology,7.11,First Class,5,3,3,5,1,2,1,1,4,4,5,4,2,1,4,3,5,5,2,5,Machine Learning; Artificial Intelligence; Data Science; Software Development,Machine Learning Engineer
STU1210,B.Sc Information Technology,Web Technologies,6.31,Second Class,3,0,1,4,1,1,3,2,3,5,4,3,1,1,3,4,4,2,3,5,Data Science; Artificial Intelligence; Machine Learning; Software Development; Cloud Computing,Data Scientist
STU1141,B.Sc Computer Science,Data Science,7.77,First Class,2,0,0,3,0,1,3,4,3,3,0,2,1,2,1,5,4,3,2,5,Data Analysis; Database Management; Web Development,Data Analyst
STU2489,B.Sc Information Technology,Web Technologies,7.97,First Class,5,3,2,3,2,0,2,0,3,4,5,3,3,2,4,3,5,4,3,5,Machine Learning; Artificial Intelligence; Data Science,Machine Learning Engineer
STU2121,B.Sc Information Technology,Data Science,6.55,Second Class,1,2,0,2,1,1,1,0,1,0,0,3,4,3,2,3,4,3,3,4,Cloud Computing,Cloud Engineer
STU2048,B.Sc Information Technology,Web Technologies,6.49,Second Class,1,2,1,2,0,3,1,2,1,0,0,4,2,3,3,4,4,3,4,4,Cloud Computing; Web Development,Cloud Engineer
STU2447,B.Sc Information Technology,Data Science,8.37,First Class,5,3,3,4,2,2,1,2,5,5,5,4,1,2,3,3,5,3,2,5,Machine Learning; Artificial Intelligence; Data Science; Cybersecurity,Machine Learning Engineer
STU1811,B.Sc Computer Science,Information Technology,7.54,First Class,2,2,1,3,0,1,3,2,2,1,0,3,4,4,3,2,4,3,3,4,Database Management; Cloud Computing; Software Development,Database Administrator
STU1589,B.Sc Computer Science,Information Technology,7.01,First Class,4,5,4,2,2,3,1,1,2,1,0,1,3,2,3,4,5,4,3,5,Software Development; Artificial Intelligence,Software Developer
STU2014,B.Sc Information Technology,Data Science,6.77,Second Class,4,2,2,0,0,0,1,0,0,0,0,5,2,3,3,3,5,5,3,4,Cloud Computing; Database Management; Cybersecurity,Cloud Engineer
STU1900,B.Sc Information Technology,Software Engineering,7.62,First Class,3,2,0,5,0,0,3,3,1,1,1,2,2,3,3,3,3,3,3,4,Database Management,Database Administrator
STU1011,B.Sc Information Technology,Data Science,6.47,Second Class,3,1,0,4,1,0,4,3,4,1,0,2,0,0,2,3,5,2,2,5,Data Analysis; Database Management; Web Development,Data Analyst
STU1813,BCA,Software Engineering,6.32,Second Class,3,2,2,4,1,0,3,2,2,0,0,3,3,3,2,3,5,3,3,4,Database Management; Web Development; Cloud Computing,Database Administrator
STU1283,B.Sc Computer Science,Information Technology,8.18,First Class,4,2,0,3,1,1,4,3,5,5,2,2,1,1,4,4,5,2,2,5,Data Science; Artificial Intelligence; Machine Learning; Database Management,Data Scientist
STU1292,B.Sc Information Technology,Information Technology,8.61,Distinction,5,2,1,4,1,0,3,4,5,5,4,4,2,0,4,4,5,2,4,4,Data Science; Artificial Intelligence; Machine Learning; Database Management,Data Scientist
STU1621,B.Sc Information Technology,Data Science,7.02,First Class,3,2,0,3,5,5,0,1,1,1,1,3,2,1,4,2,3,4,3,4,Web Development; Software Development; Database Management,Web Developer
STU1890,B.Sc Information Technology,Software Engineering,6.45,Second Class,1,2,0,3,1,0,4,1,1,0,0,1,3,3,1,3,5,3,3,4,Database Management; Cybersecurity,Database Administrator
STU1130,B.Sc Information Technology,Cloud & Security,6.87,Second Class,1,1,0,4,2,2,4,3,5,3,0,2,0,1,3,3,5,3,3,5,Data Analysis; Database Management; Artificial Intelligence; Data Science,Data Analyst
STU1324,B.Sc Information Technology,Web Technologies,8.98,Distinction,5,2,1,5,1,1,3,3,5,5,3,3,1,2,4,5,5,4,2,5,Data Science; Artificial Intelligence; Machine Learning; Database Management; Data Analysis,Data Scientist
STU1850,B.Sc Information Technology,Software Engineering,5.62,Pass,2,2,1,5,0,1,4,1,2,1,0,2,4,3,3,3,4,3,3,4,Database Management; Artificial Intelligence,Database Administrator
STU1577,B.Sc Information Technology,Data Science,7.64,First Class,3,4,4,2,2,3,2,1,2,1,0,2,2,0,4,2,5,4,4,3,Software Development; Web Development,Software Developer
STU2416,B.Sc Information Technology,Information Technology,6.4,Second Class,5,3,3,4,1,1,3,2,5,4,3,4,2,3,3,2,4,4,3,5,Machine Learning; Artificial Intelligence; Data Science; Software Development,Machine Learning Engineer
STU2591,B.Sc Computer Science,Data Science,8.81,Distinction,5,3,4,3,1,2,2,3,4,3,4,4,1,1,4,3,5,4,3,4,Machine Learning; Artificial Intelligence; Data Science; Database Management,Machine Learning Engineer
STU1598,B.Sc Information Technology,Software Engineering,9.06,Distinction,4,4,2,3,2,4,0,1,3,1,1,3,2,2,3,3,5,4,3,4,Software Development; Artificial Intelligence,Software Developer
STU1742,B.Sc Information Technology,Software Engineering,5.86,Pass,2,1,0,3,5,3,2,1,1,0,0,2,3,2,4,4,3,3,2,2,Web Development; Software Development,Web Developer
STU2548,B.Sc Computer Science,Web Technologies,7.49,First Class,4,3,3,5,0,2,1,2,3,5,4,4,2,3,4,2,4,4,3,5,Machine Learning; Artificial Intelligence; Data Science; Cybersecurity; Software Development,Machine Learning Engineer
STU1159,B.Sc Computer Science,Information Technology,9.28,Distinction,3,1,0,3,1,0,4,3,2,2,0,3,1,1,2,4,3,3,3,5,Data Analysis; Database Management; Artificial Intelligence,Data Analyst
STU2550,B.Sc Information Technology,Information Technology,6.75,Second Class,5,3,4,4,0,3,0,2,4,5,5,4,2,3,3,4,4,3,4,5,Machine Learning; Artificial Intelligence; Data Science,Machine Learning Engineer
STU1517,B.Sc Information Technology,Data Science,6.53,Second Class,2,5,5,3,0,3,1,0,1,1,1,2,1,2,4,2,5,4,3,4,Software Development; Database Management; Data Analysis,Software Developer
STU2141,B.Sc Information Technology,Web Technologies,5.89,Pass,3,3,0,1,1,1,0,1,1,1,0,5,4,4,4,2,5,3,3,3,Cloud Computing; Software Development; Cybersecurity,Cloud Engineer
STU1196,B.Sc Information Technology,Cloud & Security,5.5,Pass,3,2,0,2,0,1,4,2,4,2,0,2,0,1,2,4,3,4,2,5,Data Analysis; Database Management,Data Analyst
STU2321,B.Sc Information Technology,Cloud & Security,6.57,Second Class,3,0,2,3,2,2,1,1,3,1,0,1,5,5,3,3,5,2,3,5,Cybersecurity; Cloud Computing; Machine Learning,Cybersecurity Analyst
STU1915,B.Sc Information Technology,Data Science,5.7,Pass,2,2,1,4,1,0,2,2,2,1,0,1,2,2,3,3,4,3,3,4,Database Management; Data Analysis; Machine Learning,Database Administrator
STU1411,B.Sc Information Technology,Data Science,6.54,Second Class,5,5,5,3,2,4,2,1,1,1,0,0,3,3,3,3,5,4,3,4,Software Development; Data Analysis; Cybersecurity,Software Developer
STU1097,B.Sc Computer Science,Information Technology,7.61,First Class,2,2,0,3,1,2,4,5,5,2,0,3,1,0,0,4,5,4,2,4,Data Analysis; Database Management; Artificial Intelligence,Data Analyst
STU2336,B.Sc Information Technology,Web Technologies,7.17,First Class,3,0,3,3,3,2,1,1,2,1,0,3,5,5,3,3,5,2,3,5,Cybersecurity; Cloud Computing; Data Science,Cybersecurity Analyst
STU1681,B.Sc Information Technology,Cloud & Security,6.53,Second Class,3,1,1,3,4,5,0,1,2,0,0,1,0,0,5,3,5,4,1,3,Web Development; Software Development; Data Analysis; Cloud Computing,Web Developer
STU1157,B.Sc Computer Science,Data Science,8.88,Distinction,2,1,0,5,1,1,4,4,4,2,0,2,1,1,3,3,4,2,2,5,Data Analysis; Database Management; Artificial Intelligence,Data Analyst
STU1420,B.Sc Information Technology,Data Science,8.21,First Class,3,4,4,2,1,3,0,0,2,1,0,3,1,2,4,3,5,5,3,4,Software Development,Software Developer
STU2504,B.Sc Information Technology,Software Engineering,7.57,First Class,4,2,3,3,1,2,3,1,4,4,5,4,2,2,3,2,5,4,4,5,Machine Learning; Artificial Intelligence; Data Science; Web Development,Machine Learning Engineer
STU1478,B.Sc Information Technology,Data Science,6.81,Second Class,4,4,4,3,2,2,0,1,2,0,0,1,2,0,2,3,5,4,3,4,Software Development; Machine Learning,Software Developer
STU2558,B.Sc Computer Science,Data Science,9.13,Distinction,5,3,2,4,0,0,2,1,5,5,5,3,1,2,5,2,5,3,3,5,Machine Learning; Artificial Intelligence; Data Science,Machine Learning Engineer
STU1728,BCA,Information Technology,7.85,First Class,3,2,0,4,5,5,1,0,1,1,0,2,0,2,5,4,4,4,2,4,Web Development; Software Development; Data Science,Web Developer
STU2079,B.Sc Information Technology,Data Science,6.2,Second Class,3,0,0,1,1,3,1,0,1,0,0,5,4,2,4,2,4,4,3,5,Cloud Computing; Software Development,Cloud Engineer
STU1448,B.Sc Information Technology,Data Science,7.8,First Class,4,3,3,2,3,4,1,1,1,1,0,3,1,0,4,4,5,4,4,4,Software Development; Machine Learning; Data Science,Software Developer
STU2157,B.Sc Information Technology,Web Technologies,7.55,First Class,1,2,1,2,1,3,1,0,1,0,0,5,4,3,4,4,4,5,3,4,Cloud Computing; Machine Learning; Database Management,Cloud Engineer
STU1179,B.Sc Computer Science,Cloud & Security,7.27,First Class,4,2,0,4,1,1,3,4,4,2,0,2,0,1,2,4,3,4,2,5,Data Analysis; Database Management; Artificial Intelligence; Cybersecurity,Data Analyst
STU1391,BCA,Information Technology,7.86,First Class,5,2,0,4,1,0,3,3,5,5,4,3,1,0,4,3,4,3,3,5,Data Science; Artificial Intelligence; Machine Learning; Cloud Computing,Data Scientist
STU1579,B.Sc Information Technology,Software Engineering,6.7,Second Class,4,5,4,3,1,1,1,1,2,0,1,2,2,2,3,3,5,4,3,3,Software Development; Cybersecurity,Software Developer
STU2374,B.Sc Information Technology,Software Engineering,8.76,Distinction,3,0,3,3,3,2,1,0,2,0,1,2,5,3,3,3,5,2,3,5,Cybersecurity; Cloud Computing; Software Development; Database Management,Cybersecurity Analyst
STU1722,B.Sc Information Technology,Information Technology,7.14,First Class,2,3,1,3,3,4,1,1,0,1,0,2,1,2,4,2,4,4,3,3,Web Development; Software Development,Web Developer
STU2349,B.Sc Information Technology,Software Engineering,6.57,Second Class,3,2,1,3,2,1,1,0,2,0,0,4,5,4,3,4,5,3,3,5,Cybersecurity; Cloud Computing; Database Management; Web Development,Cybersecurity Analyst
STU1781,B.Sc Information Technology,Information Technology,7.59,First Class,2,3,1,2,5,5,2,1,0,0,0,2,2,2,4,2,3,4,1,2,Web Development; Software Development; Data Analysis,Web Developer
STU2343,BCA,Data Science,7.54,First Class,3,3,4,3,2,2,0,0,2,2,1,2,3,5,3,3,5,3,4,5,Cybersecurity; Cloud Computing; Software Development; Artificial Intelligence,Cybersecurity Analyst
STU1715,B.Sc Information Technology,Web Technologies,7.74,First Class,3,2,1,2,5,5,2,1,1,0,1,2,3,2,4,3,4,4,2,3,Web Development; Software Development; Machine Learning; Data Science,Web Developer
STU1989,B.Sc Information Technology,Web Technologies,7.14,First Class,3,2,1,4,1,0,2,2,2,0,0,3,1,3,3,2,4,3,4,4,Database Management; Data Analysis; Software Development,Database Administrator
STU2278,B.Sc Computer Science,Software Engineering,6.63,Second Class,3,3,2,2,1,2,0,0,2,0,0,2,5,5,2,3,5,3,3,5,Cybersecurity; Cloud Computing; Data Analysis,Cybersecurity Analyst
STU2064,B.Sc Information Technology,Software Engineering,6.88,Second Class,3,0,1,2,1,2,2,1,0,1,0,5,5,2,4,3,4,4,3,5,Cloud Computing,Cloud Engineer
STU1842,B.Sc Information Technology,Web Technologies,8.22,First Class,2,3,1,4,1,0,4,2,2,1,0,4,2,3,3,4,5,4,3,4,Database Management; Machine Learning,Database Administrator
STU1839,B.Sc Information Technology,Software Engineering,6.37,Second Class,2,1,1,5,0,1,2,2,1,1,0,3,1,2,2,2,3,3,3,5,Database Management; Data Analysis,Database Administrator
STU1295,B.Sc Information Technology,Information Technology,8.81,Distinction,5,2,1,4,1,0,4,3,4,4,4,1,2,0,4,4,5,4,3,5,Data Science; Artificial Intelligence; Machine Learning,Data Scientist
STU1906,B.Sc Information Technology,Data Science,6.06,Second Class,3,1,1,5,1,1,4,3,2,0,0,2,3,4,3,3,4,3,3,4,Database Management; Data Analysis,Database Administrator
STU1994,B.Sc Information Technology,Software Engineering,8.72,Distinction,3,1,1,5,1,1,3,2,2,0,1,3,3,3,3,2,4,3,3,5,Database Management,Database Administrator
STU1089,B.Sc Information Technology,Software Engineering,8.14,First Class,3,1,0,5,1,1,3,4,2,2,1,2,0,0,2,3,3,3,2,5,Data Analysis; Database Management; Cloud Computing; Machine Learning,Data Analyst
STU1042,BCA,Cloud & Security,6.77,Second Class,1,1,1,4,0,0,2,4,2,2,1,1,2,2,0,5,4,4,2,5,Data Analysis; Database Management; Cloud Computing,Data Analyst
STU1132,BCA,Data Science,7.47,First Class,3,0,0,5,0,0,4,4,4,2,0,2,1,0,2,4,4,2,2,5,Data Analysis; Database Management; Machine Learning; Web Development,Data Analyst
STU2056,B.Sc Information Technology,Web Technologies,7.97,First Class,3,2,1,2,2,2,0,1,0,1,1,4,4,2,5,3,4,4,3,4,Cloud Computing; Artificial Intelligence,Cloud Engineer
STU1963,B.Sc Information Technology,Web Technologies,5.83,Pass,2,1,0,5,0,1,3,1,2,1,0,3,4,2,1,3,4,3,2,4,Database Management,Database Administrator
STU2448,B.Sc Information Technology,Data Science,7.5,First Class,5,2,2,4,1,2,2,2,2,5,5,5,3,1,5,4,5,4,4,5,Machine Learning; Artificial Intelligence; Data Science; Data Analysis; Cybersecurity,Machine Learning Engineer
STU2480,B.Sc Information Technology,Data Science,7.37,First Class,5,2,3,4,0,3,3,1,4,5,5,3,1,3,5,3,5,4,2,5,Machine Learning; Artificial Intelligence; Data Science,Machine Learning Engineer
STU1975,B.Sc Information Technology,Information Technology,8.47,First Class,2,2,0,5,1,0,3,2,1,1,1,3,3,2,4,3,3,3,2,4,Database Management,Database Administrator
STU1165,B.Sc Information Technology,Software Engineering,8.21,First Class,4,1,0,4,1,1,2,3,4,1,0,2,1,0,1,5,5,3,2,5,Data Analysis; Database Management; Data Science,Data Analyst
STU1291,B.Sc Information Technology,Software Engineering,7.6,First Class,5,2,0,5,1,2,2,2,5,5,3,2,1,1,4,4,5,4,3,5,Data Science; Artificial Intelligence; Machine Learning; Cybersecurity; Database Management,Data Scientist
STU2512,B.Sc Information Technology,Web Technologies,9.56,Distinction,4,2,3,5,0,1,2,2,4,5,3,4,2,2,5,2,5,4,2,5,Machine Learning; Artificial Intelligence; Data Science; Cybersecurity; Cloud Computing,Machine Learning Engineer
STU1670,B.Sc Information Technology,Information Technology,7.36,First Class,3,2,1,3,5,5,1,1,0,1,0,0,2,3,4,3,5,3,3,3,Web Development; Software Development,Web Developer
STU1349,B.Sc Information Technology,Information Technology,8.13,First Class,5,3,1,5,0,0,3,3,5,5,3,2,1,0,4,4,5,3,3,5,Data Science; Artificial Intelligence; Machine Learning,Data Scientist
STU1572,B.Sc Information Technology,Information Technology,6.8,Second Class,4,3,4,3,1,4,1,1,2,0,0,2,2,2,2,2,4,5,2,3,Software Development; Cybersecurity; Database Management,Software Developer
STU2440,B.Sc Information Technology,Software Engineering,6.82,Second Class,5,2,2,5,1,2,2,3,4,4,5,4,0,2,4,3,5,4,3,4,Machine Learning; Artificial Intelligence; Data Science; Data Analysis; Cybersecurity,Machine Learning Engineer
STU2505,B.Sc Information Technology,Software Engineering,6.99,Second Class,5,3,1,4,1,2,3,2,4,4,5,4,2,2,4,3,4,4,3,5,Machine Learning; Artificial Intelligence; Data Science,Machine Learning Engineer
STU1778,B.Sc Information Technology,Information Technology,6.14,Second Class,3,2,1,3,5,3,2,0,2,2,1,2,1,2,3,3,4,3,3,4,Web Development; Software Development; Database Management,Web Developer
STU1941,B.Sc Information Technology,Web Technologies,5.96,Pass,1,3,1,4,1,1,3,1,3,1,1,2,2,3,1,2,3,3,2,3,Database Management; Data Science; Web Development,Database Administrator
STU2054,B.Sc Information Technology,Web Technologies,6.82,Second Class,2,3,1,2,1,0,0,1,0,2,0,5,4,4,5,3,4,3,2,3,Cloud Computing,Cloud Engineer
STU2358,B.Sc Information Technology,Software Engineering,7.1,First Class,3,2,1,3,2,2,0,1,2,0,0,2,5,4,3,3,5,3,3,5,Cybersecurity; Cloud Computing; Artificial Intelligence,Cybersecurity Analyst
STU1459,B.Sc Information Technology,Cloud & Security,7.44,First Class,3,5,4,2,2,1,1,1,1,1,0,2,2,2,5,3,5,4,3,4,Software Development; Artificial Intelligence,Software Developer
STU1376,B.Sc Information Technology,Web Technologies,7.69,First Class,4,1,0,2,2,0,3,2,5,5,4,3,0,2,5,5,5,3,4,5,Data Science; Artificial Intelligence; Machine Learning; Web Development,Data Scientist
STU1334,B.Sc Information Technology,Web Technologies,7.44,First Class,5,2,2,4,1,1,3,3,5,5,5,3,1,2,3,3,5,3,4,5,Data Science; Artificial Intelligence; Machine Learning; Cloud Computing,Data Scientist
STU2567,B.Sc Information Technology,Cloud & Security,8.07,First Class,4,3,3,3,1,0,3,2,5,5,3,4,2,3,5,3,5,5,4,5,Machine Learning; Artificial Intelligence; Data Science; Software Development,Machine Learning Engineer
STU2419,B.Sc Information Technology,Software Engineering,6.99,Second Class,5,3,3,5,1,2,2,3,5,5,5,4,3,2,3,4,5,5,3,5,Machine Learning; Artificial Intelligence; Data Science,Machine Learning Engineer
STU2165,B.Sc Information Technology,Information Technology,7.5,First Class,3,3,1,2,1,2,1,1,1,1,0,5,3,3,4,3,5,4,2,4,Cloud Computing; Software Development,Cloud Engineer
STU1799,B.Sc Information Technology,Cloud & Security,7.43,First Class,3,3,2,2,5,4,1,1,1,1,0,1,1,2,3,3,4,3,2,2,Web Development; Software Development; Data Science; Machine Learning,Web Developer
STU2425,B.Sc Information Technology,Data Science,8.82,Distinction,5,3,3,5,0,1,2,2,5,5,4,4,2,1,4,3,5,4,2,5,Machine Learning; Artificial Intelligence; Data Science,Machine Learning Engineer
STU2482,B.Sc Computer Science,Web Technologies,8.7,Distinction,5,1,3,4,2,0,2,1,4,3,3,4,0,2,5,4,4,4,3,5,Machine Learning; Artificial Intelligence; Data Science; Data Analysis; Cloud Computing,Machine Learning Engineer
STU1638,B.Sc Information Technology,Web Technologies,7.04,First Class,4,1,1,4,5,5,2,1,0,1,0,2,2,2,4,2,4,4,3,3,Web Development; Software Development; Data Analysis; Cloud Computing,Web Developer
STU1329,B.Sc Information Technology,Information Technology,7.15,First Class,4,2,1,5,0,2,2,3,5,4,5,3,1,1,4,4,5,2,3,5,Data Science; Artificial Intelligence; Machine Learning,Data Scientist
STU1695,BCA,Web Technologies,7.77,First Class,4,0,0,3,4,5,1,0,1,1,0,2,1,3,4,4,4,4,2,3,Web Development; Software Development; Cloud Computing,Web Developer
STU1319,B.Sc Computer Science,Web Technologies,8.56,Distinction,3,1,1,4,0,1,2,3,5,5,3,3,1,1,4,4,5,2,3,5,Data Science; Artificial Intelligence; Machine Learning; Cloud Computing,Data Scientist
STU2228,B.Sc Information Technology,Cloud & Security,7.54,First Class,4,0,4,4,0,3,1,1,0,2,0,4,5,5,2,2,5,4,2,5,Cybersecurity; Cloud Computing; Database Management; Machine Learning,Cybersecurity Analyst
STU2565,B.Sc Information Technology,Information Technology,7.26,First Class,4,3,2,4,1,2,3,1,3,4,5,4,3,1,4,3,5,5,4,5,Machine Learning; Artificial Intelligence; Data Science,Machine Learning Engineer
STU1168,B.Sc Computer Science,Software Engineering,8.45,First Class,3,1,0,4,1,0,3,4,3,1,0,2,1,1,2,3,5,2,2,5,Data Analysis; Database Management; Cybersecurity,Data Analyst
STU1013,B.Sc Computer Science,Information Technology,6.89,Second Class,4,1,0,3,0,2,4,4,4,2,0,0,1,0,1,4,3,2,2,5,Data Analysis; Database Management,Data Analyst
STU1172,B.Sc Information Technology,Software Engineering,7.24,First Class,3,0,0,4,2,0,5,4,4,2,0,3,1,2,1,4,4,3,2,5,Data Analysis; Database Management,Data Analyst
STU1261,B.Sc Information Technology,Information Technology,7.17,First Class,5,2,1,4,0,2,3,3,5,5,3,3,1,1,4,4,5,4,2,5,Data Science; Artificial Intelligence; Machine Learning,Data Scientist
STU1931,B.Sc Computer Science,Software Engineering,5.97,Pass,2,2,1,5,1,1,1,0,1,0,0,3,3,3,3,3,4,4,2,5,Database Management; Software Development,Database Administrator
STU1983,B.Sc Information Technology,Information Technology,8.24,First Class,3,3,1,4,0,2,3,1,3,0,0,3,2,3,2,3,4,2,4,4,Database Management; Data Analysis,Database Administrator
STU2232,B.Sc Information Technology,Cloud & Security,5.97,Pass,1,1,3,4,2,3,0,1,2,1,0,4,5,3,3,3,5,4,3,4,Cybersecurity; Cloud Computing; Database Management,Cybersecurity Analyst
STU1139,BCA,Information Technology,7.74,First Class,1,0,0,4,0,2,4,4,3,2,0,2,1,1,3,5,4,2,1,5,Data Analysis; Database Management; Data Science,Data Analyst
STU1550,B.Sc Information Technology,Cloud & Security,6.88,Second Class,4,4,5,4,3,2,0,1,2,0,0,3,3,2,5,3,5,4,2,4,Software Development; Database Management,Software Developer
STU2122,B.Sc Information Technology,Data Science,9.0,Distinction,1,2,1,2,1,2,0,1,0,0,0,5,4,4,5,4,5,5,3,3,Cloud Computing; Software Development,Cloud Engineer
STU1964,B.Sc Computer Science,Data Science,7.81,First Class,0,2,1,5,0,1,3,0,3,0,1,3,3,3,4,4,5,3,4,4,Database Management,Database Administrator
STU1880,B.Sc Information Technology,Information Technology,7.31,First Class,1,3,1,5,1,0,3,2,2,1,0,3,4,4,3,2,3,4,4,5,Database Management; Machine Learning,Database Administrator
STU1559,B.Sc Information Technology,Software Engineering,6.79,Second Class,5,4,4,3,3,3,2,1,1,1,0,2,2,2,4,2,5,5,3,4,Software Development; Cybersecurity,Software Developer
STU1140,B.Sc Information Technology,Information Technology,7.04,First Class,3,1,1,4,2,1,3,4,3,2,1,1,1,1,2,4,4,2,2,4,Data Analysis; Database Management; Data Science,Data Analyst
STU2394,B.Sc Information Technology,Cloud & Security,7.65,First Class,3,3,3,3,1,2,0,0,1,1,0,2,4,5,3,3,4,2,3,5,Cybersecurity; Cloud Computing; Data Analysis,Cybersecurity Analyst
STU2513,B.Sc Information Technology,Cloud & Security,8.74,Distinction,5,1,3,4,1,2,2,1,4,3,4,4,2,1,4,3,5,4,2,5,Machine Learning; Artificial Intelligence; Data Science; Software Development,Machine Learning Engineer
STU1225,B.Sc Information Technology,Data Science,7.82,First Class,4,2,0,4,1,0,3,3,5,5,5,3,1,1,4,4,5,4,4,5,Data Science; Artificial Intelligence; Machine Learning; Cybersecurity,Data Scientist
STU1661,B.Sc Information Technology,Web Technologies,7.54,First Class,3,0,2,2,4,5,2,1,0,1,0,2,1,2,5,3,3,5,2,4,Web Development; Software Development,Web Developer
STU1410,B.Sc Information Technology,Cloud & Security,5.86,Pass,4,3,4,3,2,1,1,0,2,1,0,3,3,2,3,3,5,3,4,3,Software Development,Software Developer
STU1326,B.Sc Information Technology,Information Technology,6.64,Second Class,5,0,2,4,1,1,3,3,5,5,5,4,1,0,4,4,5,4,3,5,Data Science; Artificial Intelligence; Machine Learning,Data Scientist
STU2540,B.Sc Information Technology,Data Science,9.38,Distinction,5,2,3,4,0,2,0,1,4,5,5,4,1,1,4,3,4,4,3,4,Machine Learning; Artificial Intelligence; Data Science; Software Development,Machine Learning Engineer
STU1300,B.Sc Information Technology,Cloud & Security,7.02,First Class,5,2,1,3,0,1,3,1,5,5,4,4,2,1,3,5,5,2,3,5,Data Science; Artificial Intelligence; Machine Learning; Cybersecurity; Cloud Computing,Data Scientist
STU2092,B.Sc Computer Science,Software Engineering,8.13,First Class,3,2,0,2,1,2,2,1,0,1,1,5,4,2,3,3,4,4,4,4,Cloud Computing; Data Science,Cloud Engineer
STU1833,B.Sc Computer Science,Data Science,8.56,Distinction,1,2,1,5,0,2,2,1,2,2,0,4,2,3,1,3,4,3,3,4,Database Management; Data Science; Machine Learning,Database Administrator
STU1757,B.Sc Computer Science,Data Science,5.72,Pass,3,1,0,3,5,4,1,0,2,0,0,2,2,1,4,4,4,4,2,2,Web Development; Software Development,Web Developer
STU2589,B.Sc Information Technology,Data Science,7.87,First Class,4,2,3,5,1,3,2,1,4,5,5,3,1,1,4,3,5,4,3,5,Machine Learning; Artificial Intelligence; Data Science,Machine Learning Engineer
STU1194,B.Sc Information Technology,Information Technology,6.72,Second Class,2,1,0,2,1,2,3,4,4,2,0,2,1,0,2,4,3,3,3,5,Data Analysis; Database Management; Software Development,Data Analyst
STU1995,B.Sc Information Technology,Web Technologies,6.62,Second Class,1,2,1,5,1,1,4,2,1,1,0,4,3,3,3,3,4,2,3,3,Database Management; Artificial Intelligence,Database Administrator
STU1574,B.Sc Information Technology,Information Technology,6.13,Second Class,4,2,4,4,2,2,0,1,3,0,0,1,2,3,4,3,5,4,3,4,Software Development,Software Developer
STU1504,B.Sc Information Technology,Cloud & Security,6.26,Second Class,3,3,3,3,3,3,1,1,3,0,0,2,2,3,4,3,5,3,3,4,Software Development; Data Analysis,Software Developer
STU1606,B.Sc Computer Science,Cloud & Security,7.81,First Class,4,2,2,3,5,5,0,0,1,1,1,3,3,0,4,3,5,4,1,4,Web Development; Software Development; Database Management,Web Developer
STU1862,B.Sc Information Technology,Software Engineering,6.87,Second Class,2,1,1,5,2,0,3,0,2,0,0,3,1,3,3,3,3,3,3,4,Database Management; Software Development,Database Administrator
STU2428,B.Sc Computer Science,Data Science,7.02,First Class,5,4,3,3,0,2,2,1,4,5,5,3,2,3,4,3,5,3,3,4,Machine Learning; Artificial Intelligence; Data Science; Cybersecurity; Web Development,Machine Learning Engineer
STU1004,B.Sc Information Technology,Data Science,7.35,First Class,2,1,0,4,1,0,4,4,5,2,0,1,0,0,2,3,4,3,3,5,Data Analysis; Database Management; Artificial Intelligence,Data Analyst
STU1845,B.Sc Information Technology,Information Technology,7.63,First Class,2,2,1,4,1,1,4,1,2,0,0,4,3,2,2,3,4,4,3,5,Database Management; Cloud Computing,Database Administrator
STU1468,B.Sc Information Technology,Data Science,6.26,Second Class,3,4,4,3,2,3,1,1,2,2,0,2,1,1,4,3,5,4,3,5,Software Development; Artificial Intelligence; Database Management,Software Developer
STU1322,B.Sc Information Technology,Cloud & Security,6.73,Second Class,3,2,2,4,1,1,3,3,5,5,4,4,0,1,4,4,5,3,4,5,Data Science; Artificial Intelligence; Machine Learning; Cybersecurity; Database Management,Data Scientist
STU1006,B.Sc Information Technology,Software Engineering,6.77,Second Class,3,1,0,4,2,2,3,4,4,1,0,2,1,0,1,5,4,2,2,5,Data Analysis; Database Management,Data Analyst
STU1223,B.Sc Information Technology,Data Science,7.7,First Class,5,3,2,4,1,1,2,3,4,5,4,3,2,0,4,3,5,3,3,5,Data Science; Artificial Intelligence; Machine Learning,Data Scientist
STU1548,B.Sc Computer Science,Software Engineering,7.23,First Class,4,4,5,2,2,2,0,0,2,1,1,2,0,2,3,3,4,4,3,5,Software Development; Data Science,Software Developer
STU1847,B.Sc Information Technology,Data Science,6.78,Second Class,2,2,1,5,0,1,3,2,1,1,1,4,3,3,3,2,4,2,3,5,Database Management; Data Science; Data Analysis,Database Administrator
STU1040,B.Sc Information Technology,Cloud & Security,6.44,Second Class,3,0,0,4,0,0,3,2,2,3,0,2,1,0,3,4,3,3,3,5,Data Analysis; Database Management; Cybersecurity,Data Analyst
STU1543,B.Sc Information Technology,Web Technologies,6.1,Second Class,4,4,4,3,2,3,0,1,3,2,0,3,2,2,4,2,5,4,4,4,Software Development; Web Development,Software Developer
STU1243,B.Sc Computer Science,Web Technologies,6.93,Second Class,5,2,1,4,2,1,4,3,5,4,4,4,0,0,4,4,5,4,3,4,Data Science; Artificial Intelligence; Machine Learning; Cybersecurity,Data Scientist
STU1137,B.Sc Information Technology,Cloud & Security,7.75,First Class,2,1,0,4,2,0,5,4,4,1,0,2,1,0,2,5,5,4,2,5,Data Analysis; Database Management; Artificial Intelligence,Data Analyst
STU2405,B.Sc Computer Science,Data Science,7.88,First Class,4,4,4,4,1,2,2,2,3,5,3,4,3,1,4,3,5,5,3,5,Machine Learning; Artificial Intelligence; Data Science,Machine Learning Engineer
STU2263,B.Sc Information Technology,Software Engineering,6.88,Second Class,2,0,3,4,1,2,0,1,2,1,1,3,5,4,4,4,4,3,4,4,Cybersecurity; Cloud Computing; Database Management,Cybersecurity Analyst
STU1679,B.Sc Information Technology,Cloud & Security,7.12,First Class,3,1,0,3,5,5,1,1,1,1,0,2,3,0,4,4,4,4,1,3,Web Development; Software Development; Artificial Intelligence,Web Developer
STU1875,B.Sc Computer Science,Web Technologies,7.43,First Class,3,1,1,5,1,0,3,0,2,1,1,2,3,1,3,3,4,4,3,4,Database Management; Cybersecurity,Database Administrator
STU2138,B.Sc Information Technology,Web Technologies,7.46,First Class,2,3,0,3,1,2,2,0,0,0,0,5,4,1,4,3,4,5,3,4,Cloud Computing; Machine Learning,Cloud Engineer
STU2134,B.Sc Information Technology,Software Engineering,6.52,Second Class,2,3,1,3,1,2,0,1,1,1,0,5,4,2,4,4,4,4,4,3,Cloud Computing; Web Development,Cloud Engineer
STU2271,B.Sc Information Technology,Cloud & Security,7.36,First Class,3,1,3,2,0,1,1,0,3,1,0,3,5,4,2,3,5,2,3,5,Cybersecurity; Cloud Computing; Web Development,Cybersecurity Analyst
STU2458,B.Sc Information Technology,Information Technology,7.3,First Class,5,3,3,4,1,3,2,3,5,3,5,3,0,2,4,4,5,4,2,5,Machine Learning; Artificial Intelligence; Data Science; Web Development,Machine Learning Engineer
STU1582,B.Sc Information Technology,Data Science,7.33,First Class,4,3,4,4,2,3,0,0,2,1,0,2,2,2,3,3,5,4,3,4,Software Development; Cloud Computing; Cybersecurity,Software Developer
STU2574,B.Sc Information Technology,Cloud & Security,7.12,First Class,5,3,4,4,0,1,2,1,4,5,5,3,2,2,4,4,5,4,3,5,Machine Learning; Artificial Intelligence; Data Science,Machine Learning Engineer
STU1662,B.Sc Information Technology,Web Technologies,7.14,First Class,2,1,1,1,5,5,1,1,1,1,0,2,2,2,3,2,5,5,2,3,Web Development; Software Development; Data Science,Web Developer
STU2450,B.Sc Information Technology,Cloud & Security,7.67,First Class,5,3,3,3,0,2,1,1,4,5,5,4,2,2,5,3,5,4,4,4,Machine Learning; Artificial Intelligence; Data Science; Data Analysis,Machine Learning Engineer
STU2481,B.Sc Information Technology,Information Technology,8.07,First Class,5,3,2,2,0,2,2,1,5,3,4,4,2,3,4,2,5,5,4,5,Machine Learning; Artificial Intelligence; Data Science,Machine Learning Engineer
STU1377,B.Sc Information Technology,Software Engineering,6.47,Second Class,3,2,2,4,1,2,3,3,5,5,4,3,1,0,2,4,5,2,3,5,Data Science; Artificial Intelligence; Machine Learning; Cybersecurity; Data Analysis,Data Scientist
STU1315,B.Sc Information Technology,Software Engineering,7.91,First Class,5,2,0,2,1,1,3,2,5,4,3,1,0,1,3,5,5,2,2,5,Data Science; Artificial Intelligence; Machine Learning,Data Scientist
STU1443,B.Sc Information Technology,Cloud & Security,6.59,Second Class,3,4,5,3,2,2,1,1,3,1,0,2,2,2,3,3,5,4,2,4,Software Development; Machine Learning,Software Developer
STU1320,BCA,Data Science,7.47,First Class,5,2,1,4,1,1,3,3,5,5,3,4,0,1,4,4,5,2,3,5,Data Science; Artificial Intelligence; Machine Learning; Web Development; Cybersecurity,Data Scientist
STU2315,B.Sc Information Technology,Cloud & Security,7.36,First Class,3,2,3,4,2,1,1,1,2,1,0,1,4,5,3,2,4,3,4,4,Cybersecurity; Cloud Computing; Machine Learning,Cybersecurity Analyst
STU1804,B.Sc Information Technology,Web Technologies,6.64,Second Class,0,2,1,5,1,2,2,3,2,1,0,3,3,3,3,3,4,3,3,3,Database Management; Web Development,Database Administrator
STU1899,B.Sc Information Technology,Software Engineering,5.94,Pass,1,2,1,5,1,0,4,2,3,2,0,1,3,2,4,3,5,3,3,4,Database Management; Data Analysis,Database Administrator
STU2204,B.Sc Information Technology,Information Technology,8.72,Distinction,2,0,3,3,2,0,1,0,1,1,0,3,5,4,2,3,4,3,3,5,Cybersecurity; Cloud Computing; Data Analysis; Machine Learning,Cybersecurity Analyst
STU1425,B.Sc Information Technology,Information Technology,7.63,First Class,2,4,2,3,2,2,1,0,2,0,0,3,2,2,4,2,5,4,4,5,Software Development; Data Science,Software Developer
STU1554,B.Sc Information Technology,Cloud & Security,6.56,Second Class,4,4,4,3,1,3,0,1,1,1,0,2,2,3,4,3,5,4,3,3,Software Development; Machine Learning,Software Developer
STU1595,BCA,Web Technologies,7.13,First Class,5,2,4,1,2,2,0,2,2,0,0,1,1,2,3,3,5,4,4,3,Software Development; Database Management,Software Developer
STU2282,B.Sc Information Technology,Information Technology,6.09,Second Class,3,2,3,3,2,2,0,1,3,1,1,1,5,5,3,4,5,3,3,5,Cybersecurity; Cloud Computing; Software Development; Web Development,Cybersecurity Analyst
STU2058,B.Sc Information Technology,Cloud & Security,7.34,First Class,3,2,1,2,1,2,1,0,1,2,0,5,4,3,4,3,4,3,3,3,Cloud Computing; Machine Learning,Cloud Engineer
STU2455,B.Sc Information Technology,Information Technology,7.22,First Class,5,3,4,4,1,2,2,2,2,5,4,4,2,2,4,2,5,4,4,5,Machine Learning; Artificial Intelligence; Data Science; Data Analysis; Cybersecurity,Machine Learning Engineer
STU2296,B.Sc Information Technology,Data Science,6.79,Second Class,3,1,2,2,2,1,1,1,3,2,1,3,5,5,4,4,5,3,3,5,Cybersecurity; Cloud Computing; Web Development; Database Management,Cybersecurity Analyst
STU1705,B.Sc Information Technology,Cloud & Security,6.77,Second Class,3,3,1,3,5,5,0,0,1,1,0,2,2,2,3,3,4,4,2,3,Web Development; Software Development; Data Analysis; Artificial Intelligence,Web Developer
STU1228,B.Sc Information Technology,Web Technologies,7.65,First Class,4,2,1,5,1,1,2,3,5,4,5,2,1,1,4,4,4,4,3,5,Data Science; Artificial Intelligence; Machine Learning; Cybersecurity; Database Management,Data Scientist
STU1803,B.Sc Information Technology,Software Engineering,8.3,First Class,1,2,0,4,2,0,2,3,2,0,1,2,3,1,3,3,4,3,3,4,Database Management; Cloud Computing; Software Development,Database Administrator
STU2595,BCA,Data Science,6.23,Second Class,4,3,2,5,1,3,2,1,3,5,5,4,2,2,5,2,5,4,4,5,Machine Learning; Artificial Intelligence; Data Science,Machine Learning Engineer
STU2062,B.Sc Computer Science,Information Technology,7.73,First Class,3,3,0,2,0,2,0,2,1,0,0,5,3,2,4,2,4,4,3,4,Cloud Computing; Cybersecurity; Data Analysis,Cloud Engineer
STU2111,B.Sc Information Technology,Web Technologies,6.73,Second Class,4,2,2,2,2,3,1,0,1,2,1,4,4,3,4,4,5,5,2,3,Cloud Computing,Cloud Engineer
STU1067,B.Sc Information Technology,Web Technologies,8.27,First Class,1,1,0,4,2,1,3,5,4,0,0,1,0,2,2,5,4,2,2,4,Data Analysis; Database Management; Cloud Computing,Data Analyst
STU1394,B.Sc Information Technology,Web Technologies,8.34,First Class,5,2,1,4,1,1,3,2,3,5,2,3,1,2,4,3,5,4,2,5,Data Science; Artificial Intelligence; Machine Learning; Software Development; Web Development,Data Scientist
STU1580,B.Sc Information Technology,Data Science,6.45,Second Class,4,3,2,3,2,3,1,0,0,1,0,2,1,0,4,4,5,5,4,5,Software Development; Cybersecurity,Software Developer
STU1025,B.Sc Information Technology,Cloud & Security,6.6,Second Class,3,1,0,4,1,1,4,4,4,2,0,3,1,0,2,4,5,2,2,5,Data Analysis; Database Management; Artificial Intelligence,Data Analyst
STU1212,B.Sc Computer Science,Information Technology,7.01,First Class,5,2,1,5,2,0,1,4,5,3,4,3,0,2,3,5,5,3,3,5,Data Science; Artificial Intelligence; Machine Learning; Cybersecurity,Data Scientist
STU2234,B.Sc Information Technology,Web Technologies,8.48,First Class,2,3,2,3,2,2,1,2,1,0,0,1,5,5,4,3,5,3,4,4,Cybersecurity; Cloud Computing; Machine Learning,Cybersecurity Analyst
STU2068,B.Sc Information Technology,Web Technologies,7.9,First Class,2,2,0,2,1,2,1,0,2,1,0,4,3,3,4,2,5,3,3,3,Cloud Computing; Data Science,Cloud Engineer
STU1537,B.Sc Information Technology,Data Science,7.5,First Class,4,4,4,3,0,3,0,1,2,1,1,0,2,0,2,3,4,4,3,3,Software Development,Software Developer
STU1807,B.Sc Information Technology,Cloud & Security,6.42,Second Class,1,2,1,5,0,1,4,2,3,1,0,3,2,2,1,2,3,4,3,5,Database Management; Artificial Intelligence,Database Administrator
STU1745,B.Sc Information Technology,Cloud & Security,5.5,Pass,3,3,1,3,4,5,1,2,1,1,0,1,2,3,3,2,4,4,2,3,Web Development; Software Development; Cybersecurity,Web Developer
STU1086,B.Sc Information Technology,Data Science,7.86,First Class,4,1,0,4,0,0,2,4,4,1,0,2,1,0,2,4,3,2,2,5,Data Analysis; Database Management; Software Development,Data Analyst
STU2441,B.Sc Information Technology,Data Science,7.63,First Class,5,4,3,4,1,2,2,1,4,5,3,4,2,2,4,3,5,5,3,5,Machine Learning; Artificial Intelligence; Data Science; Database Management,Machine Learning Engineer
STU1273,B.Sc Information Technology,Cloud & Security,8.86,Distinction,3,1,1,4,1,0,3,3,4,3,4,4,1,0,4,5,5,3,3,5,Data Science; Artificial Intelligence; Machine Learning; Software Development; Database Management,Data Scientist
STU2035,B.Sc Information Technology,Web Technologies,7.61,First Class,3,2,0,2,1,2,2,0,1,1,1,5,4,4,4,2,4,4,3,5,Cloud Computing; Cybersecurity; Machine Learning,Cloud Engineer
STU1888,B.Sc Computer Science,Web Technologies,8.35,First Class,2,1,0,5,0,0,3,2,0,1,0,3,3,3,3,3,4,2,3,5,Database Management; Cybersecurity,Database Administrator
STU1744,B.Sc Information Technology,Information Technology,6.29,Second Class,3,0,2,3,5,5,1,1,2,0,1,1,1,2,5,3,3,4,2,3,Web Development; Software Development; Database Management; Data Science,Web Developer
STU2443,B.Sc Information Technology,Data Science,8.32,First Class,5,2,4,4,0,0,2,1,3,4,5,4,1,3,4,3,5,4,4,5,Machine Learning; Artificial Intelligence; Data Science; Database Management,Machine Learning Engineer
STU1631,BCA,Web Technologies,7.44,First Class,1,3,0,3,3,3,2,1,0,1,0,3,2,3,4,3,5,4,1,3,Web Development; Software Development,Web Developer
STU2095,B.Sc Information Technology,Web Technologies,6.72,Second Class,3,2,1,2,0,0,0,2,2,0,0,4,5,2,4,2,4,4,3,4,Cloud Computing; Data Analysis,Cloud Engineer
STU2492,BCA,Web Technologies,8.06,First Class,3,2,3,5,2,2,2,3,4,5,5,4,1,3,4,3,5,3,3,4,Machine Learning; Artificial Intelligence; Data Science,Machine Learning Engineer
STU1506,B.Sc Computer Science,Software Engineering,6.77,Second Class,4,4,4,3,3,1,2,0,2,1,0,3,1,2,4,4,5,5,3,3,Software Development; Artificial Intelligence; Database Management,Software Developer
STU1274,B.Sc Information Technology,Information Technology,6.66,Second Class,4,0,0,5,1,2,2,4,4,5,4,3,1,0,3,4,5,3,3,5,Data Science; Artificial Intelligence; Machine Learning,Data Scientist
STU1814,B.Sc Information Technology,Software Engineering,7.92,First Class,2,2,1,5,1,1,1,0,2,1,0,3,3,2,4,3,4,3,4,3,Database Management; Data Analysis,Database Administrator
STU1363,B.Sc Information Technology,Web Technologies,8.04,First Class,5,2,1,4,0,1,3,3,5,5,2,4,0,2,4,4,5,2,3,4,Data Science; Artificial Intelligence; Machine Learning; Database Management,Data Scientist
STU1623,B.Sc Information Technology,Software Engineering,8.32,First Class,3,2,1,3,4,5,1,1,1,1,0,3,0,1,4,3,3,5,3,3,Web Development; Software Development; Cloud Computing,Web Developer
STU1003,B.Sc Computer Science,Cloud & Security,7.83,First Class,2,0,0,4,1,0,4,4,3,2,0,2,0,2,2,3,3,4,2,5,Data Analysis; Database Management; Cybersecurity; Web Development,Data Analyst
STU1007,B.Sc Information Technology,Software Engineering,6.08,Second Class,3,1,1,4,1,1,3,4,4,3,0,1,1,1,2,3,5,3,2,5,Data Analysis; Database Management; Cloud Computing,Data Analyst
STU1312,B.Sc Information Technology,Web Technologies,6.07,Second Class,5,3,1,4,1,1,3,2,5,5,4,3,0,1,4,5,4,4,3,4,Data Science; Artificial Intelligence; Machine Learning; Cybersecurity,Data Scientist
STU2080,B.Sc Computer Science,Information Technology,6.62,Second Class,3,2,1,3,1,2,1,0,0,0,0,5,4,4,4,4,4,4,3,5,Cloud Computing; Data Science; Data Analysis,Cloud Engineer
STU1746,B.Sc Computer Science,Data Science,6.01,Second Class,2,1,1,4,5,5,1,1,2,1,0,1,3,2,4,2,4,5,3,2,Web Development; Software Development; Data Analysis,Web Developer
STU1666,B.Sc Information Technology,Web Technologies,7.03,First Class,3,2,1,1,5,5,0,1,0,0,0,2,2,3,5,2,3,4,2,4,Web Development; Software Development; Data Analysis,Web Developer
STU1365,B.Sc Information Technology,Cloud & Security,7.42,First Class,5,2,0,5,1,0,2,2,4,5,4,3,1,1,4,3,5,3,2,4,Data Science; Artificial Intelligence; Machine Learning; Cybersecurity; Web Development,Data Scientist
STU2577,B.Sc Information Technology,Data Science,8.49,First Class,5,3,1,4,1,2,2,1,4,5,4,2,2,1,5,2,4,4,2,5,Machine Learning; Artificial Intelligence; Data Science; Software Development,Machine Learning Engineer
STU1216,BCA,Information Technology,7.34,First Class,3,2,1,3,1,0,2,2,5,5,4,3,2,0,2,3,4,3,3,5,Data Science; Artificial Intelligence; Machine Learning,Data Scientist
STU2485,B.Sc Information Technology,Cloud & Security,7.79,First Class,4,1,3,4,1,3,2,2,4,5,3,4,2,2,3,3,5,4,2,5,Machine Learning; Artificial Intelligence; Data Science; Software Development; Cybersecurity,Machine Learning Engineer
STU1028,B.Sc Information Technology,Software Engineering,5.55,Pass,3,0,0,3,1,1,4,4,5,2,0,2,1,1,2,4,4,3,3,5,Data Analysis; Database Management; Data Science,Data Analyst
STU2147,B.Sc Information Technology,Information Technology,7.78,First Class,2,3,0,2,1,2,1,0,1,1,0,5,4,3,4,3,4,4,4,4,Cloud Computing; Machine Learning,Cloud Engineer
STU1990,B.Sc Information Technology,Web Technologies,7.81,First Class,1,1,1,5,2,2,3,0,2,1,0,3,4,4,2,3,5,4,3,4,Database Management; Web Development,Database Administrator
STU2464,B.Sc Information Technology,Information Technology,7.56,First Class,5,2,3,4,1,2,2,2,3,5,5,4,2,2,2,3,5,4,4,5,Machine Learning; Artificial Intelligence; Data Science; Database Management,Machine Learning Engineer
STU1911,B.Sc Information Technology,Web Technologies,7.69,First Class,2,2,1,5,2,0,4,2,2,1,0,4,3,2,3,2,4,4,3,3,Database Management; Cybersecurity,Database Administrator
STU1639,B.Sc Computer Science,Information Technology,6.39,Second Class,2,1,0,2,5,4,2,0,1,1,0,2,2,3,4,2,4,4,3,3,Web Development; Software Development,Web Developer
STU2113,B.Sc Information Technology,Web Technologies,7.51,First Class,2,2,0,2,2,2,0,1,1,0,0,4,4,3,3,2,4,5,3,3,Cloud Computing; Software Development,Cloud Engineer
STU1719,B.Sc Computer Science,Software Engineering,7.74,First Class,1,2,2,3,5,5,1,1,1,0,0,2,2,3,4,2,4,4,2,3,Web Development; Software Development; Artificial Intelligence,Web Developer
STU1692,B.Sc Computer Science,Cloud & Security,6.58,Second Class,3,3,1,2,5,5,1,1,1,1,0,2,2,2,2,2,5,3,2,4,Web Development; Software Development,Web Developer
STU1940,B.Sc Information Technology,Web Technologies,7.74,First Class,2,3,1,4,0,0,3,2,1,0,0,4,3,3,4,3,4,3,3,3,Database Management; Data Science,Database Administrator
STU1625,B.Sc Computer Science,Software Engineering,7.01,First Class,1,3,2,3,4,5,1,1,0,0,1,1,2,2,4,3,4,4,2,3,Web Development; Software Development; Cloud Computing; Machine Learning,Web Developer
STU1974,B.Sc Information Technology,Data Science,7.72,First Class,2,2,0,4,2,1,2,2,2,0,0,2,3,3,3,3,3,3,3,4,Database Management,Database Administrator
STU1257,B.Sc Information Technology,Cloud & Security,8.18,First Class,5,1,1,3,1,1,4,4,5,5,5,3,0,1,4,4,4,2,3,5,Data Science; Artificial Intelligence; Machine Learning,Data Scientist
STU1026,B.Sc Information Technology,Web Technologies,6.19,Second Class,4,0,0,5,2,1,3,3,4,3,0,2,0,1,1,4,4,3,2,4,Data Analysis; Database Management; Artificial Intelligence,Data Analyst
STU1337,B.Sc Information Technology,Information Technology,8.47,First Class,5,2,0,4,1,1,3,3,5,5,4,3,1,1,4,4,5,2,4,5,Data Science; Artificial Intelligence; Machine Learning; Software Development,Data Scientist
STU1573,B.Sc Information Technology,Information Technology,7.67,First Class,4,4,4,3,2,4,1,0,2,0,0,1,2,2,3,4,5,4,3,5,Software Development,Software Developer
STU1048,B.Sc Computer Science,Information Technology,6.65,Second Class,3,1,0,5,0,1,4,2,4,3,0,3,1,1,2,4,5,4,2,5,Data Analysis; Database Management; Data Science,Data Analyst
STU1107,B.Sc Computer Science,Cloud & Security,5.97,Pass,3,0,0,5,0,0,2,5,4,2,0,2,1,1,2,4,3,4,2,5,Data Analysis; Database Management; Web Development,Data Analyst
STU1350,B.Sc Computer Science,Information Technology,7.68,First Class,5,2,0,4,1,2,3,1,5,5,3,4,1,1,5,4,4,3,3,4,Data Science; Artificial Intelligence; Machine Learning; Web Development,Data Scientist
STU1056,B.Sc Information Technology,Data Science,8.37,First Class,3,0,0,4,1,1,4,4,4,2,1,0,2,1,2,3,4,2,1,5,Data Analysis; Database Management; Data Science,Data Analyst
STU1918,B.Sc Information Technology,Web Technologies,7.35,First Class,2,3,1,5,1,0,3,3,2,2,0,3,3,3,3,2,5,3,4,4,Database Management; Cloud Computing,Database Administrator
STU1214,BCA,Software Engineering,7.3,First Class,4,1,2,3,0,2,3,3,5,4,2,3,0,1,5,5,5,3,3,5,Data Science; Artificial Intelligence; Machine Learning; Software Development,Data Scientist
STU1121,BCA,Software Engineering,5.5,Pass,3,1,0,4,0,1,4,5,4,2,0,2,0,1,1,4,4,3,3,5,Data Analysis; Database Management; Web Development,Data Analyst
STU2203,B.Sc Information Technology,Web Technologies,7.76,First Class,2,2,3,2,2,2,0,2,1,1,0,1,5,5,2,3,5,4,2,5,Cybersecurity; Cloud Computing; Web Development,Cybersecurity Analyst
STU1830,B.Sc Information Technology,Software Engineering,7.63,First Class,2,2,0,5,2,1,3,3,3,1,0,3,3,2,3,4,5,3,3,4,Database Management; Data Analysis; Cloud Computing,Database Administrator
STU1073,B.Sc Information Technology,Software Engineering,7.32,First Class,2,2,0,4,2,1,3,4,4,2,0,1,1,1,2,4,4,2,2,4,Data Analysis; Database Management; Cybersecurity; Machine Learning,Data Analyst
STU2385,B.Sc Information Technology,Cloud & Security,7.09,First Class,2,2,3,1,1,2,1,1,3,0,0,3,3,4,3,2,5,4,3,5,Cybersecurity; Cloud Computing,Cybersecurity Analyst
STU1937,B.Sc Information Technology,Information Technology,6.82,Second Class,3,3,0,5,1,0,3,2,2,0,1,3,2,3,3,3,4,3,3,4,Database Management,Database Administrator
STU1812,B.Sc Information Technology,Information Technology,7.15,First Class,3,1,1,5,2,1,1,2,2,1,0,2,4,3,3,3,4,3,2,4,Database Management; Cloud Computing,Database Administrator
STU1046,B.Sc Information Technology,Data Science,6.16,Second Class,4,1,1,3,2,1,4,4,4,2,0,0,2,1,2,4,3,2,2,5,Data Analysis; Database Management,Data Analyst
STU2346,B.Sc Computer Science,Cloud & Security,7.17,First Class,2,2,4,4,2,1,1,0,2,1,0,4,5,5,2,2,5,3,3,5,Cybersecurity; Cloud Computing; Software Development,Cybersecurity Analyst
STU1524,B.Sc Information Technology,Cloud & Security,7.96,First Class,4,4,3,3,2,3,1,0,1,1,0,2,3,1,2,3,5,4,4,5,Software Development,Software Developer
STU2439,B.Sc Information Technology,Software Engineering,8.03,First Class,5,3,3,4,1,2,2,2,4,5,5,4,2,1,3,2,5,3,3,4,Machine Learning; Artificial Intelligence; Data Science; Cybersecurity,Machine Learning Engineer
STU2028,B.Sc Information Technology,Web Technologies,7.15,First Class,2,1,1,1,1,2,1,1,1,1,0,4,4,3,4,3,4,4,3,4,Cloud Computing; Web Development; Database Management,Cloud Engineer
STU1987,B.Sc Information Technology,Software Engineering,7.35,First Class,2,3,1,3,1,0,3,2,3,1,0,3,3,3,3,2,5,3,3,5,Database Management,Database Administrator
STU1901,B.Sc Computer Science,Software Engineering,9.2,Distinction,1,2,0,5,1,2,3,1,3,1,0,2,4,4,3,4,4,4,3,3,Database Management; Web Development,Database Administrator
STU1534,B.Sc Computer Science,Web Technologies,5.5,Pass,4,4,2,3,1,3,1,1,3,1,0,3,2,2,4,3,5,3,3,5,Software Development; Artificial Intelligence,Software Developer
STU2209,B.Sc Computer Science,Data Science,7.61,First Class,2,0,3,2,1,2,2,1,3,1,0,3,5,4,3,4,4,3,3,5,Cybersecurity; Cloud Computing,Cybersecurity Analyst
STU1604,BCA,Cloud & Security,6.17,Second Class,4,1,0,3,3,5,2,1,0,0,0,2,2,0,3,4,4,5,2,3,Web Development; Software Development,Web Developer
STU1466,B.Sc Information Technology,Data Science,7.6,First Class,3,4,3,3,1,3,1,0,2,1,0,2,2,2,4,3,4,4,4,5,Software Development; Data Analysis; Machine Learning,Software Developer
STU1944,B.Sc Information Technology,Data Science,7.97,First Class,2,1,1,5,1,1,4,2,2,2,0,3,3,3,3,2,4,2,2,4,Database Management; Cloud Computing; Data Science,Database Administrator
STU2361,B.Sc Information Technology,Information Technology,9.9,Distinction,3,1,1,3,3,3,1,2,0,1,0,2,4,5,3,4,4,3,3,5,Cybersecurity; Cloud Computing; Artificial Intelligence,Cybersecurity Analyst
STU2285,B.Sc Information Technology,Cloud & Security,8.44,First Class,4,1,3,2,3,1,0,1,1,0,0,3,4,5,3,3,5,2,3,5,Cybersecurity; Cloud Computing,Cybersecurity Analyst
STU2510,B.Sc Information Technology,Cloud & Security,9.54,Distinction,4,3,4,4,2,3,2,2,3,5,4,4,2,2,3,3,5,3,3,5,Machine Learning; Artificial Intelligence; Data Science; Web Development,Machine Learning Engineer
STU1061,B.Sc Information Technology,Cloud & Security,6.56,Second Class,3,0,0,4,1,0,4,3,4,1,1,2,1,1,2,4,4,4,2,5,Data Analysis; Database Management; Software Development; Machine Learning,Data Analyst
STU2010,B.Sc Computer Science,Web Technologies,7.36,First Class,3,2,1,1,1,0,1,1,1,0,0,5,3,3,2,3,4,5,3,4,Cloud Computing,Cloud Engineer
STU1093,B.Sc Information Technology,Web Technologies,8.19,First Class,4,0,1,4,1,1,5,2,4,2,0,2,0,0,2,5,4,3,3,4,Data Analysis; Database Management; Cybersecurity; Software Development,Data Analyst
STU1667,B.Sc Computer Science,Information Technology,8.17,First Class,4,1,0,2,5,3,0,0,1,1,0,3,3,1,4,3,4,4,2,3,Web Development; Software Development; Cybersecurity,Web Developer
STU1793,B.Sc Information Technology,Data Science,7.14,First Class,3,3,1,3,5,4,0,1,1,1,0,3,3,2,3,3,3,5,2,3,Web Development; Software Development; Machine Learning,Web Developer
STU1195,B.Sc Information Technology,Software Engineering,5.91,Pass,3,2,0,3,2,1,2,4,4,3,0,2,1,0,3,4,4,3,3,5,Data Analysis; Database Management,Data Analyst
STU1281,B.Sc Information Technology,Web Technologies,8.6,Distinction,4,1,1,2,1,1,3,3,5,5,4,3,1,0,3,3,5,3,4,5,Data Science; Artificial Intelligence; Machine Learning; Cloud Computing; Software Development,Data Scientist
STU1696,B.Sc Information Technology,Software Engineering,7.9,First Class,3,3,1,2,4,5,1,2,1,1,0,1,2,2,4,4,5,5,3,3,Web Development; Software Development; Artificial Intelligence,Web Developer
STU1360,B.Sc Information Technology,Web Technologies,9.23,Distinction,5,1,1,4,0,1,3,3,4,5,2,3,0,0,4,4,5,3,3,5,Data Science; Artificial Intelligence; Machine Learning; Web Development,Data Scientist
STU1520,B.Sc Information Technology,Software Engineering,7.46,First Class,4,4,4,3,3,3,0,1,0,1,0,2,2,3,4,3,5,5,3,4,Software Development; Artificial Intelligence; Cybersecurity,Software Developer
STU1922,B.Sc Information Technology,Information Technology,6.41,Second Class,2,1,1,4,1,1,3,1,3,0,0,3,4,2,3,3,4,3,3,4,Database Management; Software Development,Database Administrator
STU2262,B.Sc Information Technology,Software Engineering,6.72,Second Class,4,1,3,3,2,1,2,0,2,0,0,2,5,4,3,3,5,3,3,4,Cybersecurity; Cloud Computing; Artificial Intelligence; Data Science,Cybersecurity Analyst
STU1183,B.Sc Information Technology,Software Engineering,7.08,First Class,3,0,1,3,1,1,3,4,4,1,1,2,0,1,2,4,4,4,3,5,Data Analysis; Database Management; Machine Learning,Data Analyst
STU2090,B.Sc Information Technology,Web Technologies,5.89,Pass,4,3,1,3,0,2,1,1,0,1,0,4,4,3,4,3,3,4,2,5,Cloud Computing; Software Development,Cloud Engineer
STU2103,B.Sc Computer Science,Data Science,8.8,Distinction,3,2,1,3,1,2,2,0,1,0,0,5,5,4,2,2,4,4,2,3,Cloud Computing; Artificial Intelligence,Cloud Engineer
STU1111,B.Sc Information Technology,Software Engineering,5.69,Pass,3,0,1,4,2,0,5,4,4,2,0,2,1,0,2,5,5,4,2,5,Data Analysis; Database Management,Data Analyst
STU1945,B.Sc Computer Science,Web Technologies,6.16,Second Class,2,2,1,5,0,2,4,2,0,1,0,4,4,4,3,4,3,3,2,5,Database Management; Data Analysis; Software Development,Database Administrator
STU1043,B.Sc Information Technology,Information Technology,6.97,Second Class,3,0,1,3,1,0,5,5,4,3,0,2,0,2,0,4,4,3,1,4,Data Analysis; Database Management; Software Development,Data Analyst
STU1747,B.Sc Computer Science,Software Engineering,8.66,Distinction,4,1,1,2,5,3,0,1,1,2,0,3,2,1,4,3,4,4,2,3,Web Development; Software Development,Web Developer
STU1126,B.Sc Computer Science,Cloud & Security,6.16,Second Class,3,1,0,3,1,0,4,5,4,2,1,2,1,0,2,4,4,3,1,5,Data Analysis; Database Management; Artificial Intelligence; Data Science,Data Analyst
STU1205,B.Sc Computer Science,Cloud & Security,6.62,Second Class,5,1,2,5,1,0,3,3,5,4,4,3,1,1,4,4,4,3,2,5,Data Science; Artificial Intelligence; Machine Learning; Database Management,Data Scientist
STU1932,B.Sc Information Technology,Web Technologies,7.45,First Class,1,2,2,5,1,0,2,3,1,1,0,4,3,3,3,4,5,3,3,4,Database Management; Data Science; Machine Learning,Database Administrator
STU1053,B.Sc Information Technology,Web Technologies,8.88,Distinction,1,1,1,4,0,1,4,4,3,1,0,3,1,0,1,4,3,3,3,5,Data Analysis; Database Management; Data Science,Data Analyst
STU2197,B.Sc Computer Science,Web Technologies,6.79,Second Class,3,2,2,1,0,0,1,1,0,1,0,5,5,3,2,3,3,4,3,5,Cloud Computing; Artificial Intelligence,Cloud Engineer
STU1546,BCA,Web Technologies,8.3,First Class,4,4,5,3,2,4,1,1,2,0,0,1,3,2,3,3,5,3,3,4,Software Development; Machine Learning,Software Developer
STU1069,BCA,Cloud & Security,7.54,First Class,3,0,0,4,1,1,4,4,3,2,0,3,1,1,1,4,3,3,2,5,Data Analysis; Database Management,Data Analyst
STU2161,B.Sc Information Technology,Software Engineering,8.51,Distinction,3,2,0,0,1,0,2,0,0,0,0,5,4,4,4,2,4,5,2,4,Cloud Computing; Software Development; Cybersecurity,Cloud Engineer
STU2243,BCA,Information Technology,6.62,Second Class,3,3,1,3,2,3,1,0,3,0,0,3,5,5,3,3,5,4,3,4,Cybersecurity; Cloud Computing; Artificial Intelligence; Machine Learning,Cybersecurity Analyst
STU1977,B.Sc Information Technology,Cloud & Security,5.53,Pass,2,2,0,5,1,1,3,1,1,0,0,3,2,3,3,3,4,3,2,4,Database Management; Cybersecurity,Database Administrator
STU2126,B.Sc Information Technology,Information Technology,6.83,Second Class,4,2,2,2,0,2,1,1,1,0,0,5,4,3,5,3,3,5,3,4,Cloud Computing,Cloud Engineer
STU1184,B.Sc Information Technology,Information Technology,6.91,Second Class,1,0,0,4,1,1,4,4,3,1,0,2,0,1,1,4,4,3,3,5,Data Analysis; Database Management; Machine Learning; Cybersecurity,Data Analyst
STU1138,B.Sc Information Technology,Information Technology,7.84,First Class,3,0,0,4,1,1,3,3,4,2,0,2,2,1,2,4,4,3,2,5,Data Analysis; Database Management; Software Development,Data Analyst
STU1797,B.Sc Information Technology,Cloud & Security,8.04,First Class,3,3,1,3,4,5,2,0,0,0,0,2,0,3,4,3,4,4,2,3,Web Development; Software Development; Machine Learning,Web Developer
STU1133,B.Sc Information Technology,Data Science,8.16,First Class,4,1,0,4,2,2,4,3,4,2,0,2,1,1,3,4,4,3,2,4,Data Analysis; Database Management,Data Analyst
STU1081,B.Sc Information Technology,Cloud & Security,7.82,First Class,3,0,1,4,1,0,4,4,5,2,0,3,0,1,0,4,5,3,3,5,Data Analysis; Database Management; Cybersecurity; Cloud Computing,Data Analyst
STU2291,B.Sc Information Technology,Software Engineering,5.95,Pass,4,2,3,3,2,3,0,0,1,1,0,2,5,5,3,4,5,3,3,5,Cybersecurity; Cloud Computing; Artificial Intelligence,Cybersecurity Analyst
STU1106,B.Sc Information Technology,Web Technologies,6.12,Second Class,3,1,0,3,2,0,4,3,2,0,0,3,0,2,2,4,4,3,2,5,Data Analysis; Database Management; Web Development,Data Analyst
STU2238,B.Sc Computer Science,Web Technologies,7.16,First Class,4,3,4,3,2,2,1,1,3,0,0,2,5,4,3,4,5,3,2,5,Cybersecurity; Cloud Computing; Artificial Intelligence; Software Development,Cybersecurity Analyst
STU1542,B.Sc Information Technology,Data Science,7.46,First Class,5,3,3,4,3,1,1,1,2,1,0,2,2,2,4,3,5,3,3,4,Software Development; Artificial Intelligence,Software Developer
STU2220,B.Sc Information Technology,Web Technologies,8.02,First Class,3,2,2,3,3,1,0,1,1,0,0,2,5,5,3,2,5,3,3,5,Cybersecurity; Cloud Computing; Software Development; Web Development,Cybersecurity Analyst
STU1481,B.Sc Information Technology,Cloud & Security,5.89,Pass,4,5,4,3,1,3,1,1,1,1,1,2,2,2,4,3,4,4,3,4,Software Development; Database Management; Cloud Computing,Software Developer
STU1166,BCA,Cloud & Security,6.25,Second Class,3,1,0,3,1,1,4,4,4,2,1,2,0,1,1,4,4,2,3,5,Data Analysis; Database Management; Artificial Intelligence,Data Analyst
STU1249,B.Sc Computer Science,Web Technologies,8.04,First Class,5,0,0,5,1,0,3,3,5,4,4,2,1,1,4,4,5,3,3,5,Data Science; Artificial Intelligence; Machine Learning; Database Management,Data Scientist
STU1308,B.Sc Information Technology,Cloud & Security,7.29,First Class,4,2,1,4,0,1,3,3,5,4,4,3,0,1,4,4,5,3,4,5,Data Science; Artificial Intelligence; Machine Learning; Software Development; Cybersecurity,Data Scientist
STU1447,B.Sc Information Technology,Cloud & Security,7.58,First Class,5,4,3,2,0,3,0,1,2,1,0,1,2,2,4,4,5,4,3,5,Software Development; Data Analysis,Software Developer
STU1844,B.Sc Information Technology,Information Technology,6.88,Second Class,2,2,1,5,2,2,4,1,2,0,1,2,3,2,2,3,4,2,3,5,Database Management; Data Analysis; Cybersecurity,Database Administrator
STU1335,B.Sc Information Technology,Software Engineering,8.98,Distinction,4,1,2,4,0,0,3,3,5,4,5,3,1,1,4,5,5,3,4,5,Data Science; Artificial Intelligence; Machine Learning; Software Development; Cloud Computing,Data Scientist
STU1949,B.Sc Information Technology,Data Science,7.27,First Class,2,2,2,4,1,1,3,3,0,0,0,3,1,3,3,3,4,2,2,4,Database Management; Artificial Intelligence,Database Administrator
STU1098,B.Sc Information Technology,Information Technology,7.05,First Class,2,0,0,4,0,1,5,4,4,2,0,2,1,0,2,4,5,4,2,5,Data Analysis; Database Management; Artificial Intelligence,Data Analyst
STU1860,B.Sc Information Technology,Data Science,7.36,First Class,3,0,1,5,0,1,2,1,1,1,0,3,2,3,4,3,4,2,4,3,Database Management,Database Administrator
STU2578,B.Sc Information Technology,Cloud & Security,8.24,First Class,4,3,3,2,1,2,0,1,5,5,4,4,2,2,4,2,5,3,3,5,Machine Learning; Artificial Intelligence; Data Science; Software Development; Cloud Computing,Machine Learning Engineer
STU1738,B.Sc Information Technology,Software Engineering,5.5,Pass,3,2,0,3,4,3,2,1,1,1,0,3,1,2,4,4,4,4,2,3,Web Development; Software Development; Data Science,Web Developer
STU2001,B.Sc Information Technology,Information Technology,5.91,Pass,3,2,1,3,0,2,1,0,1,1,0,5,3,3,4,3,4,3,3,5,Cloud Computing; Artificial Intelligence; Cybersecurity,Cloud Engineer
STU2426,B.Sc Information Technology,Cloud & Security,8.45,First Class,5,3,4,4,2,1,1,2,5,5,5,4,2,2,4,3,4,4,3,5,Machine Learning; Artificial Intelligence; Data Science; Cloud Computing,Machine Learning Engineer
STU1422,B.Sc Information Technology,Software Engineering,6.76,Second Class,4,4,2,3,2,3,1,0,2,2,0,2,2,3,5,3,4,5,3,4,Software Development; Data Science; Cloud Computing,Software Developer
STU1103,B.Sc Information Technology,Web Technologies,7.29,First Class,4,1,0,3,1,1,5,4,5,2,0,3,1,1,2,3,4,3,2,5,Data Analysis; Database Management; Cloud Computing,Data Analyst
STU1435,B.Sc Information Technology,Web Technologies,8.39,First Class,4,2,4,3,2,4,1,0,3,1,0,1,1,2,4,4,5,5,3,4,Software Development; Data Analysis,Software Developer
STU1075,B.Sc Information Technology,Web Technologies,7.88,First Class,2,1,0,5,1,1,3,3,3,1,1,2,1,0,3,4,3,3,2,4,Data Analysis; Database Management; Web Development,Data Analyst
STU2432,B.Sc Information Technology,Information Technology,7.47,First Class,5,3,3,4,0,1,2,2,4,5,5,3,2,2,4,3,4,5,3,5,Machine Learning; Artificial Intelligence; Data Science,Machine Learning Engineer
STU2000,B.Sc Information Technology,Cloud & Security,8.18,First Class,1,2,1,5,1,0,2,2,3,1,0,3,3,3,3,3,4,2,4,4,Database Management; Data Science; Machine Learning,Database Administrator
STU2531,B.Sc Information Technology,Information Technology,7.93,First Class,5,3,3,4,1,1,2,2,2,5,4,3,1,2,3,3,5,5,4,5,Machine Learning; Artificial Intelligence; Data Science; Data Analysis; Database Management,Machine Learning Engineer
STU1303,B.Sc Information Technology,Web Technologies,7.18,First Class,4,2,1,4,2,2,4,3,4,5,4,2,1,0,4,4,5,3,4,5,Data Science; Artificial Intelligence; Machine Learning; Web Development; Data Analysis,Data Scientist
STU2378,B.Sc Computer Science,Information Technology,7.43,First Class,3,2,4,3,2,2,0,2,3,0,0,3,5,4,3,2,5,3,3,5,Cybersecurity; Cloud Computing; Software Development; Data Science,Cybersecurity Analyst
STU2345,B.Sc Information Technology,Software Engineering,7.77,First Class,3,2,3,2,1,3,0,1,3,0,0,2,4,4,3,3,5,4,2,5,Cybersecurity; Cloud Computing; Machine Learning,Cybersecurity Analyst
STU2302,B.Sc Information Technology,Web Technologies,6.34,Second Class,2,1,3,2,2,0,1,1,2,0,0,3,5,5,3,2,5,3,3,5,Cybersecurity; Cloud Computing,Cybersecurity Analyst
STU1825,BCA,Cloud & Security,7.32,First Class,2,2,0,5,1,1,2,1,3,1,0,3,2,3,3,3,4,3,2,4,Database Management; Software Development; Data Analysis,Database Administrator
STU1763,B.Sc Information Technology,Information Technology,6.49,Second Class,3,2,1,2,5,4,0,0,0,0,0,1,2,1,3,3,5,5,3,3,Web Development; Software Development; Database Management,Web Developer
STU1734,B.Sc Information Technology,Software Engineering,8.32,First Class,4,3,1,4,3,3,1,1,1,1,0,1,3,3,4,3,4,4,2,3,Web Development; Software Development; Data Science,Web Developer
STU1389,B.Sc Information Technology,Cloud & Security,8.12,First Class,3,2,1,4,1,1,3,3,4,5,4,2,0,1,4,3,5,3,2,5,Data Science; Artificial Intelligence; Machine Learning; Web Development,Data Scientist
STU1236,B.Sc Information Technology,Information Technology,7.95,First Class,4,3,1,3,1,0,2,3,5,5,4,2,1,1,4,5,5,3,3,5,Data Science; Artificial Intelligence; Machine Learning; Data Analysis; Web Development,Data Scientist
STU2326,BCA,Cloud & Security,5.73,Pass,3,2,2,3,2,2,1,0,2,1,1,3,4,5,2,2,5,4,2,4,Cybersecurity; Cloud Computing; Data Analysis,Cybersecurity Analyst
STU1268,B.Sc Computer Science,Software Engineering,7.19,First Class,5,2,0,4,2,1,2,3,4,5,4,3,0,2,4,4,5,3,3,5,Data Science; Artificial Intelligence; Machine Learning; Web Development,Data Scientist
STU1306,B.Sc Information Technology,Software Engineering,6.87,Second Class,4,2,2,4,0,1,3,1,4,5,3,2,1,1,4,4,5,3,2,5,Data Science; Artificial Intelligence; Machine Learning,Data Scientist
STU1893,B.Sc Information Technology,Information Technology,6.08,Second Class,2,2,1,4,1,0,4,1,3,1,0,2,3,3,3,2,5,4,3,4,Database Management; Software Development,Database Administrator
STU1118,B.Sc Information Technology,Web Technologies,8.45,First Class,3,0,0,3,1,0,4,5,3,2,0,3,1,1,2,4,5,2,3,5,Data Analysis; Database Management; Cybersecurity,Data Analyst
STU2290,B.Sc Information Technology,Cloud & Security,7.34,First Class,3,0,3,3,1,1,1,0,2,1,0,1,5,3,2,3,5,2,2,5,Cybersecurity; Cloud Computing; Data Analysis,Cybersecurity Analyst
STU1674,B.Sc Computer Science,Cloud & Security,6.27,Second Class,4,3,2,2,5,5,1,2,1,1,0,2,2,0,3,3,4,3,2,2,Web Development; Software Development,Web Developer
STU1250,B.Sc Information Technology,Cloud & Security,9.65,Distinction,4,2,2,4,0,0,2,3,5,5,3,2,0,0,4,4,5,3,4,5,Data Science; Artificial Intelligence; Machine Learning; Cybersecurity,Data Scientist
STU2160,B.Sc Information Technology,Data Science,7.33,First Class,1,1,1,2,1,2,2,1,1,0,0,5,4,3,3,4,5,4,4,5,Cloud Computing; Web Development; Data Analysis,Cloud Engineer
STU2325,B.Sc Information Technology,Software Engineering,6.51,Second Class,2,0,2,3,0,2,1,1,2,1,1,3,5,5,3,3,5,3,2,4,Cybersecurity; Cloud Computing,Cybersecurity Analyst
STU1072,B.Sc Information Technology,Web Technologies,7.49,First Class,3,1,0,3,1,1,3,3,4,2,1,3,1,1,2,4,3,3,3,5,Data Analysis; Database Management; Cybersecurity,Data Analyst
STU1095,B.Sc Information Technology,Data Science,5.83,Pass,2,0,0,5,1,2,4,4,3,2,1,2,1,1,1,5,4,3,2,5,Data Analysis; Database Management,Data Analyst
STU1966,B.Sc Information Technology,Software Engineering,6.3,Second Class,3,2,1,5,1,0,4,3,2,0,0,4,1,3,3,3,5,2,3,5,Database Management; Cybersecurity,Database Administrator
STU1034,B.Sc Information Technology,Data Science,7.01,First Class,1,0,0,2,0,1,4,5,4,2,0,2,1,0,2,4,4,3,2,5,Data Analysis; Database Management; Cybersecurity; Web Development,Data Analyst
STU1800,B.Sc Computer Science,Cloud & Security,7.3,First Class,4,2,1,3,4,5,1,1,0,1,0,2,2,2,4,4,3,5,2,4,Web Development; Software Development; Machine Learning,Web Developer
STU2168,B.Sc Information Technology,Information Technology,7.92,First Class,1,2,1,2,0,2,1,1,0,0,0,5,4,3,5,4,4,4,3,4,Cloud Computing; Software Development; Artificial Intelligence,Cloud Engineer
STU1449,B.Sc Computer Science,Web Technologies,8.08,First Class,3,3,4,2,2,3,1,0,3,1,1,2,1,1,2,3,4,4,3,4,Software Development,Software Developer
STU1446,B.Sc Information Technology,Cloud & Security,7.94,First Class,3,2,4,2,1,2,1,1,2,0,0,2,2,1,2,4,5,3,2,5,Software Development; Cybersecurity,Software Developer
STU1772,B.Sc Computer Science,Information Technology,6.8,Second Class,2,2,1,1,4,5,0,0,1,1,0,3,2,2,4,3,3,4,2,3,Web Development; Software Development; Database Management; Cloud Computing,Web Developer
STU1717,B.Sc Information Technology,Data Science,8.31,First Class,3,2,1,3,5,5,0,2,1,1,0,0,3,2,4,2,4,3,2,3,Web Development; Software Development,Web Developer
STU2011,B.Sc Information Technology,Software Engineering,7.63,First Class,2,2,0,2,0,1,1,2,1,0,0,4,4,3,4,2,5,4,4,4,Cloud Computing; Software Development; Cybersecurity,Cloud Engineer
STU2217,B.Sc Information Technology,Software Engineering,6.81,Second Class,3,2,3,3,1,2,1,1,2,1,0,3,5,5,3,3,5,3,3,4,Cybersecurity; Cloud Computing,Cybersecurity Analyst
STU1001,B.Sc Information Technology,Web Technologies,7.66,First Class,3,1,0,4,1,0,4,2,4,3,0,3,1,1,0,3,4,3,1,5,Data Analysis; Database Management,Data Analyst
STU2314,B.Sc Computer Science,Information Technology,7.2,First Class,3,2,3,3,3,3,1,1,2,0,0,3,5,5,3,4,5,3,4,5,Cybersecurity; Cloud Computing; Database Management; Data Analysis,Cybersecurity Analyst
STU2097,B.Sc Computer Science,Software Engineering,6.92,Second Class,2,2,1,2,2,2,1,1,1,2,0,5,4,3,4,4,5,4,3,4,Cloud Computing; Cybersecurity,Cloud Engineer
STU1078,B.Sc Information Technology,Information Technology,6.61,Second Class,3,0,0,4,1,1,4,5,5,1,0,2,2,1,1,4,4,4,3,5,Data Analysis; Database Management,Data Analyst
STU1085,B.Sc Information Technology,Software Engineering,6.79,Second Class,3,1,0,4,0,0,4,3,4,2,1,2,0,1,0,4,5,2,2,5,Data Analysis; Database Management; Machine Learning; Artificial Intelligence,Data Analyst
STU1951,B.Sc Information Technology,Data Science,7.32,First Class,2,3,1,5,1,0,1,2,2,0,0,3,3,1,3,2,3,2,3,3,Database Management,Database Administrator
STU1083,B.Sc Information Technology,Data Science,8.78,Distinction,2,0,0,4,1,0,5,2,5,0,0,1,2,1,1,4,3,2,3,5,Data Analysis; Database Management; Data Science; Cybersecurity,Data Analyst
STU1458,B.Sc Computer Science,Data Science,7.75,First Class,4,4,4,2,2,1,0,0,2,1,0,2,1,2,3,3,5,3,3,4,Software Development; Machine Learning; Artificial Intelligence,Software Developer
STU2036,B.Sc Information Technology,Web Technologies,7.64,First Class,3,2,0,2,0,1,1,0,1,2,0,5,3,4,3,2,3,4,3,5,Cloud Computing; Web Development; Artificial Intelligence,Cloud Engineer
STU1677,B.Sc Information Technology,Software Engineering,7.89,First Class,3,2,2,4,5,5,1,0,1,2,0,2,2,2,4,3,4,4,3,4,Web Development; Software Development,Web Developer
STU2538,B.Sc Information Technology,Data Science,7.07,First Class,5,2,2,4,2,1,2,3,5,5,5,3,3,3,4,4,4,4,3,5,Machine Learning; Artificial Intelligence; Data Science,Machine Learning Engineer
STU2170,B.Sc Information Technology,Data Science,6.98,Second Class,3,2,1,3,1,2,1,1,0,0,0,5,3,2,4,3,5,3,4,4,Cloud Computing; Web Development; Software Development,Cloud Engineer
STU1437,B.Sc Information Technology,Web Technologies,7.57,First Class,4,4,3,3,2,4,2,0,2,1,0,1,1,2,4,4,5,4,2,3,Software Development; Web Development,Software Developer
STU1771,B.Sc Computer Science,Information Technology,8.44,First Class,2,0,1,3,5,5,1,1,1,1,0,1,2,2,5,2,3,3,1,3,Web Development; Software Development; Cloud Computing; Artificial Intelligence,Web Developer
STU1870,B.Sc Information Technology,Data Science,6.5,Second Class,2,2,0,4,2,0,1,2,3,1,0,2,4,3,3,3,3,2,3,3,Database Management; Web Development; Cloud Computing,Database Administrator
STU1645,B.Sc Information Technology,Data Science,6.61,Second Class,3,1,2,3,5,5,0,0,0,1,0,2,2,3,3,3,4,4,2,3,Web Development; Software Development; Machine Learning,Web Developer
STU1863,B.Sc Information Technology,Web Technologies,8.06,First Class,2,2,2,5,2,0,3,2,1,1,0,3,3,3,3,3,4,3,3,3,Database Management,Database Administrator
STU2555,BCA,Web Technologies,8.47,First Class,5,1,3,4,1,2,2,2,5,4,5,4,1,3,2,2,5,4,3,5,Machine Learning; Artificial Intelligence; Data Science; Cloud Computing,Machine Learning Engineer
STU2031,B.Sc Information Technology,Web Technologies,6.54,Second Class,3,2,0,2,0,0,0,0,0,1,0,5,4,2,5,3,5,4,3,5,Cloud Computing; Machine Learning,Cloud Engineer
STU2270,B.Sc Information Technology,Data Science,6.9,Second Class,4,3,1,4,2,3,2,1,1,0,0,3,5,5,2,4,4,3,3,4,Cybersecurity; Cloud Computing; Data Science,Cybersecurity Analyst
STU2191,B.Sc Information Technology,Software Engineering,6.97,Second Class,3,2,0,2,1,2,0,0,1,0,0,4,4,1,4,4,4,5,3,4,Cloud Computing,Cloud Engineer
STU1405,B.Sc Information Technology,Web Technologies,7.7,First Class,3,2,4,3,2,3,2,1,2,0,0,2,2,2,4,3,5,4,4,4,Software Development,Software Developer
STU2388,B.Sc Information Technology,Cloud & Security,9.31,Distinction,3,2,3,1,2,1,1,1,1,1,0,3,4,4,3,2,5,2,3,5,Cybersecurity; Cloud Computing; Software Development,Cybersecurity Analyst
STU2042,B.Sc Information Technology,Web Technologies,7.82,First Class,3,2,0,2,1,0,0,0,1,1,0,4,4,1,4,3,4,4,3,3,Cloud Computing; Data Science; Web Development,Cloud Engineer
STU2269,B.Sc Information Technology,Cloud & Security,7.0,First Class,3,1,3,3,2,2,0,0,1,1,0,1,5,5,3,2,5,4,3,5,Cybersecurity; Cloud Computing; Software Development; Database Management,Cybersecurity Analyst
STU1105,B.Sc Information Technology,Cloud & Security,7.73,First Class,2,1,0,4,0,1,2,4,4,1,0,2,2,2,0,4,4,3,2,5,Data Analysis; Database Management; Cybersecurity; Web Development,Data Analyst
STU1610,BCA,Data Science,6.19,Second Class,3,2,1,1,5,5,1,1,1,1,0,2,1,1,4,2,5,4,3,2,Web Development; Software Development; Database Management,Web Developer
STU1947,B.Sc Information Technology,Web Technologies,7.7,First Class,2,3,0,5,1,0,3,2,2,0,0,2,3,3,2,3,4,3,3,4,Database Management,Database Administrator
STU1689,B.Sc Information Technology,Information Technology,6.4,Second Class,3,1,1,3,4,5,0,1,2,1,1,2,2,3,2,2,4,4,2,2,Web Development; Software Development; Data Analysis; Cloud Computing,Web Developer
STU2047,B.Sc Computer Science,Software Engineering,7.44,First Class,3,2,1,3,1,1,0,0,1,2,0,5,5,4,4,2,4,4,3,4,Cloud Computing; Web Development,Cloud Engineer
STU1827,B.Sc Information Technology,Data Science,6.02,Second Class,0,3,0,5,1,1,3,3,2,1,0,4,3,2,2,3,4,3,3,3,Database Management; Machine Learning,Database Administrator
STU2218,B.Sc Computer Science,Data Science,6.2,Second Class,1,1,3,2,2,2,1,1,1,1,0,3,5,5,2,3,5,3,2,5,Cybersecurity; Cloud Computing,Cybersecurity Analyst
STU2041,B.Sc Information Technology,Software Engineering,6.67,Second Class,3,2,2,3,1,2,0,1,1,1,0,5,5,1,4,3,4,4,2,4,Cloud Computing,Cloud Engineer
STU1063,B.Sc Information Technology,Cloud & Security,7.41,First Class,4,2,0,5,0,0,4,4,4,2,0,1,1,1,2,4,4,2,1,5,Data Analysis; Database Management; Software Development,Data Analyst
STU1282,B.Sc Information Technology,Data Science,7.94,First Class,5,2,1,5,1,0,4,3,4,5,4,4,1,0,4,4,5,3,4,4,Data Science; Artificial Intelligence; Machine Learning; Cybersecurity,Data Scientist
STU1853,B.Sc Information Technology,Software Engineering,6.22,Second Class,0,2,0,5,2,2,2,2,2,2,0,1,3,3,3,3,4,3,4,5,Database Management; Data Analysis,Database Administrator
STU1779,B.Sc Information Technology,Cloud & Security,7.65,First Class,2,1,2,4,5,5,1,1,0,1,0,2,3,2,5,3,4,4,2,3,Web Development; Software Development; Cybersecurity; Cloud Computing,Web Developer
STU2207,B.Sc Information Technology,Web Technologies,7.52,First Class,3,0,4,4,2,1,0,0,2,0,0,3,3,5,2,4,5,3,2,5,Cybersecurity; Cloud Computing; Machine Learning,Cybersecurity Analyst
STU1239,B.Sc Information Technology,Web Technologies,8.4,First Class,5,1,1,4,2,1,3,4,5,3,3,3,0,2,4,4,5,3,4,5,Data Science; Artificial Intelligence; Machine Learning; Web Development,Data Scientist
STU1224,B.Sc Information Technology,Cloud & Security,7.13,First Class,5,2,1,4,0,1,3,2,5,5,5,2,0,0,5,3,5,2,3,5,Data Science; Artificial Intelligence; Machine Learning; Cybersecurity; Web Development,Data Scientist
STU1146,B.Sc Information Technology,Cloud & Security,7.79,First Class,2,0,1,4,1,0,4,4,4,2,1,1,1,1,2,3,3,4,2,5,Data Analysis; Database Management; Software Development; Cloud Computing,Data Analyst
STU2491,B.Sc Computer Science,Cloud & Security,7.42,First Class,5,3,3,4,1,3,2,1,3,3,5,3,3,3,4,4,5,4,3,4,Machine Learning; Artificial Intelligence; Data Science; Web Development; Data Analysis,Machine Learning Engineer
STU1374,B.Sc Information Technology,Web Technologies,8.03,First Class,5,2,2,2,1,1,3,2,5,5,4,3,2,1,4,4,5,3,3,4,Data Science; Artificial Intelligence; Machine Learning; Cloud Computing,Data Scientist
STU2308,B.Sc Information Technology,Web Technologies,7.05,First Class,3,3,4,3,1,0,0,1,0,1,0,1,5,5,4,4,4,3,2,5,Cybersecurity; Cloud Computing; Software Development,Cybersecurity Analyst
STU1119,B.Sc Computer Science,Web Technologies,7.67,First Class,4,1,0,4,2,2,3,4,4,2,0,3,1,1,3,4,4,3,1,5,Data Analysis; Database Management,Data Analyst
STU2199,B.Sc Information Technology,Cloud & Security,8.27,First Class,4,1,1,1,0,2,1,0,0,2,0,5,4,2,4,2,3,3,3,3,Cloud Computing,Cloud Engineer
STU2275,BCA,Information Technology,7.33,First Class,3,2,3,1,1,1,1,1,2,0,0,1,3,3,4,3,5,2,4,5,Cybersecurity; Cloud Computing; Software Development,Cybersecurity Analyst
STU1251,B.Sc Information Technology,Web Technologies,8.56,Distinction,5,0,0,4,0,1,3,2,5,5,3,3,1,1,5,4,5,3,3,5,Data Science; Artificial Intelligence; Machine Learning; Cloud Computing,Data Scientist
STU2541,B.Sc Computer Science,Data Science,7.75,First Class,5,2,4,4,0,0,2,2,3,5,4,3,2,2,4,3,5,5,2,5,Machine Learning; Artificial Intelligence; Data Science; Database Management; Cybersecurity,Machine Learning Engineer
STU2287,BCA,Data Science,8.14,First Class,3,2,4,3,2,2,1,1,1,1,0,3,5,5,2,2,5,3,3,4,Cybersecurity; Cloud Computing; Database Management,Cybersecurity Analyst
STU2478,B.Sc Information Technology,Software Engineering,6.37,Second Class,4,2,4,3,2,0,2,3,5,4,5,3,2,2,4,3,4,3,2,5,Machine Learning; Artificial Intelligence; Data Science,Machine Learning Engineer
STU1010,B.Sc Information Technology,Information Technology,8.33,First Class,1,2,0,3,2,1,5,4,4,2,1,0,1,0,1,4,4,3,3,5,Data Analysis; Database Management,Data Analyst
STU1450,B.Sc Information Technology,Cloud & Security,7.09,First Class,2,4,4,3,2,1,2,2,2,0,0,3,2,2,3,2,4,5,3,4,Software Development,Software Developer
STU2236,B.Sc Information Technology,Software Engineering,7.23,First Class,2,0,1,3,1,2,0,2,3,0,0,2,5,5,3,3,5,3,4,5,Cybersecurity; Cloud Computing,Cybersecurity Analyst
STU2007,B.Sc Information Technology,Software Engineering,5.5,Pass,3,2,1,0,0,1,2,1,1,1,0,5,4,4,5,4,4,5,3,5,Cloud Computing; Software Development; Web Development,Cloud Engineer
STU1709,B.Sc Computer Science,Cloud & Security,7.45,First Class,2,2,1,3,5,5,1,0,0,2,0,1,2,2,4,4,3,4,1,3,Web Development; Software Development,Web Developer
STU1256,B.Sc Information Technology,Information Technology,8.49,First Class,5,2,0,5,2,0,3,3,5,4,4,4,1,0,4,4,5,3,2,4,Data Science; Artificial Intelligence; Machine Learning; Web Development; Software Development,Data Scientist
STU1883,B.Sc Information Technology,Data Science,7.34,First Class,2,2,1,5,1,0,3,1,2,0,0,4,3,3,3,2,4,3,4,4,Database Management; Cybersecurity,Database Administrator
STU1594,B.Sc Information Technology,Data Science,7.45,First Class,3,3,5,3,0,3,1,1,0,1,0,2,2,0,3,3,5,4,3,5,Software Development,Software Developer
STU1390,B.Sc Information Technology,Web Technologies,8.87,Distinction,5,3,2,5,1,1,3,1,5,5,4,3,1,0,3,3,4,4,2,5,Data Science; Artificial Intelligence; Machine Learning; Cloud Computing,Data Scientist
STU2583,B.Sc Information Technology,Cloud & Security,9.4,Distinction,5,1,3,5,2,2,0,2,5,5,5,4,2,2,4,3,5,5,2,5,Machine Learning; Artificial Intelligence; Data Science; Data Analysis,Machine Learning Engineer
STU2279,BCA,Information Technology,7.75,First Class,1,2,3,2,1,3,1,1,1,1,0,2,5,5,3,2,4,4,4,5,Cybersecurity; Cloud Computing; Artificial Intelligence; Data Analysis,Cybersecurity Analyst
STU1558,B.Sc Information Technology,Information Technology,8.5,Distinction,5,4,5,4,2,3,1,1,0,1,0,2,3,2,3,4,5,4,3,4,Software Development; Machine Learning; Cloud Computing,Software Developer
STU1909,B.Sc Information Technology,Information Technology,7.46,First Class,2,1,1,5,0,1,2,1,2,1,0,3,2,1,2,2,3,4,3,3,Database Management,Database Administrator
STU1925,B.Sc Information Technology,Data Science,7.3,First Class,1,2,0,5,0,0,3,2,1,0,0,4,3,3,3,2,4,2,3,4,Database Management; Artificial Intelligence,Database Administrator
STU2423,B.Sc Information Technology,Information Technology,8.09,First Class,5,2,3,4,0,2,2,0,4,5,4,4,3,3,4,3,4,3,3,5,Machine Learning; Artificial Intelligence; Data Science; Data Analysis; Cloud Computing,Machine Learning Engineer
STU2152,B.Sc Information Technology,Software Engineering,6.72,Second Class,3,1,0,2,1,1,1,2,0,0,1,5,4,2,4,3,5,4,3,5,Cloud Computing; Data Science; Software Development,Cloud Engineer
STU1461,B.Sc Information Technology,Data Science,7.69,First Class,3,4,4,2,2,4,2,1,2,1,0,2,3,3,4,3,4,4,3,5,Software Development; Data Analysis; Machine Learning,Software Developer
STU1724,B.Sc Information Technology,Cloud & Security,6.58,Second Class,3,0,2,3,5,5,2,2,2,1,0,2,0,1,4,3,4,4,2,3,Web Development; Software Development; Data Science,Web Developer
STU2344,B.Sc Information Technology,Software Engineering,8.01,First Class,4,2,3,4,2,2,1,1,2,0,1,2,5,4,2,3,5,3,2,5,Cybersecurity; Cloud Computing; Software Development; Data Analysis,Cybersecurity Analyst
STU2474,B.Sc Information Technology,Data Science,8.84,Distinction,5,3,2,4,1,1,2,1,4,4,5,4,0,1,4,3,5,3,3,5,Machine Learning; Artificial Intelligence; Data Science; Cybersecurity,Machine Learning Engineer
STU1145,B.Sc Information Technology,Cloud & Security,7.39,First Class,3,1,0,4,1,1,4,4,3,2,0,2,1,1,3,4,5,3,2,5,Data Analysis; Database Management; Software Development,Data Analyst
STU1502,B.Sc Information Technology,Data Science,6.65,Second Class,3,4,4,2,3,2,1,0,2,1,0,2,2,2,3,3,4,4,3,5,Software Development; Cybersecurity,Software Developer
STU1923,B.Sc Information Technology,Software Engineering,5.89,Pass,2,2,1,4,1,1,3,2,2,0,1,3,1,3,4,3,4,2,3,4,Database Management; Cloud Computing,Database Administrator
STU2166,B.Sc Computer Science,Web Technologies,7.21,First Class,3,1,0,0,1,1,2,1,1,1,0,5,5,1,4,3,5,4,2,4,Cloud Computing; Web Development,Cloud Engineer
STU1740,B.Sc Information Technology,Web Technologies,9.9,Distinction,3,2,2,3,5,5,0,1,2,1,0,1,2,3,4,2,4,4,1,4,Web Development; Software Development; Cybersecurity; Machine Learning,Web Developer
STU2477,B.Sc Information Technology,Software Engineering,6.96,Second Class,5,2,3,4,2,1,1,2,4,5,5,4,2,1,4,2,5,3,4,5,Machine Learning; Artificial Intelligence; Data Science,Machine Learning Engineer
STU1869,B.Sc Information Technology,Data Science,7.57,First Class,1,1,1,5,1,1,3,2,2,1,1,4,3,3,3,3,3,3,4,4,Database Management; Artificial Intelligence; Data Science,Database Administrator
STU1732,B.Sc Information Technology,Cloud & Security,8.26,First Class,3,2,2,3,5,5,1,1,0,0,0,2,2,1,4,3,4,4,2,3,Web Development; Software Development; Data Analysis,Web Developer
STU1540,B.Sc Information Technology,Web Technologies,6.45,Second Class,5,4,2,4,3,3,2,1,3,0,0,2,0,2,4,3,4,5,2,4,Software Development; Database Management; Cybersecurity,Software Developer
STU1178,B.Sc Information Technology,Information Technology,5.74,Pass,3,2,0,3,1,0,4,2,5,1,0,2,1,0,2,4,4,2,3,5,Data Analysis; Database Management,Data Analyst
STU2543,B.Sc Information Technology,Web Technologies,6.81,Second Class,5,3,3,4,0,0,2,2,4,5,5,4,1,2,4,3,5,3,3,5,Machine Learning; Artificial Intelligence; Data Science; Data Analysis; Software Development,Machine Learning Engineer
STU1698,BCA,Software Engineering,7.6,First Class,3,2,0,3,5,4,0,0,1,0,0,2,2,2,4,3,4,4,3,3,Web Development; Software Development; Database Management,Web Developer
STU2487,B.Sc Information Technology,Software Engineering,6.49,Second Class,5,4,3,3,0,2,1,2,5,5,3,5,2,1,4,3,5,3,2,5,Machine Learning; Artificial Intelligence; Data Science; Cloud Computing; Database Management,Machine Learning Engineer
STU2112,B.Sc Computer Science,Web Technologies,6.52,Second Class,3,2,2,1,0,2,1,1,1,0,0,5,4,4,4,3,4,4,4,5,Cloud Computing; Artificial Intelligence,Cloud Engineer
STU1999,B.Sc Information Technology,Software Engineering,8.65,Distinction,2,2,1,4,0,1,1,2,2,0,0,3,2,3,4,3,4,2,2,3,Database Management; Cloud Computing; Software Development,Database Administrator
STU2027,B.Sc Information Technology,Cloud & Security,7.31,First Class,3,2,0,1,0,2,1,0,1,1,0,3,2,2,4,4,5,5,3,4,Cloud Computing; Software Development; Database Management,Cloud Engineer
STU2593,B.Sc Information Technology,Web Technologies,8.06,First Class,5,3,3,3,1,0,2,2,4,5,5,4,1,1,5,3,5,4,3,5,Machine Learning; Artificial Intelligence; Data Science; Database Management,Machine Learning Engineer
STU1008,B.Sc Information Technology,Cloud & Security,6.63,Second Class,2,2,0,3,2,2,4,5,3,1,0,2,2,1,3,5,5,3,2,5,Data Analysis; Database Management; Web Development,Data Analyst
STU1986,B.Sc Information Technology,Information Technology,7.0,First Class,3,3,0,5,0,1,3,2,2,0,0,4,2,3,3,3,5,3,3,4,Database Management; Data Analysis; Software Development,Database Administrator
STU1668,B.Sc Information Technology,Data Science,5.5,Pass,3,1,1,2,5,5,1,2,1,1,1,2,2,2,5,2,4,4,3,4,Web Development; Software Development,Web Developer
STU2235,B.Sc Information Technology,Cloud & Security,6.23,Second Class,3,2,3,3,0,1,1,1,2,0,0,3,5,5,3,3,5,3,3,5,Cybersecurity; Cloud Computing; Data Science,Cybersecurity Analyst
STU2224,B.Sc Information Technology,Cloud & Security,5.96,Pass,3,2,2,4,2,1,1,1,1,0,1,3,4,5,4,3,4,3,3,5,Cybersecurity; Cloud Computing; Data Analysis,Cybersecurity Analyst
STU1358,B.Sc Information Technology,Information Technology,7.18,First Class,5,2,1,2,1,0,3,3,5,5,3,2,0,1,5,3,5,3,3,5,Data Science; Artificial Intelligence; Machine Learning; Software Development; Data Analysis,Data Scientist
STU1968,B.Sc Information Technology,Information Technology,6.64,Second Class,1,1,0,5,2,0,2,2,2,2,0,4,4,4,2,3,5,4,3,4,Database Management; Artificial Intelligence,Database Administrator
STU1784,B.Sc Computer Science,Software Engineering,7.65,First Class,3,3,1,3,5,4,2,0,2,0,0,2,3,1,4,3,3,4,2,3,Web Development; Software Development; Artificial Intelligence; Cybersecurity,Web Developer
STU1736,B.Sc Information Technology,Cloud & Security,7.17,First Class,3,2,1,3,5,5,1,1,1,1,0,2,2,2,4,4,4,5,1,3,Web Development; Software Development; Cloud Computing,Web Developer
STU1330,B.Sc Information Technology,Cloud & Security,7.0,First Class,5,0,1,4,0,1,3,3,4,5,4,2,0,1,3,4,5,2,2,5,Data Science; Artificial Intelligence; Machine Learning; Data Analysis,Data Scientist
STU2118,B.Sc Information Technology,Information Technology,8.15,First Class,3,2,2,2,0,2,1,1,1,1,1,5,5,3,5,2,5,3,3,3,Cloud Computing; Machine Learning,Cloud Engineer
STU1971,B.Sc Computer Science,Data Science,6.62,Second Class,2,2,1,5,0,0,2,0,2,1,0,3,3,2,2,3,4,3,3,3,Database Management; Software Development,Database Administrator
STU1953,B.Sc Information Technology,Cloud & Security,5.5,Pass,2,3,1,5,0,0,2,1,2,1,0,4,4,2,4,3,4,3,2,5,Database Management; Machine Learning,Database Administrator
STU2223,B.Sc Computer Science,Web Technologies,7.56,First Class,3,2,3,1,2,2,1,1,2,2,0,3,5,5,3,3,5,3,3,5,Cybersecurity; Cloud Computing; Database Management,Cybersecurity Analyst
STU2189,B.Sc Information Technology,Web Technologies,7.74,First Class,3,2,1,3,1,1,1,1,0,1,0,5,5,2,2,3,3,4,3,5,Cloud Computing; Cybersecurity; Data Science,Cloud Engineer
STU1259,B.Sc Information Technology,Software Engineering,7.08,First Class,5,2,1,4,1,1,1,1,4,5,3,3,2,1,3,5,4,3,4,5,Data Science; Artificial Intelligence; Machine Learning; Database Management,Data Scientist
STU2240,B.Sc Information Technology,Software Engineering,7.89,First Class,3,3,3,3,2,1,2,1,1,2,0,3,5,5,2,4,5,3,3,5,Cybersecurity; Cloud Computing; Artificial Intelligence,Cybersecurity Analyst
STU2320,B.Sc Information Technology,Cloud & Security,6.49,Second Class,3,2,4,4,1,1,2,0,2,2,0,2,5,5,4,3,5,3,3,4,Cybersecurity; Cloud Computing,Cybersecurity Analyst
STU1373,B.Sc Computer Science,Information Technology,7.49,First Class,5,2,0,4,1,0,1,3,3,4,4,2,2,1,4,5,5,3,3,5,Data Science; Artificial Intelligence; Machine Learning; Cybersecurity,Data Scientist
STU2173,B.Sc Information Technology,Information Technology,6.68,Second Class,3,1,0,2,0,3,1,0,0,1,0,5,4,3,4,4,3,3,3,4,Cloud Computing; Web Development,Cloud Engineer
STU1415,B.Sc Information Technology,Information Technology,8.14,First Class,5,4,4,4,1,3,1,0,3,1,0,1,0,2,4,3,5,5,3,3,Software Development; Database Management,Software Developer
STU1143,B.Sc Information Technology,Web Technologies,6.53,Second Class,3,2,0,5,1,1,2,4,4,1,0,3,1,1,0,4,3,3,3,5,Data Analysis; Database Management,Data Analyst
STU1526,B.Sc Information Technology,Cloud & Security,8.15,First Class,4,4,4,3,2,2,2,1,1,1,0,1,1,0,4,3,5,3,3,4,Software Development; Artificial Intelligence,Software Developer
STU2210,B.Sc Information Technology,Cloud & Security,5.5,Pass,4,2,3,2,1,2,1,1,1,0,1,2,5,4,4,4,4,3,2,5,Cybersecurity; Cloud Computing; Database Management,Cybersecurity Analyst
STU1233,B.Sc Information Technology,Information Technology,6.5,Second Class,5,0,1,4,1,1,3,2,4,5,3,4,1,1,5,3,5,3,3,5,Data Science; Artificial Intelligence; Machine Learning,Data Scientist
STU2193,B.Sc Information Technology,Software Engineering,9.05,Distinction,3,2,1,2,2,2,0,1,1,1,0,5,3,2,4,3,5,4,3,4,Cloud Computing; Web Development,Cloud Engineer
STU2517,B.Sc Information Technology,Cloud & Security,7.1,First Class,4,3,3,4,2,3,3,2,4,5,5,4,2,3,3,2,5,5,2,5,Machine Learning; Artificial Intelligence; Data Science; Software Development; Cloud Computing,Machine Learning Engineer
STU1441,B.Sc Information Technology,Cloud & Security,6.84,Second Class,2,2,3,2,2,4,1,0,2,1,0,2,3,2,4,2,5,4,3,4,Software Development; Database Management,Software Developer
STU1532,B.Sc Information Technology,Cloud & Security,8.01,First Class,5,5,4,3,1,1,1,1,3,0,1,2,2,2,5,3,5,3,2,4,Software Development; Cloud Computing; Web Development,Software Developer
STU2280,B.Sc Information Technology,Web Technologies,6.21,Second Class,3,2,3,3,2,0,1,1,1,1,0,2,5,5,2,3,5,2,4,5,Cybersecurity; Cloud Computing; Data Science; Machine Learning,Cybersecurity Analyst
STU1227,B.Sc Information Technology,Information Technology,7.7,First Class,5,2,1,4,1,0,3,3,4,4,3,3,0,0,3,4,5,3,2,4,Data Science; Artificial Intelligence; Machine Learning; Cybersecurity; Cloud Computing,Data Scientist
STU2098,B.Sc Computer Science,Web Technologies,9.04,Distinction,2,1,0,2,0,2,0,2,1,0,0,5,2,4,4,3,5,4,4,5,Cloud Computing; Data Science; Machine Learning,Cloud Engineer
STU1229,B.Sc Information Technology,Data Science,8.05,First Class,5,2,0,2,0,0,3,3,4,5,3,3,0,1,3,4,5,4,2,4,Data Science; Artificial Intelligence; Machine Learning,Data Scientist
STU2363,B.Sc Computer Science,Cloud & Security,6.6,Second Class,2,1,3,3,3,2,1,0,0,0,0,3,4,5,3,2,5,3,3,5,Cybersecurity; Cloud Computing,Cybersecurity Analyst
STU2382,B.Sc Information Technology,Software Engineering,7.09,First Class,3,2,4,3,2,2,1,0,2,0,0,3,5,5,2,4,5,4,3,5,Cybersecurity; Cloud Computing,Cybersecurity Analyst
STU1213,B.Sc Computer Science,Cloud & Security,8.75,Distinction,4,1,1,3,0,0,4,3,5,5,4,3,1,1,3,3,5,4,3,5,Data Science; Artificial Intelligence; Machine Learning; Data Analysis; Software Development,Data Scientist
STU1886,B.Sc Information Technology,Software Engineering,8.06,First Class,1,2,0,5,1,2,4,2,3,2,1,1,3,3,2,4,3,3,2,4,Database Management; Cybersecurity,Database Administrator
STU1080,B.Sc Information Technology,Information Technology,7.39,First Class,3,0,0,4,1,1,4,4,3,0,0,1,1,0,2,3,4,4,1,4,Data Analysis; Database Management; Cybersecurity,Data Analyst
STU1149,B.Sc Information Technology,Web Technologies,7.1,First Class,3,1,0,3,0,2,4,4,4,2,0,1,1,1,2,5,4,4,2,5,Data Analysis; Database Management; Cybersecurity,Data Analyst
STU1815,B.Sc Information Technology,Software Engineering,5.5,Pass,2,2,0,5,2,1,3,0,2,0,0,3,3,3,4,2,4,3,2,4,Database Management; Artificial Intelligence,Database Administrator
STU2599,B.Sc Computer Science,Data Science,7.49,First Class,5,2,3,4,0,2,2,2,5,4,4,4,1,1,3,3,4,4,2,5,Machine Learning; Artificial Intelligence; Data Science; Web Development,Machine Learning Engineer
STU2034,B.Sc Information Technology,Cloud & Security,6.63,Second Class,3,1,0,2,0,3,1,1,0,1,0,4,5,2,4,2,5,4,3,4,Cloud Computing; Database Management,Cloud Engineer
STU1672,B.Sc Information Technology,Web Technologies,6.49,Second Class,3,0,0,4,3,5,1,1,1,1,0,2,2,2,4,3,5,4,2,4,Web Development; Software Development; Database Management,Web Developer
STU2230,B.Sc Information Technology,Web Technologies,8.14,First Class,2,2,3,4,2,2,1,1,2,0,0,3,5,5,3,4,4,2,2,5,Cybersecurity; Cloud Computing; Artificial Intelligence,Cybersecurity Analyst
STU1556,B.Sc Information Technology,Cloud & Security,5.78,Pass,5,4,4,2,2,1,0,1,1,0,0,1,1,0,3,3,5,4,3,3,Software Development,Software Developer
STU1058,B.Sc Computer Science,Information Technology,8.52,Distinction,2,1,0,4,1,1,3,4,4,2,0,2,2,0,1,3,4,3,2,5,Data Analysis; Database Management; Web Development,Data Analyst
STU1134,BCA,Web Technologies,7.78,First Class,3,1,0,5,1,2,5,4,3,1,1,1,2,1,2,5,4,3,2,5,Data Analysis; Database Management; Data Science; Cloud Computing,Data Analyst
STU2179,B.Sc Information Technology,Web Technologies,6.65,Second Class,2,2,1,2,0,2,0,1,2,1,0,5,3,3,4,3,3,3,4,5,Cloud Computing; Cybersecurity,Cloud Engineer
STU1934,B.Sc Information Technology,Data Science,7.88,First Class,2,2,0,5,2,1,2,3,1,1,0,3,1,3,3,3,5,2,4,4,Database Management; Data Science,Database Administrator
STU2356,B.Sc Information Technology,Cloud & Security,8.66,Distinction,2,2,3,4,2,1,1,1,2,1,0,3,5,4,2,3,5,3,3,5,Cybersecurity; Cloud Computing; Web Development; Data Analysis,Cybersecurity Analyst
STU1824,B.Sc Information Technology,Software Engineering,7.49,First Class,2,2,0,5,2,2,2,3,1,1,1,3,4,3,2,3,4,3,2,4,Database Management; Cybersecurity; Machine Learning,Database Administrator
STU1409,B.Sc Information Technology,Software Engineering,8.28,First Class,3,2,3,2,2,3,1,1,2,1,0,2,2,2,3,2,5,4,4,5,Software Development,Software Developer
STU1369,B.Sc Information Technology,Information Technology,8.19,First Class,5,3,0,5,0,0,4,2,5,5,5,4,0,1,3,4,5,3,3,5,Data Science; Artificial Intelligence; Machine Learning; Database Management,Data Scientist
STU1508,B.Sc Computer Science,Cloud & Security,7.14,First Class,5,5,4,3,2,2,0,2,1,0,0,2,0,1,4,3,5,4,3,5,Software Development; Artificial Intelligence,Software Developer
STU2407,B.Sc Information Technology,Data Science,6.01,Second Class,5,3,3,3,0,3,0,1,4,4,5,3,1,2,4,2,5,4,3,5,Machine Learning; Artificial Intelligence; Data Science; Cybersecurity,Machine Learning Engineer
STU1505,B.Sc Computer Science,Web Technologies,6.83,Second Class,4,3,5,4,3,1,2,2,3,1,0,1,3,0,4,4,5,3,4,5,Software Development,Software Developer
STU2421,B.Sc Information Technology,Cloud & Security,7.58,First Class,5,3,3,3,1,1,2,3,4,5,4,4,2,0,4,3,4,4,3,4,Machine Learning; Artificial Intelligence; Data Science; Data Analysis,Machine Learning Engineer
STU1348,B.Sc Information Technology,Web Technologies,7.56,First Class,4,1,1,4,1,1,3,3,4,5,2,1,1,2,4,3,5,3,3,5,Data Science; Artificial Intelligence; Machine Learning; Software Development,Data Scientist
STU1387,B.Sc Information Technology,Software Engineering,7.84,First Class,5,3,0,5,0,1,3,3,4,5,3,3,0,2,2,3,5,3,3,5,Data Science; Artificial Intelligence; Machine Learning; Software Development; Cloud Computing,Data Scientist
STU2025,B.Sc Information Technology,Information Technology,7.04,First Class,3,2,1,3,2,3,0,1,1,1,0,3,4,4,4,3,3,4,3,5,Cloud Computing,Cloud Engineer
STU1895,B.Sc Information Technology,Data Science,5.5,Pass,2,1,1,5,0,0,3,2,0,0,1,3,1,3,1,3,4,3,3,3,Database Management; Web Development,Database Administrator
STU1829,B.Sc Information Technology,Software Engineering,6.65,Second Class,1,1,1,4,1,1,3,2,2,2,0,3,3,3,3,3,4,4,3,3,Database Management; Software Development,Database Administrator
STU2551,B.Sc Information Technology,Software Engineering,6.67,Second Class,5,3,2,5,1,3,2,2,2,5,5,3,2,1,4,4,5,3,3,5,Machine Learning; Artificial Intelligence; Data Science; Data Analysis; Cybersecurity,Machine Learning Engineer
STU1476,B.Sc Computer Science,Software Engineering,7.43,First Class,2,4,4,1,2,2,2,2,2,2,0,2,2,2,3,3,5,3,3,4,Software Development,Software Developer
STU2221,B.Sc Information Technology,Software Engineering,8.8,Distinction,2,2,1,3,3,2,1,0,1,0,0,1,5,5,3,3,5,2,2,5,Cybersecurity; Cloud Computing; Data Science,Cybersecurity Analyst
STU1653,B.Sc Computer Science,Cloud & Security,8.22,First Class,3,2,1,3,5,5,1,0,1,1,0,2,1,1,5,3,4,4,2,3,Web Development; Software Development; Database Management,Web Developer
STU1173,B.Sc Information Technology,Software Engineering,7.66,First Class,3,1,0,4,1,1,5,5,5,2,0,2,2,0,2,3,4,3,2,4,Data Analysis; Database Management; Cloud Computing,Data Analyst
STU1039,B.Sc Computer Science,Software Engineering,8.27,First Class,1,1,0,4,1,1,5,4,3,0,1,0,2,1,3,4,5,3,2,5,Data Analysis; Database Management; Machine Learning,Data Analyst
STU1714,B.Sc Information Technology,Cloud & Security,6.8,Second Class,4,2,0,2,5,5,1,1,1,1,0,2,2,0,2,3,5,4,3,3,Web Development; Software Development; Database Management; Data Analysis,Web Developer
STU1091,B.Sc Computer Science,Cloud & Security,8.02,First Class,2,1,0,4,1,2,5,4,4,2,0,2,0,1,2,4,5,4,2,5,Data Analysis; Database Management; Artificial Intelligence; Web Development,Data Analyst
STU2547,B.Sc Computer Science,Web Technologies,7.83,First Class,4,2,2,4,2,2,1,2,3,3,5,5,3,2,3,3,4,4,3,5,Machine Learning; Artificial Intelligence; Data Science; Software Development,Machine Learning Engineer
STU1876,B.Sc Information Technology,Information Technology,7.64,First Class,2,3,1,5,1,2,3,2,2,1,0,3,3,3,4,4,4,4,4,4,Database Management; Cloud Computing; Data Science,Database Administrator
STU2076,B.Sc Information Technology,Web Technologies,8.94,Distinction,3,3,1,2,1,3,0,1,1,0,0,3,3,4,3,3,4,4,3,4,Cloud Computing; Web Development; Cybersecurity,Cloud Engineer
STU2508,B.Sc Information Technology,Software Engineering,6.71,Second Class,5,2,4,4,1,3,2,2,3,5,5,3,3,2,4,3,4,4,3,5,Machine Learning; Artificial Intelligence; Data Science; Database Management; Cybersecurity,Machine Learning Engineer
STU2564,B.Sc Information Technology,Software Engineering,6.46,Second Class,5,3,2,2,2,2,1,2,3,5,3,5,2,3,4,3,5,4,3,4,Machine Learning; Artificial Intelligence; Data Science; Data Analysis; Cybersecurity,Machine Learning Engineer
STU1500,B.Sc Information Technology,Data Science,7.2,First Class,5,3,4,2,2,4,1,1,2,0,0,2,3,3,4,3,5,4,3,4,Software Development; Cybersecurity; Cloud Computing,Software Developer
STU1339,B.Sc Information Technology,Web Technologies,7.91,First Class,3,2,1,4,1,1,4,2,5,5,4,3,1,1,4,5,5,3,2,5,Data Science; Artificial Intelligence; Machine Learning; Software Development; Cybersecurity,Data Scientist
STU1029,B.Sc Information Technology,Cloud & Security,7.63,First Class,3,2,0,3,1,0,4,2,4,2,1,2,1,0,2,3,4,3,1,5,Data Analysis; Database Management; Web Development,Data Analyst
STU2059,B.Sc Information Technology,Web Technologies,7.08,First Class,2,1,0,2,0,2,1,1,1,0,0,5,3,2,4,3,4,4,4,4,Cloud Computing,Cloud Engineer
STU2454,B.Sc Information Technology,Web Technologies,8.1,First Class,5,2,3,4,0,2,2,2,3,4,5,4,2,2,4,3,4,4,3,4,Machine Learning; Artificial Intelligence; Data Science,Machine Learning Engineer
STU1946,B.Sc Information Technology,Cloud & Security,8.02,First Class,2,2,1,5,0,0,3,3,1,1,0,2,3,3,3,4,3,3,3,4,Database Management,Database Administrator
STU1170,B.Sc Information Technology,Cloud & Security,6.32,Second Class,2,2,0,5,1,1,4,4,5,2,0,2,1,1,1,4,4,3,2,5,Data Analysis; Database Management,Data Analyst
STU1913,B.Sc Information Technology,Cloud & Security,8.18,First Class,2,2,0,4,1,1,2,2,2,1,0,3,2,3,3,3,5,2,2,4,Database Management; Web Development,Database Administrator
STU1492,B.Sc Information Technology,Data Science,7.66,First Class,3,4,4,2,2,3,0,1,1,1,0,2,3,0,4,3,5,5,3,4,Software Development; Data Science,Software Developer
STU1954,B.Sc Information Technology,Web Technologies,5.9,Pass,2,2,1,5,1,0,3,2,2,1,0,3,2,3,2,3,5,3,4,3,Database Management; Software Development,Database Administrator
STU2033,B.Sc Information Technology,Web Technologies,6.73,Second Class,3,2,1,1,0,0,1,1,2,1,0,5,3,1,4,3,5,4,2,5,Cloud Computing; Data Science,Cloud Engineer
STU1588,B.Sc Computer Science,Software Engineering,7.3,First Class,3,2,4,3,2,3,2,1,2,0,0,0,1,1,4,2,4,3,3,4,Software Development; Web Development,Software Developer
STU1751,B.Sc Computer Science,Software Engineering,7.13,First Class,3,2,2,3,5,5,2,1,0,1,1,1,2,0,4,4,4,4,3,2,Web Development; Software Development; Data Science; Data Analysis,Web Developer
STU1658,B.Sc Information Technology,Cloud & Security,8.14,First Class,4,2,1,2,5,5,1,1,0,1,0,0,3,1,4,2,4,4,1,2,Web Development; Software Development; Machine Learning; Data Science,Web Developer
STU1235,B.Sc Information Technology,Software Engineering,6.7,Second Class,5,2,0,4,1,1,4,3,5,5,4,2,1,1,3,4,5,3,2,5,Data Science; Artificial Intelligence; Machine Learning; Web Development,Data Scientist
STU1733,B.Sc Information Technology,Data Science,8.12,First Class,3,1,2,3,5,5,0,0,1,0,0,3,2,2,4,4,3,5,2,2,Web Development; Software Development; Machine Learning,Web Developer
STU2174,B.Sc Computer Science,Information Technology,7.13,First Class,3,2,0,1,0,2,1,2,0,2,0,4,3,3,4,3,4,3,2,3,Cloud Computing,Cloud Engineer
STU2417,B.Sc Information Technology,Web Technologies,8.18,First Class,5,4,3,4,2,2,1,2,5,5,4,5,3,1,5,4,4,4,3,5,Machine Learning; Artificial Intelligence; Data Science; Data Analysis; Software Development,Machine Learning Engineer
STU1935,B.Sc Information Technology,Data Science,7.49,First Class,3,0,1,5,0,1,2,2,2,0,0,4,4,4,4,2,3,2,4,4,Database Management; Data Analysis,Database Administrator
STU1109,B.Sc Information Technology,Information Technology,6.1,Second Class,3,0,0,4,0,1,4,4,5,2,0,2,1,1,1,5,4,2,1,4,Data Analysis; Database Management; Web Development; Machine Learning,Data Analyst
STU1569,B.Sc Information Technology,Web Technologies,6.68,Second Class,4,3,2,3,1,3,1,2,2,0,0,2,2,2,4,3,5,4,2,4,Software Development,Software Developer
STU1891,B.Sc Information Technology,Information Technology,8.66,Distinction,2,1,1,3,0,0,3,3,2,1,0,2,1,3,3,4,4,3,3,4,Database Management; Artificial Intelligence,Database Administrator
STU1948,B.Sc Information Technology,Information Technology,6.33,Second Class,1,2,1,5,1,2,2,2,2,1,0,1,3,3,3,3,4,3,2,5,Database Management; Web Development,Database Administrator
STU2049,B.Sc Information Technology,Information Technology,7.71,First Class,2,1,2,2,0,1,0,1,1,1,0,5,2,4,3,3,4,4,3,4,Cloud Computing; Cybersecurity; Data Analysis,Cloud Engineer
STU2201,B.Sc Information Technology,Cloud & Security,7.74,First Class,2,1,3,3,1,2,0,1,2,1,0,4,5,5,1,3,5,4,3,5,Cybersecurity; Cloud Computing,Cybersecurity Analyst
STU1885,B.Sc Information Technology,Data Science,6.93,Second Class,3,2,0,5,1,1,3,1,2,1,0,3,3,2,3,3,4,4,3,4,Database Management,Database Administrator
STU2347,B.Sc Information Technology,Web Technologies,6.01,Second Class,2,2,3,3,2,2,1,0,1,1,0,3,4,5,4,3,5,2,2,4,Cybersecurity; Cloud Computing; Data Science,Cybersecurity Analyst
STU1851,B.Sc Information Technology,Software Engineering,5.84,Pass,1,2,1,4,1,0,3,2,1,0,0,3,2,2,3,3,3,3,3,3,Database Management; Cloud Computing,Database Administrator
STU1735,B.Sc Information Technology,Information Technology,7.96,First Class,1,2,1,3,5,5,0,2,2,1,1,0,2,1,3,3,4,4,2,3,Web Development; Software Development,Web Developer
STU1718,B.Sc Information Technology,Data Science,5.5,Pass,3,1,2,3,5,4,0,2,1,2,0,1,2,2,3,3,4,3,2,3,Web Development; Software Development; Database Management,Web Developer
STU1455,B.Sc Information Technology,Software Engineering,9.14,Distinction,3,3,3,2,2,3,1,0,3,1,1,2,1,2,4,2,4,3,3,4,Software Development; Web Development,Software Developer
STU1265,B.Sc Information Technology,Information Technology,7.31,First Class,5,2,0,3,2,0,2,4,5,4,2,1,0,2,4,4,5,3,2,5,Data Science; Artificial Intelligence; Machine Learning; Cybersecurity; Cloud Computing,Data Scientist
STU1076,B.Sc Computer Science,Data Science,6.13,Second Class,2,2,0,4,0,1,3,4,5,2,0,2,2,1,2,4,3,2,2,4,Data Analysis; Database Management; Machine Learning,Data Analyst
STU1445,B.Sc Information Technology,Cloud & Security,6.63,Second Class,4,4,4,3,2,4,1,1,2,1,0,2,2,2,2,3,4,5,3,3,Software Development,Software Developer
STU1396,B.Sc Information Technology,Web Technologies,9.17,Distinction,5,1,0,4,1,1,3,3,5,4,5,3,2,0,5,3,5,2,3,5,Data Science; Artificial Intelligence; Machine Learning; Software Development,Data Scientist
STU1177,B.Sc Computer Science,Software Engineering,7.42,First Class,4,1,1,3,0,2,2,5,5,1,0,1,1,0,1,4,4,4,3,5,Data Analysis; Database Management; Web Development,Data Analyst
STU2043,B.Sc Computer Science,Cloud & Security,7.03,First Class,2,3,0,2,0,2,0,1,0,2,0,5,2,2,5,2,3,4,3,4,Cloud Computing; Machine Learning,Cloud Engineer
STU2395,B.Sc Information Technology,Cloud & Security,7.64,First Class,3,3,3,2,0,2,1,1,1,2,0,3,3,5,3,3,5,4,3,5,Cybersecurity; Cloud Computing; Machine Learning,Cybersecurity Analyst
STU2119,B.Sc Computer Science,Data Science,7.07,First Class,3,1,0,1,1,1,1,1,1,0,0,5,2,3,5,2,4,5,4,5,Cloud Computing; Database Management; Data Analysis,Cloud Engineer
STU2101,B.Sc Information Technology,Data Science,8.14,First Class,2,2,0,1,1,3,1,1,1,0,0,3,5,3,4,3,3,4,4,5,Cloud Computing; Database Management,Cloud Engineer
STU1596,B.Sc Information Technology,Cloud & Security,7.0,First Class,4,2,4,3,2,2,1,1,2,1,0,2,3,0,5,3,5,5,3,5,Software Development,Software Developer
STU1062,B.Sc Information Technology,Data Science,7.39,First Class,4,1,0,4,0,1,3,4,4,3,0,2,0,2,3,4,4,3,1,5,Data Analysis; Database Management; Machine Learning,Data Analyst
STU1873,B.Sc Information Technology,Web Technologies,7.9,First Class,3,3,1,5,1,1,3,2,0,2,0,3,3,2,3,3,4,2,3,4,Database Management; Web Development,Database Administrator
STU2192,B.Sc Information Technology,Web Technologies,8.09,First Class,3,1,1,1,0,2,0,2,1,1,0,4,4,3,3,4,3,4,3,3,Cloud Computing; Cybersecurity,Cloud Engineer
STU2499,B.Sc Information Technology,Software Engineering,7.71,First Class,5,3,3,5,0,2,2,2,4,5,5,3,1,1,2,3,5,3,3,5,Machine Learning; Artificial Intelligence; Data Science,Machine Learning Engineer
STU1279,BCA,Information Technology,7.41,First Class,5,2,1,4,1,1,3,1,5,5,4,3,1,0,5,4,5,2,3,5,Data Science; Artificial Intelligence; Machine Learning; Software Development,Data Scientist
STU1037,BCA,Software Engineering,8.18,First Class,2,0,0,4,1,1,3,4,4,2,0,2,1,0,3,3,5,3,1,5,Data Analysis; Database Management; Web Development; Artificial Intelligence,Data Analyst
STU1663,B.Sc Information Technology,Web Technologies,8.23,First Class,3,1,0,3,5,5,1,0,1,0,0,2,2,2,4,3,3,5,2,4,Web Development; Software Development,Web Developer
STU2444,B.Sc Computer Science,Data Science,8.21,First Class,4,1,4,4,1,2,3,2,3,5,5,5,3,2,4,2,5,4,4,4,Machine Learning; Artificial Intelligence; Data Science; Web Development,Machine Learning Engineer
STU2387,B.Sc Information Technology,Data Science,7.82,First Class,2,1,2,3,2,2,1,1,2,0,0,3,5,5,3,4,5,3,4,5,Cybersecurity; Cloud Computing; Data Analysis,Cybersecurity Analyst
STU1978,BCA,Cloud & Security,6.15,Second Class,2,1,0,5,2,1,3,1,2,1,0,3,3,3,2,3,5,3,3,4,Database Management; Artificial Intelligence,Database Administrator
STU1739,B.Sc Information Technology,Information Technology,6.39,Second Class,1,2,1,3,4,5,1,2,0,1,0,1,2,2,2,3,4,3,3,4,Web Development; Software Development; Data Analysis,Web Developer
STU1192,B.Sc Information Technology,Web Technologies,7.0,First Class,4,1,0,4,0,1,4,2,4,2,0,2,0,2,1,4,4,4,1,5,Data Analysis; Database Management; Cloud Computing,Data Analyst
STU1920,B.Sc Information Technology,Data Science,8.53,Distinction,0,2,1,5,0,1,3,1,2,0,0,3,3,4,3,3,4,3,4,4,Database Management; Software Development,Database Administrator
STU1457,B.Sc Information Technology,Software Engineering,7.38,First Class,4,2,5,2,1,1,2,2,3,1,0,3,3,2,3,3,5,5,4,5,Software Development; Web Development; Database Management,Software Developer
STU1676,B.Sc Information Technology,Web Technologies,7.75,First Class,4,2,0,3,5,5,0,2,0,0,0,2,1,0,4,3,3,4,2,2,Web Development; Software Development; Data Analysis,Web Developer
STU1761,B.Sc Information Technology,Information Technology,6.71,Second Class,3,2,0,3,4,5,1,0,0,0,0,2,2,2,4,3,4,3,2,4,Web Development; Software Development; Database Management; Data Science,Web Developer
STU2445,B.Sc Information Technology,Web Technologies,8.0,First Class,5,3,4,4,2,2,2,2,4,5,5,4,2,2,2,3,5,3,3,5,Machine Learning; Artificial Intelligence; Data Science; Database Management,Machine Learning Engineer
STU1729,B.Sc Information Technology,Web Technologies,6.89,Second Class,2,2,0,1,5,5,1,1,2,0,0,3,2,2,3,2,3,4,1,3,Web Development; Software Development; Database Management,Web Developer
STU1413,B.Sc Information Technology,Software Engineering,6.3,Second Class,4,4,3,3,2,1,2,1,3,1,0,2,2,3,3,4,5,4,4,4,Software Development; Cybersecurity; Web Development,Software Developer
STU2099,BCA,Software Engineering,6.88,Second Class,3,2,2,1,1,2,1,2,1,0,0,5,3,2,3,3,3,5,4,4,Cloud Computing; Cybersecurity,Cloud Engineer
STU1826,B.Sc Information Technology,Information Technology,7.15,First Class,0,2,0,5,1,2,3,2,1,0,0,2,1,4,3,2,3,3,3,4,Database Management; Software Development,Database Administrator
STU1617,B.Sc Information Technology,Web Technologies,7.34,First Class,3,2,1,3,4,5,1,1,1,0,0,2,2,2,4,4,3,4,2,3,Web Development; Software Development; Cybersecurity,Web Developer
STU1115,B.Sc Information Technology,Data Science,6.77,Second Class,3,1,1,4,2,0,4,4,4,1,0,2,1,1,3,3,5,4,3,5,Data Analysis; Database Management; Artificial Intelligence,Data Analyst
STU1418,B.Sc Computer Science,Cloud & Security,6.19,Second Class,4,3,4,3,2,2,0,0,1,1,0,1,0,2,4,2,5,4,3,4,Software Development,Software Developer
STU2523,B.Sc Information Technology,Cloud & Security,9.26,Distinction,5,1,3,5,2,2,1,3,4,4,5,5,1,3,5,2,5,5,2,5,Machine Learning; Artificial Intelligence; Data Science; Cloud Computing,Machine Learning Engineer
STU1970,B.Sc Information Technology,Cloud & Security,6.64,Second Class,1,2,1,4,1,0,3,2,1,1,0,3,3,3,3,3,4,2,4,5,Database Management; Cybersecurity,Database Administrator
STU1605,B.Sc Information Technology,Software Engineering,7.8,First Class,2,3,2,1,5,4,1,1,2,0,0,2,2,2,3,3,5,5,3,3,Web Development; Software Development; Cybersecurity,Web Developer
STU2553,B.Sc Computer Science,Cloud & Security,6.98,Second Class,5,3,2,4,1,2,0,1,4,5,5,3,2,2,4,3,5,3,3,5,Machine Learning; Artificial Intelligence; Data Science; Software Development,Machine Learning Engineer
STU1090,B.Sc Computer Science,Cloud & Security,6.19,Second Class,4,1,0,4,0,0,5,4,5,2,0,1,0,1,2,5,4,2,2,5,Data Analysis; Database Management,Data Analyst
STU1849,B.Sc Information Technology,Cloud & Security,6.37,Second Class,2,2,1,5,0,0,3,3,1,0,0,3,3,2,2,3,4,4,3,4,Database Management; Cloud Computing; Data Science,Database Administrator
STU2303,B.Sc Information Technology,Web Technologies,6.17,Second Class,2,3,3,3,1,2,1,1,2,0,1,3,5,5,3,4,5,4,3,5,Cybersecurity; Cloud Computing; Machine Learning; Data Science,Cybersecurity Analyst
STU2528,B.Sc Information Technology,Data Science,8.3,First Class,5,1,2,3,0,2,1,1,4,5,5,3,1,2,4,3,4,3,4,5,Machine Learning; Artificial Intelligence; Data Science; Software Development,Machine Learning Engineer
STU1754,BCA,Data Science,6.51,Second Class,4,2,1,2,5,5,1,0,1,0,0,3,2,1,5,4,4,4,3,3,Web Development; Software Development; Data Science,Web Developer
STU1499,B.Sc Information Technology,Cloud & Security,8.0,First Class,3,5,4,1,2,1,2,2,1,0,0,2,2,2,4,2,5,5,3,5,Software Development,Software Developer
STU1012,B.Sc Computer Science,Data Science,6.33,Second Class,1,0,0,4,0,1,4,3,4,1,0,2,1,1,2,5,4,3,2,5,Data Analysis; Database Management; Machine Learning,Data Analyst
STU1397,B.Sc Information Technology,Cloud & Security,7.73,First Class,5,3,1,4,1,1,1,4,5,4,4,3,1,0,5,4,5,3,2,5,Data Science; Artificial Intelligence; Machine Learning,Data Scientist
STU1285,B.Sc Information Technology,Software Engineering,8.72,Distinction,5,1,1,3,1,0,3,4,5,5,5,2,0,1,5,5,4,3,3,5,Data Science; Artificial Intelligence; Machine Learning; Software Development,Data Scientist
STU2067,B.Sc Information Technology,Software Engineering,6.66,Second Class,3,2,0,0,2,2,2,1,0,1,0,5,4,3,4,3,3,4,4,4,Cloud Computing; Web Development,Cloud Engineer
STU1691,B.Sc Computer Science,Web Technologies,8.07,First Class,3,3,0,3,5,5,2,2,0,0,0,2,2,2,4,3,4,4,2,2,Web Development; Software Development; Cloud Computing,Web Developer
STU2310,B.Sc Information Technology,Web Technologies,6.47,Second Class,3,2,3,3,3,1,1,1,2,1,0,3,4,4,2,3,4,3,3,5,Cybersecurity; Cloud Computing; Data Analysis,Cybersecurity Analyst
STU2496,BCA,Data Science,7.82,First Class,4,3,2,4,1,3,2,3,5,5,5,4,1,2,3,3,5,5,2,5,Machine Learning; Artificial Intelligence; Data Science; Cybersecurity,Machine Learning Engineer
STU1690,B.Sc Information Technology,Cloud & Security,7.22,First Class,3,3,0,3,5,5,0,0,1,2,0,2,2,1,5,3,4,4,2,3,Web Development; Software Development; Data Analysis; Cloud Computing,Web Developer
STU1852,B.Sc Information Technology,Software Engineering,7.16,First Class,1,2,1,5,1,1,3,1,2,1,1,3,3,3,4,4,4,3,2,4,Database Management; Machine Learning,Database Administrator
STU1160,B.Sc Information Technology,Data Science,6.74,Second Class,3,1,0,4,1,2,4,4,3,2,0,3,1,1,2,5,4,3,3,4,Data Analysis; Database Management; Machine Learning; Data Science,Data Analyst
STU1896,B.Sc Information Technology,Data Science,7.69,First Class,2,2,1,5,2,0,2,2,0,1,1,4,3,4,2,3,4,3,2,5,Database Management; Machine Learning; Data Science,Database Administrator
STU2266,B.Sc Information Technology,Cloud & Security,7.23,First Class,4,1,3,3,2,2,0,2,2,1,0,2,4,4,2,2,5,3,3,4,Cybersecurity; Cloud Computing; Software Development; Data Analysis,Cybersecurity Analyst
STU1258,B.Sc Information Technology,Information Technology,7.55,First Class,5,2,2,2,0,2,3,3,5,5,4,2,1,2,3,5,5,3,3,5,Data Science; Artificial Intelligence; Machine Learning; Database Management,Data Scientist
STU1336,B.Sc Information Technology,Data Science,8.99,Distinction,5,2,1,4,2,1,4,2,5,5,2,3,1,1,4,4,4,2,3,5,Data Science; Artificial Intelligence; Machine Learning,Data Scientist
STU2563,B.Sc Information Technology,Information Technology,6.61,Second Class,5,3,4,4,1,1,3,2,4,5,3,3,0,3,4,3,5,4,2,4,Machine Learning; Artificial Intelligence; Data Science; Database Management; Cybersecurity,Machine Learning Engineer
STU2040,B.Sc Information Technology,Software Engineering,7.91,First Class,2,2,0,2,1,2,1,1,2,1,0,5,4,3,5,4,4,4,3,5,Cloud Computing; Web Development,Cloud Engineer
STU1516,B.Sc Information Technology,Software Engineering,8.04,First Class,4,3,5,3,2,3,1,1,1,0,1,2,2,2,5,3,4,4,2,3,Software Development; Artificial Intelligence; Data Science,Software Developer
STU2016,B.Sc Information Technology,Data Science,8.92,Distinction,1,3,2,3,0,1,1,1,1,1,0,5,2,2,3,3,4,4,4,4,Cloud Computing; Data Science,Cloud Engineer
STU1769,B.Sc Information Technology,Data Science,6.69,Second Class,3,2,1,4,5,4,2,0,1,2,0,1,1,1,4,2,4,4,3,4,Web Development; Software Development; Artificial Intelligence; Data Science,Web Developer
STU2418,B.Sc Information Technology,Information Technology,8.19,First Class,5,3,3,4,0,1,3,1,2,5,5,4,1,3,5,2,5,4,4,5,Machine Learning; Artificial Intelligence; Data Science; Cybersecurity,Machine Learning Engineer
STU1762,B.Sc Information Technology,Data Science,5.5,Pass,2,3,1,2,5,4,1,1,1,1,0,2,2,2,3,3,4,4,2,3,Web Development; Software Development; Data Analysis; Cloud Computing,Web Developer
STU2359,B.Sc Information Technology,Data Science,7.26,First Class,3,1,1,1,1,2,0,2,2,1,0,1,5,5,2,2,5,3,3,5,Cybersecurity; Cloud Computing; Software Development,Cybersecurity Analyst
STU2586,B.Sc Information Technology,Information Technology,6.2,Second Class,5,4,2,4,1,2,2,3,4,5,5,3,0,2,4,4,5,5,4,5,Machine Learning; Artificial Intelligence; Data Science; Database Management,Machine Learning Engineer
STU1522,B.Sc Information Technology,Data Science,7.27,First Class,4,4,4,3,2,1,1,0,2,0,0,2,2,2,4,2,5,4,2,4,Software Development; Cybersecurity,Software Developer
STU1023,B.Sc Information Technology,Software Engineering,7.51,First Class,2,1,1,4,1,0,3,2,3,1,0,1,0,1,1,4,4,3,1,5,Data Analysis; Database Management; Artificial Intelligence,Data Analyst
STU1357,B.Sc Information Technology,Data Science,7.68,First Class,3,3,0,4,1,0,2,3,4,4,3,3,2,1,3,4,5,4,2,5,Data Science; Artificial Intelligence; Machine Learning; Cybersecurity,Data Scientist
STU2424,B.Sc Information Technology,Data Science,8.04,First Class,5,3,3,4,1,2,0,2,3,4,4,3,3,2,5,2,5,4,3,5,Machine Learning; Artificial Intelligence; Data Science; Data Analysis,Machine Learning Engineer
STU1341,B.Sc Information Technology,Web Technologies,8.46,First Class,5,0,1,2,0,1,4,2,5,5,4,3,1,1,3,3,4,3,4,5,Data Science; Artificial Intelligence; Machine Learning; Cybersecurity,Data Scientist
STU1432,B.Sc Information Technology,Software Engineering,6.3,Second Class,2,5,4,3,1,3,1,1,3,1,0,2,2,2,4,3,5,4,4,4,Software Development,Software Developer
STU1474,B.Sc Information Technology,Software Engineering,7.71,First Class,4,4,4,3,2,2,0,0,2,0,0,2,1,2,4,3,5,4,3,4,Software Development; Data Analysis,Software Developer
STU1218,B.Sc Computer Science,Software Engineering,7.21,First Class,5,2,0,4,2,2,2,3,5,5,2,3,2,1,4,4,4,3,3,4,Data Science; Artificial Intelligence; Machine Learning; Software Development; Cloud Computing,Data Scientist
STU1912,B.Sc Information Technology,Web Technologies,8.99,Distinction,2,3,1,5,1,1,2,2,1,1,1,3,4,3,3,4,5,4,3,4,Database Management,Database Administrator
STU2413,B.Sc Computer Science,Cloud & Security,7.97,First Class,4,3,4,5,1,2,2,2,2,4,5,2,3,2,3,3,5,5,2,5,Machine Learning; Artificial Intelligence; Data Science; Web Development,Machine Learning Engineer
STU2012,B.Sc Information Technology,Cloud & Security,6.72,Second Class,3,0,1,3,0,2,0,0,1,1,1,5,4,2,2,4,3,5,2,4,Cloud Computing; Artificial Intelligence; Machine Learning,Cloud Engineer
STU2557,B.Sc Information Technology,Web Technologies,8.46,First Class,4,3,4,5,1,2,1,2,3,5,4,4,2,3,4,3,5,4,2,4,Machine Learning; Artificial Intelligence; Data Science,Machine Learning Engineer
STU1094,B.Sc Information Technology,Web Technologies,7.03,First Class,1,2,0,4,2,1,3,4,4,1,0,0,1,1,2,4,4,2,1,5,Data Analysis; Database Management; Cybersecurity,Data Analyst
STU2009,B.Sc Information Technology,Cloud & Security,6.66,Second Class,2,2,1,2,1,3,2,0,1,1,0,4,4,4,4,3,4,4,3,4,Cloud Computing,Cloud Engineer
STU2071,B.Sc Information Technology,Web Technologies,6.29,Second Class,3,2,0,1,1,2,0,0,1,0,0,5,4,4,4,3,4,4,3,4,Cloud Computing; Artificial Intelligence,Cloud Engineer
STU2093,B.Sc Information Technology,Data Science,7.65,First Class,3,1,1,1,1,2,1,1,0,1,0,5,4,3,3,2,4,3,4,3,Cloud Computing; Cybersecurity,Cloud Engineer
STU1697,B.Sc Information Technology,Information Technology,6.86,Second Class,3,2,0,3,5,3,1,0,1,1,0,0,0,2,4,3,3,4,3,4,Web Development; Software Development; Machine Learning,Web Developer
STU2433,B.Sc Information Technology,Software Engineering,7.88,First Class,4,3,3,4,1,1,1,2,2,5,5,5,3,2,4,3,5,3,3,5,Machine Learning; Artificial Intelligence; Data Science; Web Development,Machine Learning Engineer
STU1997,B.Sc Information Technology,Software Engineering,8.43,First Class,1,2,0,4,0,1,4,0,3,1,0,3,4,3,4,3,4,4,4,3,Database Management; Data Analysis; Machine Learning,Database Administrator
STU1154,B.Sc Information Technology,Software Engineering,7.63,First Class,3,0,0,4,1,1,4,3,3,2,1,2,0,1,2,4,3,2,2,5,Data Analysis; Database Management; Artificial Intelligence,Data Analyst
STU2100,B.Sc Information Technology,Cloud & Security,7.81,First Class,3,2,0,2,1,2,1,1,0,1,0,5,4,3,3,4,5,4,3,4,Cloud Computing; Data Analysis,Cloud Engineer
STU2384,B.Sc Information Technology,Software Engineering,6.45,Second Class,3,2,1,4,0,3,1,0,2,2,0,3,5,4,3,3,5,3,3,4,Cybersecurity; Cloud Computing; Database Management,Cybersecurity Analyst
STU2598,B.Sc Information Technology,Cloud & Security,5.61,Pass,4,3,3,2,1,3,2,1,4,5,4,5,0,1,4,2,4,4,4,5,Machine Learning; Artificial Intelligence; Data Science,Machine Learning Engineer
STU1790,B.Sc Information Technology,Information Technology,6.68,Second Class,3,2,0,2,4,5,1,0,1,1,0,1,2,2,5,3,3,3,2,3,Web Development; Software Development; Artificial Intelligence; Database Management,Web Developer
STU1581,B.Sc Information Technology,Information Technology,6.96,Second Class,5,4,4,4,1,3,0,1,1,2,0,2,3,3,4,3,4,3,3,3,Software Development; Database Management,Software Developer
STU1704,B.Sc Information Technology,Information Technology,7.86,First Class,3,2,0,3,3,4,0,1,0,0,0,0,2,2,5,2,4,4,2,3,Web Development; Software Development; Data Analysis,Web Developer
STU2341,B.Sc Information Technology,Web Technologies,7.66,First Class,4,2,3,3,1,2,1,1,2,0,0,4,3,4,3,3,5,4,3,5,Cybersecurity; Cloud Computing; Machine Learning,Cybersecurity Analyst
STU1488,B.Sc Information Technology,Data Science,6.5,Second Class,3,4,3,4,2,3,0,1,2,1,0,2,2,1,3,3,5,4,3,3,Software Development; Data Science,Software Developer
STU1560,B.Sc Information Technology,Data Science,7.76,First Class,2,4,3,3,2,3,0,0,1,0,0,2,1,0,3,4,5,5,4,4,Software Development; Machine Learning,Software Developer
STU2142,B.Sc Information Technology,Data Science,7.31,First Class,3,2,2,0,1,2,1,1,1,2,0,4,5,2,4,3,4,5,3,5,Cloud Computing; Artificial Intelligence; Web Development,Cloud Engineer
STU2120,B.Sc Information Technology,Cloud & Security,7.28,First Class,3,2,1,2,2,1,0,0,1,0,0,5,4,3,4,3,4,4,3,5,Cloud Computing; Data Analysis; Database Management,Cloud Engineer
STU1802,BCA,Cloud & Security,7.21,First Class,1,2,2,5,1,0,3,1,2,1,0,4,3,3,2,4,3,4,3,3,Database Management; Machine Learning; Web Development,Database Administrator
STU1513,B.Sc Computer Science,Web Technologies,6.76,Second Class,3,4,4,4,2,3,0,2,2,0,1,1,1,2,4,2,5,5,3,4,Software Development,Software Developer
STU1634,B.Sc Information Technology,Web Technologies,7.68,First Class,4,3,0,3,5,4,1,1,1,1,0,1,2,2,5,3,5,5,2,3,Web Development; Software Development; Cybersecurity; Database Management,Web Developer
STU2493,B.Sc Information Technology,Cloud & Security,8.58,Distinction,5,3,3,3,1,1,2,2,3,4,3,4,1,2,4,3,5,4,4,4,Machine Learning; Artificial Intelligence; Data Science,Machine Learning Engineer
STU2429,B.Sc Information Technology,Cloud & Security,9.0,Distinction,4,4,3,3,0,3,2,0,3,3,5,4,2,3,4,3,5,3,4,4,Machine Learning; Artificial Intelligence; Data Science; Database Management,Machine Learning Engineer
STU2151,B.Sc Information Technology,Software Engineering,6.5,Second Class,1,2,1,2,2,2,1,0,0,0,0,5,4,3,2,3,3,4,3,4,Cloud Computing; Cybersecurity,Cloud Engineer
STU1791,B.Sc Information Technology,Information Technology,7.34,First Class,3,1,2,3,5,5,2,1,0,2,0,2,3,1,3,3,3,4,2,2,Web Development; Software Development; Data Science,Web Developer
STU1117,B.Sc Information Technology,Software Engineering,6.87,Second Class,2,1,0,5,2,2,2,4,4,3,0,2,1,1,1,4,4,3,2,5,Data Analysis; Database Management,Data Analyst
STU1741,B.Sc Information Technology,Information Technology,6.46,Second Class,2,0,1,2,5,3,1,2,1,1,1,1,3,2,4,3,4,4,2,3,Web Development; Software Development,Web Developer
STU2082,B.Sc Information Technology,Data Science,7.37,First Class,2,3,2,3,2,2,1,1,0,1,0,5,4,3,4,3,5,3,4,4,Cloud Computing; Data Analysis,Cloud Engineer
STU1831,B.Sc Information Technology,Cloud & Security,7.41,First Class,2,2,1,5,0,2,3,2,2,0,0,2,3,3,3,3,4,3,4,4,Database Management,Database Administrator
STU1120,B.Sc Information Technology,Web Technologies,6.98,Second Class,2,0,0,4,1,0,3,2,3,3,0,2,0,0,2,4,4,2,2,5,Data Analysis; Database Management,Data Analyst
STU1657,B.Sc Information Technology,Cloud & Security,6.61,Second Class,3,1,1,1,5,3,1,1,1,0,0,2,2,2,4,3,4,5,1,2,Web Development; Software Development; Machine Learning,Web Developer
STU2520,B.Sc Information Technology,Software Engineering,8.02,First Class,3,3,3,3,1,2,1,2,4,4,5,2,2,2,4,2,5,5,3,5,Machine Learning; Artificial Intelligence; Data Science; Database Management; Software Development,Machine Learning Engineer
STU1636,B.Sc Information Technology,Software Engineering,7.38,First Class,4,2,1,2,5,4,1,0,0,0,0,2,1,3,4,3,4,4,1,4,Web Development; Software Development; Artificial Intelligence,Web Developer
STU1370,B.Sc Computer Science,Web Technologies,8.59,Distinction,3,2,1,3,1,1,4,3,5,3,4,2,2,0,3,4,5,3,3,4,Data Science; Artificial Intelligence; Machine Learning,Data Scientist
STU1269,B.Sc Information Technology,Data Science,8.27,First Class,5,1,2,3,1,1,3,3,5,5,5,1,2,1,3,3,4,2,3,5,Data Science; Artificial Intelligence; Machine Learning; Data Analysis,Data Scientist
STU1656,B.Sc Information Technology,Data Science,5.96,Pass,1,0,0,3,5,5,0,1,1,0,0,2,2,2,3,3,4,3,2,3,Web Development; Software Development,Web Developer
STU1936,B.Sc Computer Science,Software Engineering,8.94,Distinction,2,2,0,5,1,2,3,3,2,0,0,2,3,2,3,4,4,4,3,4,Database Management; Machine Learning,Database Administrator
STU1823,B.Sc Information Technology,Cloud & Security,6.26,Second Class,3,2,1,4,0,2,3,2,1,1,1,2,3,4,3,2,4,2,4,4,Database Management; Cybersecurity; Software Development,Database Administrator
STU1867,B.Sc Information Technology,Software Engineering,7.65,First Class,2,2,2,5,2,0,3,2,3,0,0,3,2,3,4,4,4,2,3,4,Database Management; Software Development,Database Administrator
STU1047,B.Sc Information Technology,Web Technologies,7.91,First Class,3,1,0,2,1,1,4,3,4,3,0,0,1,0,1,5,3,3,2,5,Data Analysis; Database Management; Cloud Computing,Data Analyst
STU2375,B.Sc Information Technology,Information Technology,8.13,First Class,3,3,3,3,2,2,1,2,3,1,0,3,4,3,4,3,5,3,3,4,Cybersecurity; Cloud Computing; Data Analysis,Cybersecurity Analyst
STU1992,B.Sc Computer Science,Data Science,7.94,First Class,2,3,0,5,1,1,2,2,1,1,0,3,3,3,3,2,3,3,4,4,Database Management; Data Science,Database Administrator
STU1877,BCA,Information Technology,6.71,Second Class,3,2,2,5,1,1,3,1,2,0,0,4,1,3,3,3,4,3,3,3,Database Management; Data Analysis,Database Administrator
STU1774,B.Sc Information Technology,Data Science,6.79,Second Class,3,1,1,3,4,5,0,1,1,1,0,2,0,2,4,3,5,5,2,3,Web Development; Software Development,Web Developer
STU2600,B.Sc Information Technology,Cloud & Security,8.08,First Class,5,2,2,4,2,3,0,3,4,4,5,5,1,1,4,2,5,4,4,5,Machine Learning; Artificial Intelligence; Data Science; Cybersecurity; Web Development,Machine Learning Engineer
STU1005,B.Sc Information Technology,Web Technologies,6.51,Second Class,4,1,0,5,1,0,5,4,4,3,0,1,0,1,2,5,3,3,2,5,Data Analysis; Database Management,Data Analyst
STU2004,B.Sc Information Technology,Web Technologies,7.26,First Class,3,2,1,1,1,3,2,1,2,2,0,5,4,4,4,4,3,3,3,3,Cloud Computing; Software Development; Web Development,Cloud Engineer
STU2386,B.Sc Information Technology,Software Engineering,7.68,First Class,4,3,3,2,3,2,1,1,2,2,0,3,3,5,3,3,4,3,3,5,Cybersecurity; Cloud Computing; Data Analysis,Cybersecurity Analyst
STU1264,B.Sc Information Technology,Data Science,6.28,Second Class,4,3,1,2,0,2,2,3,3,5,5,3,0,0,4,4,5,2,3,5,Data Science; Artificial Intelligence; Machine Learning; Database Management,Data Scientist
STU2260,B.Sc Information Technology,Software Engineering,7.79,First Class,3,2,4,4,1,0,1,1,2,0,0,1,5,5,2,3,4,4,4,5,Cybersecurity; Cloud Computing; Database Management,Cybersecurity Analyst
STU2462,B.Sc Information Technology,Data Science,9.37,Distinction,5,3,1,4,1,3,2,1,4,5,5,4,0,0,4,3,5,4,2,5,Machine Learning; Artificial Intelligence; Data Science,Machine Learning Engineer
STU1444,B.Sc Information Technology,Data Science,8.01,First Class,4,4,5,3,2,4,1,1,1,0,0,2,2,2,4,3,4,5,4,5,Software Development; Cybersecurity,Software Developer
STU2003,B.Sc Information Technology,Web Technologies,7.01,First Class,3,3,1,0,2,2,1,1,1,2,0,4,5,1,5,3,4,3,4,4,Cloud Computing; Artificial Intelligence; Data Science,Cloud Engineer
STU2078,B.Sc Information Technology,Data Science,7.0,First Class,2,2,1,1,1,2,0,2,1,1,0,5,3,3,4,3,4,4,2,4,Cloud Computing; Machine Learning,Cloud Engineer
STU1838,B.Sc Computer Science,Information Technology,5.8,Pass,0,2,0,5,1,2,3,2,1,1,1,3,3,2,3,4,4,3,3,3,Database Management; Web Development; Machine Learning,Database Administrator
STU2442,B.Sc Information Technology,Software Engineering,7.25,First Class,5,1,3,4,1,2,1,2,4,5,5,4,2,2,3,3,4,5,4,4,Machine Learning; Artificial Intelligence; Data Science; Database Management,Machine Learning Engineer
STU1305,B.Sc Computer Science,Software Engineering,8.09,First Class,5,2,1,5,0,1,3,3,5,3,4,3,0,1,4,4,5,3,3,5,Data Science; Artificial Intelligence; Machine Learning; Cybersecurity,Data Scientist
STU2250,B.Sc Computer Science,Software Engineering,7.07,First Class,3,2,4,4,2,2,1,1,2,1,0,3,3,5,4,2,5,2,4,5,Cybersecurity; Cloud Computing; Software Development; Data Analysis,Cybersecurity Analyst
STU1314,B.Sc Information Technology,Cloud & Security,7.81,First Class,5,2,0,4,0,2,3,3,5,5,4,4,2,1,5,4,5,3,3,4,Data Science; Artificial Intelligence; Machine Learning,Data Scientist
STU1150,B.Sc Information Technology,Information Technology,8.7,Distinction,2,1,0,2,1,1,3,2,5,0,0,2,0,0,2,4,4,3,3,5,Data Analysis; Database Management; Machine Learning,Data Analyst
STU2149,B.Sc Information Technology,Data Science,7.12,First Class,3,0,1,2,1,2,0,2,0,1,0,4,5,3,4,3,4,3,3,4,Cloud Computing; Artificial Intelligence; Machine Learning,Cloud Engineer
STU2214,B.Sc Information Technology,Data Science,8.16,First Class,4,0,3,1,1,2,0,0,2,2,0,3,5,5,4,3,5,2,3,4,Cybersecurity; Cloud Computing,Cybersecurity Analyst
STU1575,B.Sc Computer Science,Data Science,6.17,Second Class,4,5,3,3,2,2,0,1,0,0,0,0,2,1,4,3,5,4,2,4,Software Development,Software Developer
STU1051,B.Sc Information Technology,Data Science,7.48,First Class,3,0,1,4,1,1,4,3,4,3,0,2,1,1,1,5,4,3,1,4,Data Analysis; Database Management; Machine Learning,Data Analyst
STU2247,BCA,Web Technologies,7.3,First Class,2,1,3,3,3,1,1,1,2,1,0,4,5,5,2,3,5,3,3,4,Cybersecurity; Cloud Computing; Artificial Intelligence,Cybersecurity Analyst
STU1727,B.Sc Information Technology,Cloud & Security,7.59,First Class,4,1,1,3,5,5,0,1,1,1,0,3,2,1,4,3,5,3,1,2,Web Development; Software Development; Data Analysis,Web Developer
STU1834,B.Sc Information Technology,Information Technology,6.18,Second Class,0,3,1,5,2,1,1,1,3,2,0,3,2,4,2,2,4,3,4,3,Database Management,Database Administrator
STU2116,B.Sc Information Technology,Web Technologies,7.17,First Class,2,1,1,2,1,2,1,0,1,0,0,5,5,1,4,3,4,4,2,4,Cloud Computing; Artificial Intelligence; Data Science,Cloud Engineer
STU2167,B.Sc Information Technology,Information Technology,7.86,First Class,1,3,1,0,1,2,1,1,1,0,0,5,2,3,2,4,4,4,3,4,Cloud Computing; Cybersecurity,Cloud Engineer
STU1471,B.Sc Information Technology,Software Engineering,7.02,First Class,4,5,2,3,2,3,1,0,2,1,0,2,2,1,4,3,5,4,3,4,Software Development; Cloud Computing,Software Developer
STU1972,B.Sc Information Technology,Web Technologies,6.41,Second Class,1,2,1,5,0,1,3,1,2,2,0,2,4,1,3,2,5,2,2,5,Database Management; Software Development,Database Administrator
STU1654,B.Sc Information Technology,Data Science,6.81,Second Class,3,2,0,3,5,5,2,1,1,1,0,3,3,3,3,4,5,4,2,3,Web Development; Software Development; Cloud Computing,Web Developer
STU1400,B.Sc Information Technology,Data Science,8.61,Distinction,4,2,1,4,1,1,3,3,5,4,2,3,1,0,4,3,5,3,3,5,Data Science; Artificial Intelligence; Machine Learning; Web Development,Data Scientist
STU1512,B.Sc Information Technology,Cloud & Security,6.96,Second Class,2,5,4,3,2,2,2,2,2,2,0,3,2,2,3,3,5,5,4,3,Software Development,Software Developer
STU1321,B.Sc Information Technology,Cloud & Security,9.9,Distinction,5,3,1,3,1,1,2,2,5,3,4,2,1,0,3,4,5,3,3,5,Data Science; Artificial Intelligence; Machine Learning; Web Development; Database Management,Data Scientist
STU1020,B.Sc Computer Science,Web Technologies,6.73,Second Class,4,1,0,5,0,2,4,3,4,2,0,3,1,1,2,5,4,2,1,4,Data Analysis; Database Management,Data Analyst
STU1685,B.Sc Information Technology,Cloud & Security,6.99,Second Class,3,2,1,3,5,5,0,2,0,0,0,2,2,2,5,2,3,4,2,3,Web Development; Software Development; Machine Learning,Web Developer
STU1036,B.Sc Computer Science,Data Science,7.77,First Class,3,1,0,4,2,0,3,4,2,2,0,3,1,1,3,4,5,2,2,5,Data Analysis; Database Management; Software Development,Data Analyst
STU1903,B.Sc Information Technology,Information Technology,5.6,Pass,2,2,2,5,2,1,2,1,2,0,0,2,3,3,3,2,4,3,2,4,Database Management; Machine Learning,Database Administrator
STU1828,B.Sc Information Technology,Data Science,8.24,First Class,2,0,1,4,1,1,3,2,1,1,1,4,1,3,3,4,4,3,2,4,Database Management; Cybersecurity,Database Administrator
STU2436,B.Sc Information Technology,Web Technologies,7.0,First Class,5,3,2,4,1,2,2,2,3,5,5,4,2,3,5,3,5,5,3,5,Machine Learning; Artificial Intelligence; Data Science; Data Analysis,Machine Learning Engineer
STU1408,B.Sc Information Technology,Data Science,8.24,First Class,4,5,5,3,2,2,1,1,3,0,0,2,2,1,4,3,5,4,3,4,Software Development,Software Developer
STU1921,B.Sc Information Technology,Information Technology,6.73,Second Class,2,2,1,5,1,2,2,1,2,1,0,2,3,3,4,4,4,4,2,5,Database Management; Data Science; Machine Learning,Database Administrator
STU1538,B.Sc Information Technology,Cloud & Security,7.49,First Class,4,4,4,2,2,3,0,1,1,1,0,2,1,1,4,3,4,3,3,4,Software Development,Software Developer
STU1759,B.Sc Information Technology,Information Technology,6.58,Second Class,4,2,1,3,5,4,0,0,1,1,0,1,2,2,4,4,4,4,1,3,Web Development; Software Development; Database Management; Artificial Intelligence,Web Developer
STU2063,B.Sc Information Technology,Data Science,8.34,First Class,3,2,1,2,1,1,1,1,2,0,0,5,4,2,3,4,4,4,4,3,Cloud Computing; Software Development,Cloud Engineer
STU2200,B.Sc Information Technology,Cloud & Security,6.56,Second Class,2,2,1,2,1,2,0,0,1,1,0,5,5,4,4,2,4,4,3,4,Cloud Computing; Machine Learning,Cloud Engineer
STU1246,B.Sc Computer Science,Cloud & Security,8.98,Distinction,4,3,1,4,1,1,3,3,4,4,4,4,1,2,4,4,4,2,3,4,Data Science; Artificial Intelligence; Machine Learning; Cloud Computing,Data Scientist
STU2128,B.Sc Computer Science,Data Science,7.6,First Class,4,2,1,3,2,3,2,1,0,1,0,5,4,3,4,2,4,4,3,4,Cloud Computing,Cloud Engineer
STU1785,B.Sc Information Technology,Cloud & Security,8.08,First Class,2,1,1,4,5,5,1,1,0,2,0,2,3,0,5,3,4,3,3,4,Web Development; Software Development,Web Developer
STU1490,B.Sc Computer Science,Web Technologies,6.77,Second Class,4,4,4,3,3,4,0,0,2,0,0,2,2,2,4,4,5,4,2,3,Software Development; Cybersecurity,Software Developer
STU1155,B.Sc Information Technology,Information Technology,8.52,Distinction,4,0,0,4,0,0,4,5,4,1,0,3,1,1,2,4,4,4,2,5,Data Analysis; Database Management; Cybersecurity,Data Analyst
STU1962,B.Sc Information Technology,Cloud & Security,6.9,Second Class,2,2,1,5,1,0,3,2,1,1,0,3,4,2,3,3,3,4,3,5,Database Management,Database Administrator
STU1854,B.Sc Information Technology,Information Technology,8.08,First Class,2,2,0,5,1,1,3,0,3,2,0,4,2,3,2,3,4,3,3,4,Database Management; Machine Learning,Database Administrator
STU1626,B.Sc Information Technology,Software Engineering,8.23,First Class,3,2,1,3,5,5,1,1,1,1,0,2,2,2,4,3,5,5,2,2,Web Development; Software Development; Data Analysis; Machine Learning,Web Developer
STU1686,B.Sc Information Technology,Cloud & Security,6.72,Second Class,2,2,0,2,3,5,1,0,1,0,1,2,2,2,4,3,4,5,2,4,Web Development; Software Development; Machine Learning; Cybersecurity,Web Developer
STU1570,B.Sc Information Technology,Data Science,7.87,First Class,4,5,5,2,2,3,0,1,1,0,0,2,2,2,3,3,5,4,4,4,Software Development; Cloud Computing,Software Developer
STU2521,B.Sc Information Technology,Software Engineering,7.84,First Class,5,3,4,3,0,2,1,0,5,5,4,4,2,3,4,3,5,4,3,5,Machine Learning; Artificial Intelligence; Data Science; Web Development,Machine Learning Engineer
STU1018,B.Sc Information Technology,Software Engineering,8.62,Distinction,2,1,0,4,0,0,3,4,4,2,1,2,0,2,1,5,3,4,1,5,Data Analysis; Database Management; Artificial Intelligence,Data Analyst
STU1128,B.Sc Information Technology,Software Engineering,6.99,Second Class,4,1,0,4,1,1,4,4,5,2,1,2,2,1,2,5,3,4,2,4,Data Analysis; Database Management; Web Development,Data Analyst
STU2573,B.Sc Information Technology,Software Engineering,7.8,First Class,4,4,3,4,1,2,1,3,2,5,4,4,0,2,4,2,5,4,3,5,Machine Learning; Artificial Intelligence; Data Science; Cybersecurity; Data Analysis,Machine Learning Engineer
STU1928,B.Sc Information Technology,Web Technologies,7.5,First Class,0,2,1,5,1,1,3,2,3,1,0,3,1,2,2,2,3,4,3,4,Database Management; Data Science,Database Administrator
STU1981,B.Sc Information Technology,Software Engineering,6.98,Second Class,2,2,0,5,1,1,3,2,2,1,0,3,4,3,3,3,4,3,2,5,Database Management,Database Administrator
STU2569,B.Sc Computer Science,Information Technology,7.42,First Class,5,3,2,5,1,2,1,3,4,5,5,4,1,2,4,4,5,4,3,4,Machine Learning; Artificial Intelligence; Data Science,Machine Learning Engineer
STU1191,B.Sc Information Technology,Information Technology,8.02,First Class,3,2,0,3,1,0,5,4,4,2,0,2,1,0,2,3,4,3,1,5,Data Analysis; Database Management,Data Analyst
STU2140,B.Sc Information Technology,Data Science,8.22,First Class,2,2,2,2,1,1,1,1,1,0,0,4,2,3,3,2,4,4,3,4,Cloud Computing; Machine Learning,Cloud Engineer
STU1993,B.Sc Computer Science,Software Engineering,5.5,Pass,1,2,0,5,1,1,4,3,1,0,0,3,3,3,3,4,4,3,3,5,Database Management; Artificial Intelligence,Database Administrator
STU2562,B.Sc Information Technology,Information Technology,8.14,First Class,5,3,3,2,0,2,1,2,2,4,4,5,2,3,4,4,5,4,4,5,Machine Learning; Artificial Intelligence; Data Science; Web Development; Cybersecurity,Machine Learning Engineer
STU2332,B.Sc Information Technology,Information Technology,7.33,First Class,3,1,3,4,1,1,1,1,2,1,0,3,5,5,4,3,5,3,4,5,Cybersecurity; Cloud Computing,Cybersecurity Analyst
STU1607,B.Sc Information Technology,Data Science,6.87,Second Class,1,2,1,3,5,5,0,1,2,1,0,2,2,2,5,3,4,3,2,3,Web Development; Software Development,Web Developer
STU1181,BCA,Data Science,7.81,First Class,3,1,0,4,0,1,4,4,4,2,0,2,0,1,3,4,4,2,2,5,Data Analysis; Database Management,Data Analyst
STU1302,B.Sc Information Technology,Information Technology,7.39,First Class,5,2,1,3,1,1,3,3,5,4,3,2,1,1,5,4,4,4,4,5,Data Science; Artificial Intelligence; Machine Learning; Cloud Computing,Data Scientist
STU1497,B.Sc Information Technology,Data Science,7.35,First Class,5,4,4,3,2,3,1,2,1,0,0,1,2,0,3,3,5,3,3,3,Software Development; Artificial Intelligence,Software Developer
STU2376,B.Sc Computer Science,Data Science,5.99,Pass,4,3,3,3,2,2,1,1,2,1,0,2,4,4,3,4,5,2,3,5,Cybersecurity; Cloud Computing; Artificial Intelligence,Cybersecurity Analyst
STU2337,B.Sc Computer Science,Cloud & Security,8.04,First Class,3,2,3,1,0,1,1,0,2,1,0,3,4,5,2,3,5,3,3,5,Cybersecurity; Cloud Computing,Cybersecurity Analyst
STU2317,B.Sc Information Technology,Cloud & Security,7.35,First Class,3,2,3,3,3,2,1,1,1,2,0,1,5,5,2,2,5,4,3,5,Cybersecurity; Cloud Computing; Software Development,Cybersecurity Analyst
STU1518,B.Sc Information Technology,Web Technologies,7.81,First Class,4,3,4,3,2,3,1,2,2,0,0,2,2,3,4,3,5,3,3,5,Software Development; Cloud Computing,Software Developer
STU2070,B.Sc Information Technology,Information Technology,7.1,First Class,3,2,2,3,2,2,0,0,1,1,0,4,4,3,4,3,5,4,3,4,Cloud Computing; Software Development,Cloud Engineer
STU1477,B.Sc Information Technology,Software Engineering,7.25,First Class,4,4,4,3,1,3,0,0,2,1,0,2,2,2,4,3,5,4,3,4,Software Development; Data Science,Software Developer
STU1158,B.Sc Information Technology,Software Engineering,7.18,First Class,3,1,0,4,1,1,4,4,2,1,0,2,0,0,3,5,4,4,1,5,Data Analysis; Database Management; Cybersecurity,Data Analyst
STU2244,B.Sc Computer Science,Information Technology,8.21,First Class,3,2,4,3,2,0,1,0,1,1,0,4,5,5,2,2,5,3,4,5,Cybersecurity; Cloud Computing; Artificial Intelligence; Software Development,Cybersecurity Analyst
STU2196,B.Sc Information Technology,Information Technology,6.62,Second Class,2,0,0,2,1,2,1,0,1,1,1,4,4,4,4,3,4,4,3,3,Cloud Computing; Data Science,Cloud Engineer
STU1017,B.Sc Information Technology,Web Technologies,7.48,First Class,3,2,0,4,2,1,4,3,4,3,0,2,0,1,3,5,4,4,2,5,Data Analysis; Database Management; Cloud Computing,Data Analyst
STU2073,B.Sc Information Technology,Cloud & Security,6.66,Second Class,3,1,0,3,1,2,1,0,0,1,0,5,4,4,5,3,5,4,2,3,Cloud Computing,Cloud Engineer
STU2576,B.Sc Information Technology,Information Technology,8.15,First Class,5,2,3,4,1,2,1,2,2,5,5,4,0,0,4,3,4,4,2,5,Machine Learning; Artificial Intelligence; Data Science; Cloud Computing,Machine Learning Engineer
STU1547,B.Sc Information Technology,Data Science,7.22,First Class,4,4,4,2,3,2,1,2,2,0,0,2,2,2,4,4,5,4,3,3,Software Development,Software Developer
STU1659,B.Sc Information Technology,Data Science,7.55,First Class,4,0,1,1,4,5,0,2,0,2,0,3,1,2,4,3,5,4,3,3,Web Development; Software Development; Machine Learning,Web Developer
STU2305,B.Sc Information Technology,Software Engineering,7.59,First Class,3,2,2,3,3,2,0,1,2,0,1,3,5,5,2,2,5,4,3,5,Cybersecurity; Cloud Computing; Software Development; Machine Learning,Cybersecurity Analyst
STU2020,B.Sc Computer Science,Data Science,6.5,Second Class,4,3,2,3,1,2,0,1,0,1,1,4,2,3,4,3,4,5,2,4,Cloud Computing; Data Analysis,Cloud Engineer
STU2571,B.Sc Computer Science,Cloud & Security,8.61,Distinction,5,3,2,4,0,2,2,2,4,5,5,3,1,1,4,4,5,4,3,5,Machine Learning; Artificial Intelligence; Data Science; Database Management,Machine Learning Engineer
STU1960,B.Sc Computer Science,Software Engineering,7.42,First Class,2,2,2,4,1,0,3,2,2,1,0,3,4,1,3,3,4,2,4,4,Database Management,Database Administrator
STU2502,BCA,Cloud & Security,6.31,Second Class,5,1,2,5,0,0,2,3,4,5,5,4,3,2,4,3,5,5,3,5,Machine Learning; Artificial Intelligence; Data Science; Cloud Computing; Software Development,Machine Learning Engineer
STU1284,B.Sc Computer Science,Software Engineering,5.77,Pass,4,2,1,3,1,1,4,3,5,5,5,3,1,0,5,5,5,2,3,4,Data Science; Artificial Intelligence; Machine Learning; Cybersecurity; Web Development,Data Scientist
STU1798,B.Sc Information Technology,Cloud & Security,6.02,Second Class,1,0,1,3,4,5,1,2,0,1,0,2,2,2,4,2,4,4,2,2,Web Development; Software Development; Cloud Computing; Data Science,Web Developer
STU1226,B.Sc Information Technology,Web Technologies,8.47,First Class,5,2,2,4,0,1,2,3,4,5,5,2,0,0,4,4,5,2,3,5,Data Science; Artificial Intelligence; Machine Learning; Software Development,Data Scientist
STU1027,B.Sc Information Technology,Data Science,8.96,Distinction,3,0,0,3,0,0,3,4,4,2,0,3,1,1,3,5,4,3,3,5,Data Analysis; Database Management,Data Analyst
STU1438,B.Sc Information Technology,Information Technology,7.88,First Class,3,2,4,3,3,1,0,2,2,2,0,2,1,1,4,3,4,5,2,4,Software Development; Web Development,Software Developer
STU2556,B.Sc Computer Science,Web Technologies,6.88,Second Class,5,1,4,2,1,1,0,2,4,5,5,2,2,2,2,3,5,4,3,5,Machine Learning; Artificial Intelligence; Data Science; Cybersecurity; Data Analysis,Machine Learning Engineer
STU1230,B.Sc Information Technology,Information Technology,7.73,First Class,5,2,1,4,0,0,3,3,4,4,5,1,1,1,3,3,4,3,3,5,Data Science; Artificial Intelligence; Machine Learning; Database Management; Cybersecurity,Data Scientist
STU1038,B.Sc Information Technology,Information Technology,6.6,Second Class,4,1,0,2,1,0,4,5,4,2,0,1,1,0,1,4,4,3,1,5,Data Analysis; Database Management; Software Development,Data Analyst
STU1750,B.Sc Information Technology,Web Technologies,7.45,First Class,3,2,1,2,5,4,1,0,0,1,0,2,2,2,4,3,4,4,2,4,Web Development; Software Development,Web Developer
STU2046,B.Sc Information Technology,Data Science,7.19,First Class,2,1,1,1,1,3,1,0,1,0,1,5,3,3,4,3,3,3,3,5,Cloud Computing; Cybersecurity; Database Management,Cloud Engineer
STU1470,B.Sc Information Technology,Cloud & Security,7.64,First Class,3,3,4,3,2,3,1,2,2,1,0,2,3,2,4,3,4,4,2,5,Software Development; Data Science; Machine Learning,Software Developer
STU2362,B.Sc Information Technology,Data Science,6.28,Second Class,4,3,2,3,3,2,0,2,0,0,0,3,5,5,3,3,5,3,4,5,Cybersecurity; Cloud Computing; Data Science,Cybersecurity Analyst
STU2572,B.Sc Computer Science,Web Technologies,8.32,First Class,5,3,4,5,1,2,1,2,5,5,3,3,2,1,4,3,5,3,4,5,Machine Learning; Artificial Intelligence; Data Science; Cloud Computing,Machine Learning Engineer
STU1688,B.Sc Computer Science,Software Engineering,7.74,First Class,3,2,1,4,5,5,2,2,0,1,0,3,2,1,4,3,4,4,2,3,Web Development; Software Development; Artificial Intelligence,Web Developer
STU2471,B.Sc Information Technology,Web Technologies,7.04,First Class,5,3,3,4,1,3,2,2,4,5,4,4,2,2,3,3,5,5,3,5,Machine Learning; Artificial Intelligence; Data Science,Machine Learning Engineer
STU1640,B.Sc Information Technology,Web Technologies,7.92,First Class,3,2,2,3,5,5,1,1,0,1,0,2,2,3,4,3,4,5,2,3,Web Development; Software Development; Data Analysis,Web Developer
STU2379,B.Sc Computer Science,Data Science,7.32,First Class,3,2,2,3,3,3,2,1,1,1,0,2,3,5,3,2,5,4,3,5,Cybersecurity; Cloud Computing; Web Development,Cybersecurity Analyst
STU2219,B.Sc Information Technology,Web Technologies,7.24,First Class,3,2,3,1,1,1,1,2,2,2,1,3,4,5,4,3,5,2,3,5,Cybersecurity; Cloud Computing; Data Science,Cybersecurity Analyst
STU2159,B.Sc Computer Science,Web Technologies,8.31,First Class,3,1,0,3,1,2,0,2,0,0,1,5,4,1,4,3,4,4,4,4,Cloud Computing,Cloud Engineer
STU2331,B.Sc Information Technology,Software Engineering,6.42,Second Class,2,1,3,1,2,3,0,1,2,1,0,1,5,5,2,4,5,3,3,5,Cybersecurity; Cloud Computing; Machine Learning,Cybersecurity Analyst
STU2301,B.Sc Information Technology,Cloud & Security,6.05,Second Class,3,0,3,3,2,1,1,1,1,0,0,2,4,5,2,3,5,3,3,5,Cybersecurity; Cloud Computing; Data Science,Cybersecurity Analyst
STU2456,B.Sc Information Technology,Cloud & Security,7.45,First Class,5,3,4,2,0,2,0,2,4,4,4,4,1,2,3,3,5,5,4,5,Machine Learning; Artificial Intelligence; Data Science; Cloud Computing,Machine Learning Engineer
STU1801,B.Sc Information Technology,Information Technology,6.55,Second Class,3,1,2,5,2,0,2,2,1,1,0,3,4,4,3,3,5,4,2,4,Database Management,Database Administrator
STU1161,B.Sc Information Technology,Web Technologies,5.56,Pass,3,0,0,3,0,1,4,5,4,1,0,1,0,1,0,4,5,3,2,4,Data Analysis; Database Management,Data Analyst
STU1957,B.Sc Computer Science,Web Technologies,8.07,First Class,1,1,1,4,0,0,1,1,2,0,1,2,3,4,4,3,4,3,4,3,Database Management; Cloud Computing,Database Administrator
STU2187,B.Sc Information Technology,Web Technologies,5.72,Pass,3,2,1,1,2,0,0,1,1,0,0,3,5,3,3,2,4,4,4,5,Cloud Computing; Data Analysis,Cloud Engineer
STU1822,BCA,Information Technology,7.42,First Class,2,2,0,5,1,1,3,2,2,1,0,2,2,4,1,4,4,3,4,4,Database Management,Database Administrator
STU2354,B.Sc Information Technology,Cloud & Security,7.07,First Class,3,2,3,3,2,2,1,0,2,2,1,1,5,5,2,3,5,3,2,5,Cybersecurity; Cloud Computing; Data Analysis,Cybersecurity Analyst
STU1878,B.Sc Information Technology,Web Technologies,7.68,First Class,2,2,0,4,1,2,3,3,3,0,0,3,3,2,4,3,4,3,2,4,Database Management; Cybersecurity; Artificial Intelligence,Database Administrator
STU1914,B.Sc Information Technology,Cloud & Security,7.1,First Class,2,1,1,5,2,1,1,2,2,2,0,3,2,3,3,3,4,3,2,4,Database Management; Software Development; Cloud Computing,Database Administrator
STU1153,B.Sc Information Technology,Software Engineering,8.19,First Class,3,1,0,3,0,1,4,4,3,2,1,1,2,2,2,4,5,3,2,5,Data Analysis; Database Management; Artificial Intelligence,Data Analyst
STU2466,B.Sc Information Technology,Data Science,7.13,First Class,3,2,3,5,1,1,2,3,4,5,5,5,2,2,3,3,5,4,4,5,Machine Learning; Artificial Intelligence; Data Science; Data Analysis,Machine Learning Engineer
STU1510,B.Sc Information Technology,Software Engineering,7.06,First Class,4,4,4,2,0,3,1,2,2,1,0,0,2,1,4,3,5,5,3,4,Software Development; Machine Learning; Cloud Computing,Software Developer
STU2136,B.Sc Information Technology,Web Technologies,7.35,First Class,3,2,1,2,0,3,0,0,1,2,0,5,4,1,3,3,3,5,2,4,Cloud Computing; Data Analysis,Cloud Engineer
STU2251,B.Sc Information Technology,Cloud & Security,6.18,Second Class,3,2,3,2,2,3,1,0,2,1,0,3,4,5,2,2,5,3,3,5,Cybersecurity; Cloud Computing; Web Development,Cybersecurity Analyst
STU2339,B.Sc Information Technology,Data Science,6.4,Second Class,4,3,1,3,1,3,0,2,0,1,0,3,5,5,1,3,4,2,3,4,Cybersecurity; Cloud Computing; Database Management; Web Development,Cybersecurity Analyst
STU1104,B.Sc Information Technology,Data Science,7.55,First Class,4,0,0,5,2,2,4,5,4,1,0,2,0,1,2,3,4,3,2,4,Data Analysis; Database Management,Data Analyst
STU1587,B.Sc Information Technology,Information Technology,8.17,First Class,3,4,4,1,2,2,1,1,2,1,0,0,2,3,4,2,5,4,3,4,Software Development,Software Developer
STU2415,B.Sc Computer Science,Cloud & Security,7.41,First Class,4,4,3,4,0,2,2,2,4,5,5,3,1,2,4,3,4,4,2,5,Machine Learning; Artificial Intelligence; Data Science; Cybersecurity,Machine Learning Engineer
STU2144,B.Sc Information Technology,Data Science,7.03,First Class,3,2,1,3,1,2,2,1,2,0,0,5,4,4,3,3,4,3,3,3,Cloud Computing; Web Development; Data Science,Cloud Engineer
STU1054,B.Sc Information Technology,Data Science,7.02,First Class,4,1,0,5,1,1,3,4,4,2,0,2,2,0,3,4,5,3,2,5,Data Analysis; Database Management; Data Science; Cybersecurity,Data Analyst
STU1152,B.Sc Information Technology,Information Technology,6.75,Second Class,1,1,1,4,1,1,3,4,3,1,0,1,2,0,2,4,3,2,2,5,Data Analysis; Database Management; Cloud Computing; Software Development,Data Analyst
STU1404,B.Sc Information Technology,Information Technology,5.93,Pass,5,3,5,3,2,1,2,0,2,1,0,2,2,2,4,3,5,4,3,4,Software Development; Artificial Intelligence; Cybersecurity,Software Developer
STU2552,B.Sc Information Technology,Web Technologies,8.62,Distinction,5,3,3,5,1,1,3,2,4,4,4,4,2,2,4,3,5,4,4,4,Machine Learning; Artificial Intelligence; Data Science; Cloud Computing; Software Development,Machine Learning Engineer
STU1208,B.Sc Computer Science,Data Science,8.72,Distinction,5,2,0,5,1,1,3,3,5,5,3,3,0,1,2,4,5,4,3,5,Data Science; Artificial Intelligence; Machine Learning,Data Scientist
STU2511,B.Sc Information Technology,Software Engineering,7.63,First Class,5,4,2,4,1,3,2,1,2,4,5,4,2,2,4,2,5,4,3,5,Machine Learning; Artificial Intelligence; Data Science; Data Analysis,Machine Learning Engineer
STU2123,B.Sc Information Technology,Software Engineering,8.3,First Class,3,2,2,1,1,2,1,0,0,0,0,5,4,2,4,2,5,4,4,4,Cloud Computing; Database Management; Artificial Intelligence,Cloud Engineer
STU2403,B.Sc Information Technology,Web Technologies,7.69,First Class,4,1,2,4,0,2,2,1,4,5,5,4,2,2,4,3,5,4,4,5,Machine Learning; Artificial Intelligence; Data Science; Cloud Computing,Machine Learning Engineer
STU1009,B.Sc Information Technology,Data Science,8.09,First Class,2,1,0,4,1,1,4,4,4,1,0,1,0,2,2,5,4,3,2,5,Data Analysis; Database Management; Data Science,Data Analyst
STU2015,B.Sc Computer Science,Cloud & Security,6.78,Second Class,2,2,0,2,1,2,0,1,0,1,0,5,5,3,5,2,5,3,3,4,Cloud Computing; Artificial Intelligence; Data Analysis,Cloud Engineer
STU2435,B.Sc Information Technology,Cloud & Security,7.29,First Class,5,4,1,2,1,2,1,2,5,5,5,4,1,2,4,3,5,4,2,5,Machine Learning; Artificial Intelligence; Data Science,Machine Learning Engineer
STU2061,B.Sc Information Technology,Cloud & Security,6.47,Second Class,3,2,2,2,1,2,0,1,1,1,0,4,4,2,4,3,4,3,3,5,Cloud Computing; Data Analysis; Software Development,Cloud Engineer
STU1453,B.Sc Information Technology,Information Technology,5.92,Pass,4,5,4,3,2,3,0,1,2,1,0,2,0,0,4,3,5,4,3,4,Software Development; Machine Learning,Software Developer
STU1254,B.Sc Information Technology,Information Technology,7.82,First Class,5,2,1,4,1,0,1,3,5,4,3,4,2,1,4,4,5,4,3,5,Data Science; Artificial Intelligence; Machine Learning,Data Scientist
STU2328,B.Sc Information Technology,Web Technologies,9.9,Distinction,1,2,1,3,2,2,2,0,2,1,0,4,5,5,4,4,5,4,3,4,Cybersecurity; Cloud Computing,Cybersecurity Analyst
STU1897,B.Sc Information Technology,Data Science,7.86,First Class,2,2,1,5,1,1,3,1,1,1,0,4,3,3,2,3,4,4,3,5,Database Management,Database Administrator
STU2393,B.Sc Information Technology,Data Science,7.6,First Class,2,2,4,3,2,3,0,1,2,1,0,3,5,5,3,3,5,3,4,4,Cybersecurity; Cloud Computing; Software Development,Cybersecurity Analyst
STU1881,B.Sc Information Technology,Cloud & Security,6.49,Second Class,2,2,2,5,1,0,3,2,2,0,1,3,4,3,2,3,5,3,3,5,Database Management; Web Development,Database Administrator
STU2506,BCA,Software Engineering,7.53,First Class,5,3,1,3,1,1,2,2,4,5,5,4,1,2,4,2,4,3,2,5,Machine Learning; Artificial Intelligence; Data Science,Machine Learning Engineer
STU1624,B.Sc Computer Science,Software Engineering,9.13,Distinction,2,1,0,3,5,5,1,1,1,1,0,0,2,2,4,2,4,4,3,4,Web Development; Software Development; Artificial Intelligence,Web Developer
STU1346,B.Sc Information Technology,Software Engineering,8.68,Distinction,5,2,0,3,1,1,2,4,5,5,5,3,1,1,3,5,5,3,3,4,Data Science; Artificial Intelligence; Machine Learning,Data Scientist
STU2371,B.Sc Information Technology,Software Engineering,7.89,First Class,2,2,3,1,2,2,1,0,1,0,1,3,5,5,2,2,5,3,4,5,Cybersecurity; Cloud Computing; Artificial Intelligence; Machine Learning,Cybersecurity Analyst
STU1263,B.Sc Computer Science,Cloud & Security,8.11,First Class,5,0,2,2,1,1,3,2,5,5,4,3,0,1,5,4,5,3,3,4,Data Science; Artificial Intelligence; Machine Learning; Web Development,Data Scientist
STU2322,B.Sc Information Technology,Software Engineering,5.97,Pass,2,2,3,2,0,1,1,1,2,1,0,3,5,3,3,3,5,3,3,5,Cybersecurity; Cloud Computing; Data Science,Cybersecurity Analyst
STU1151,B.Sc Computer Science,Web Technologies,5.78,Pass,2,0,0,4,0,1,4,3,4,2,0,2,1,0,1,3,5,2,1,5,Data Analysis; Database Management; Cybersecurity; Machine Learning,Data Analyst
STU1473,B.Sc Information Technology,Data Science,7.92,First Class,4,4,4,3,2,4,1,1,1,0,0,3,2,1,3,3,5,4,3,3,Software Development; Data Analysis,Software Developer
STU1641,B.Sc Computer Science,Information Technology,6.95,Second Class,3,2,1,3,5,5,1,1,1,1,0,2,2,2,3,3,4,3,3,3,Web Development; Software Development,Web Developer
STU2585,B.Sc Information Technology,Web Technologies,8.49,First Class,4,3,3,4,0,2,2,3,4,4,4,2,1,1,3,3,5,4,2,5,Machine Learning; Artificial Intelligence; Data Science; Database Management,Machine Learning Engineer
STU2503,B.Sc Information Technology,Cloud & Security,8.68,Distinction,5,3,3,4,0,2,3,2,4,4,4,4,1,1,4,3,4,3,2,5,Machine Learning; Artificial Intelligence; Data Science,Machine Learning Engineer
STU1551,B.Sc Information Technology,Cloud & Security,7.28,First Class,4,4,2,3,3,1,1,2,2,1,1,1,0,3,5,3,5,5,3,4,Software Development,Software Developer
STU1929,B.Sc Information Technology,Data Science,8.05,First Class,2,2,1,5,1,0,4,1,0,1,0,4,3,4,2,2,4,4,3,3,Database Management,Database Administrator
STU1489,B.Sc Information Technology,Cloud & Security,6.96,Second Class,5,3,4,2,2,2,2,2,1,1,0,1,2,2,3,3,5,5,4,3,Software Development; Data Analysis; Database Management,Software Developer
STU2449,B.Sc Information Technology,Web Technologies,6.97,Second Class,5,3,3,3,1,3,2,2,4,4,5,4,1,1,4,2,5,4,2,5,Machine Learning; Artificial Intelligence; Data Science; Data Analysis; Cybersecurity,Machine Learning Engineer
STU2172,B.Sc Information Technology,Information Technology,5.65,Pass,4,2,1,3,1,2,2,2,1,0,0,5,4,3,3,3,4,5,4,4,Cloud Computing; Machine Learning,Cloud Engineer
STU1147,B.Sc Information Technology,Data Science,7.03,First Class,2,0,0,4,0,0,2,4,5,1,0,3,2,1,0,3,4,3,1,5,Data Analysis; Database Management,Data Analyst
STU1403,B.Sc Information Technology,Web Technologies,8.54,Distinction,2,4,2,3,0,3,0,1,1,1,0,2,1,2,2,3,5,3,2,5,Software Development; Data Science; Database Management,Software Developer
STU1955,B.Sc Information Technology,Data Science,7.2,First Class,3,2,0,4,1,1,3,2,2,0,0,3,3,3,3,2,4,3,3,3,Database Management,Database Administrator
STU2498,B.Sc Information Technology,Cloud & Security,7.06,First Class,5,3,3,4,0,2,2,1,4,5,5,2,2,1,4,3,5,5,3,5,Machine Learning; Artificial Intelligence; Data Science,Machine Learning Engineer
STU1660,BCA,Information Technology,5.92,Pass,3,2,0,3,5,4,2,1,1,0,0,3,2,0,4,2,4,4,3,3,Web Development; Software Development,Web Developer
STU1464,B.Sc Information Technology,Information Technology,5.51,Pass,4,4,4,2,2,3,2,0,2,2,0,3,2,2,4,2,5,4,3,4,Software Development; Data Analysis,Software Developer
STU2350,B.Sc Computer Science,Data Science,7.18,First Class,3,2,1,2,0,1,0,1,1,2,0,3,5,4,3,3,5,2,3,5,Cybersecurity; Cloud Computing; Data Analysis,Cybersecurity Analyst
STU1187,B.Sc Information Technology,Data Science,8.44,First Class,4,1,1,4,1,0,4,4,4,2,0,2,1,0,2,3,3,3,2,5,Data Analysis; Database Management; Data Science,Data Analyst
STU2148,B.Sc Information Technology,Web Technologies,6.47,Second Class,4,1,0,2,0,2,1,1,1,0,0,5,2,3,4,3,4,4,3,3,Cloud Computing; Database Management,Cloud Engineer
STU2225,B.Sc Computer Science,Information Technology,6.04,Second Class,2,2,4,3,2,2,1,1,1,1,0,4,5,5,2,3,5,3,3,5,Cybersecurity; Cloud Computing; Machine Learning; Data Science,Cybersecurity Analyst
STU1609,B.Sc Information Technology,Data Science,8.74,Distinction,4,0,0,2,5,5,1,0,1,2,1,3,2,3,3,2,3,4,3,2,Web Development; Software Development; Data Science,Web Developer
STU1144,B.Sc Information Technology,Cloud & Security,5.5,Pass,3,2,0,4,1,2,5,4,4,2,0,1,0,0,2,3,5,2,2,5,Data Analysis; Database Management; Artificial Intelligence,Data Analyst
STU1752,B.Sc Information Technology,Cloud & Security,9.14,Distinction,4,2,0,3,5,5,1,2,2,1,1,3,2,2,4,2,4,4,1,4,Web Development; Software Development; Machine Learning,Web Developer
STU1982,B.Sc Information Technology,Data Science,8.19,First Class,2,2,1,4,1,0,2,1,2,0,0,3,3,4,2,4,4,4,3,4,Database Management,Database Administrator
STU1198,B.Sc Information Technology,Web Technologies,6.26,Second Class,1,1,0,3,1,1,3,4,3,2,1,3,1,1,3,3,5,4,1,4,Data Analysis; Database Management; Software Development; Artificial Intelligence,Data Analyst
STU1884,B.Sc Information Technology,Cloud & Security,7.18,First Class,3,2,1,5,1,1,3,3,2,1,1,4,3,3,2,2,4,3,3,4,Database Management; Artificial Intelligence,Database Administrator
STU1280,B.Sc Information Technology,Cloud & Security,8.21,First Class,5,3,1,3,0,0,3,3,5,5,4,3,2,0,4,4,5,3,4,5,Data Science; Artificial Intelligence; Machine Learning,Data Scientist
STU1294,B.Sc Information Technology,Cloud & Security,9.26,Distinction,5,1,1,4,0,1,1,4,5,5,4,3,1,1,2,3,5,3,4,4,Data Science; Artificial Intelligence; Machine Learning; Database Management; Cloud Computing,Data Scientist
STU2457,B.Sc Information Technology,Cloud & Security,7.62,First Class,5,2,3,4,0,3,2,3,4,5,5,4,1,0,4,3,5,4,3,5,Machine Learning; Artificial Intelligence; Data Science; Web Development,Machine Learning Engineer
STU1401,B.Sc Information Technology,Information Technology,5.69,Pass,4,2,4,2,2,1,2,0,3,1,1,2,2,2,3,3,4,5,2,4,Software Development; Web Development,Software Developer
STU1123,B.Sc Information Technology,Information Technology,7.76,First Class,3,2,0,4,2,0,5,2,4,0,0,2,1,1,2,3,4,4,2,5,Data Analysis; Database Management; Machine Learning; Software Development,Data Analyst
STU2208,B.Sc Information Technology,Cloud & Security,8.7,Distinction,4,2,4,2,1,1,0,2,0,2,0,3,3,3,2,3,5,3,3,5,Cybersecurity; Cloud Computing,Cybersecurity Analyst
STU1203,B.Sc Information Technology,Software Engineering,9.0,Distinction,4,2,1,5,2,1,2,1,5,4,4,3,2,1,4,4,5,2,3,4,Data Science; Artificial Intelligence; Machine Learning; Data Analysis,Data Scientist
STU1836,B.Sc Computer Science,Information Technology,7.52,First Class,3,2,1,5,1,2,3,2,2,1,0,3,3,3,2,4,4,3,3,4,Database Management; Software Development,Database Administrator
STU1247,B.Sc Information Technology,Software Engineering,8.72,Distinction,4,2,1,4,1,1,2,3,5,5,4,4,1,0,4,4,5,3,4,5,Data Science; Artificial Intelligence; Machine Learning; Software Development,Data Scientist
STU2580,B.Sc Information Technology,Web Technologies,7.85,First Class,5,4,3,4,0,0,1,1,4,5,3,4,1,3,4,3,5,4,3,5,Machine Learning; Artificial Intelligence; Data Science; Database Management,Machine Learning Engineer
STU2519,B.Sc Information Technology,Software Engineering,7.11,First Class,5,3,2,4,1,1,1,2,5,3,5,4,2,3,4,3,5,3,2,5,Machine Learning; Artificial Intelligence; Data Science; Data Analysis,Machine Learning Engineer
STU2154,B.Sc Information Technology,Data Science,8.42,First Class,3,2,0,2,1,2,1,0,1,0,0,5,4,3,4,3,3,4,3,5,Cloud Computing,Cloud Engineer
STU1385,B.Sc Information Technology,Data Science,7.79,First Class,4,3,0,3,0,1,3,3,5,4,5,4,0,1,4,4,5,3,3,4,Data Science; Artificial Intelligence; Machine Learning; Software Development,Data Scientist
STU2408,B.Sc Information Technology,Cloud & Security,5.61,Pass,5,2,3,5,1,2,2,0,4,5,5,3,0,2,3,3,5,3,3,5,Machine Learning; Artificial Intelligence; Data Science; Web Development,Machine Learning Engineer
STU1855,B.Sc Computer Science,Web Technologies,6.99,Second Class,3,1,0,5,1,0,2,1,2,2,0,3,2,3,2,3,4,4,3,4,Database Management; Software Development; Web Development,Database Administrator
STU1220,B.Sc Information Technology,Data Science,8.85,Distinction,5,2,0,4,0,1,4,4,5,4,4,1,2,1,4,4,5,3,4,5,Data Science; Artificial Intelligence; Machine Learning; Cybersecurity,Data Scientist
STU1642,B.Sc Information Technology,Software Engineering,6.93,Second Class,2,1,1,3,5,4,1,0,1,0,0,2,2,2,4,2,4,4,2,3,Web Development; Software Development; Data Science; Cybersecurity,Web Developer
STU1002,B.Sc Information Technology,Software Engineering,6.68,Second Class,3,2,0,5,1,1,2,5,4,2,0,1,0,1,2,5,3,3,1,5,Data Analysis; Database Management; Software Development,Data Analyst
STU1113,B.Sc Information Technology,Information Technology,7.18,First Class,4,0,0,5,1,0,4,3,4,0,0,2,1,1,2,4,3,3,1,5,Data Analysis; Database Management,Data Analyst
STU1699,B.Sc Information Technology,Web Technologies,5.5,Pass,3,1,2,1,5,4,0,1,2,2,0,1,2,2,4,3,4,4,2,4,Web Development; Software Development,Web Developer
STU2526,B.Sc Information Technology,Data Science,8.44,First Class,4,3,1,4,0,2,2,2,4,5,4,2,3,2,4,2,4,5,3,5,Machine Learning; Artificial Intelligence; Data Science; Data Analysis; Cloud Computing,Machine Learning Engineer
STU1952,B.Sc Information Technology,Web Technologies,7.74,First Class,3,1,1,5,0,0,2,3,2,0,0,4,3,3,2,3,3,3,3,3,Database Management; Artificial Intelligence,Database Administrator
STU2402,B.Sc Computer Science,Information Technology,8.24,First Class,4,3,3,4,1,1,2,3,4,5,4,4,2,0,4,4,5,4,3,5,Machine Learning; Artificial Intelligence; Data Science; Data Analysis,Machine Learning Engineer
STU2292,B.Sc Computer Science,Web Technologies,6.45,Second Class,3,2,3,2,1,2,1,1,2,0,0,4,4,4,2,3,5,3,4,4,Cybersecurity; Cloud Computing; Web Development; Data Science,Cybersecurity Analyst
STU2446,B.Sc Information Technology,Cloud & Security,8.62,Distinction,5,4,4,5,0,2,2,1,5,4,4,4,2,3,4,3,5,3,3,5,Machine Learning; Artificial Intelligence; Data Science; Cybersecurity,Machine Learning Engineer
STU1442,B.Sc Information Technology,Data Science,7.54,First Class,3,5,4,2,2,4,1,0,2,1,0,2,3,3,4,3,5,5,2,5,Software Development,Software Developer
STU2137,B.Sc Information Technology,Data Science,6.47,Second Class,3,2,2,3,0,1,0,2,0,1,0,5,3,2,4,2,3,3,3,4,Cloud Computing; Web Development,Cloud Engineer
STU2257,B.Sc Computer Science,Cloud & Security,7.29,First Class,3,1,3,3,2,1,1,1,2,1,0,3,5,5,1,2,5,4,3,5,Cybersecurity; Cloud Computing; Data Analysis,Cybersecurity Analyst
STU2398,B.Sc Computer Science,Software Engineering,7.68,First Class,2,1,3,3,2,1,2,2,2,2,0,2,3,4,3,3,5,3,3,5,Cybersecurity; Cloud Computing,Cybersecurity Analyst
STU1664,B.Sc Information Technology,Web Technologies,6.42,Second Class,3,2,1,4,5,5,1,2,0,0,0,3,1,3,3,2,3,4,3,3,Web Development; Software Development; Data Analysis,Web Developer
STU2465,B.Sc Information Technology,Software Engineering,7.74,First Class,5,3,3,3,0,2,3,2,5,5,5,4,2,3,3,2,5,3,2,5,Machine Learning; Artificial Intelligence; Data Science,Machine Learning Engineer
STU2258,B.Sc Information Technology,Data Science,6.62,Second Class,3,0,4,2,2,3,1,1,2,1,0,3,5,5,3,4,5,4,3,5,Cybersecurity; Cloud Computing; Data Analysis,Cybersecurity Analyst
STU2420,B.Sc Information Technology,Information Technology,7.2,First Class,4,3,3,4,2,3,3,3,5,5,4,5,3,1,4,2,5,4,3,5,Machine Learning; Artificial Intelligence; Data Science; Web Development; Cybersecurity,Machine Learning Engineer
STU1318,B.Sc Computer Science,Web Technologies,8.0,First Class,3,1,1,2,2,0,3,4,5,5,3,3,1,0,2,5,5,3,4,5,Data Science; Artificial Intelligence; Machine Learning; Software Development,Data Scientist
STU1649,B.Sc Information Technology,Information Technology,5.5,Pass,3,2,1,3,4,5,2,2,1,1,1,2,2,1,5,3,4,3,2,3,Web Development; Software Development; Machine Learning,Web Developer
STU1710,B.Sc Computer Science,Data Science,5.5,Pass,3,2,2,3,5,5,1,1,1,0,1,1,3,2,4,2,5,3,2,3,Web Development; Software Development; Database Management,Web Developer
STU2383,B.Sc Information Technology,Information Technology,8.15,First Class,3,2,3,2,1,2,0,0,3,0,0,4,5,5,4,4,5,3,3,5,Cybersecurity; Cloud Computing; Software Development; Web Development,Cybersecurity Analyst
STU2283,B.Sc Information Technology,Data Science,6.03,Second Class,2,1,2,3,2,2,1,2,3,2,0,4,5,5,2,3,4,3,3,5,Cybersecurity; Cloud Computing; Software Development; Machine Learning,Cybersecurity Analyst
STU1973,B.Sc Information Technology,Software Engineering,6.44,Second Class,2,2,1,5,1,0,3,1,2,0,0,3,3,3,4,3,3,4,3,4,Database Management; Cybersecurity; Data Analysis,Database Administrator
STU1628,B.Sc Information Technology,Data Science,5.53,Pass,3,0,1,1,4,5,1,0,1,1,0,1,2,2,2,4,5,5,3,3,Web Development; Software Development; Machine Learning,Web Developer
STU1633,B.Sc Information Technology,Web Technologies,8.37,First Class,3,2,1,3,5,4,1,1,0,1,0,3,1,2,3,4,3,4,2,3,Web Development; Software Development; Cybersecurity; Artificial Intelligence,Web Developer
STU2307,B.Sc Information Technology,Data Science,7.25,First Class,3,1,2,2,3,2,1,1,2,0,1,3,5,5,3,3,5,3,2,4,Cybersecurity; Cloud Computing; Software Development,Cybersecurity Analyst
STU2401,B.Sc Information Technology,Data Science,6.99,Second Class,5,3,3,4,1,2,2,2,3,4,5,2,2,2,4,3,5,4,4,5,Machine Learning; Artificial Intelligence; Data Science; Data Analysis,Machine Learning Engineer
STU2409,B.Sc Information Technology,Information Technology,7.59,First Class,4,3,1,4,0,1,3,2,4,4,5,5,2,2,3,3,5,5,3,5,Machine Learning; Artificial Intelligence; Data Science,Machine Learning Engineer
STU2249,B.Sc Information Technology,Cloud & Security,7.65,First Class,3,2,3,4,2,2,1,1,2,2,0,3,5,4,3,4,5,3,2,4,Cybersecurity; Cloud Computing; Database Management,Cybersecurity Analyst
STU2560,B.Sc Computer Science,Software Engineering,7.2,First Class,5,3,3,3,0,2,3,1,4,5,5,5,1,0,4,2,5,5,3,4,Machine Learning; Artificial Intelligence; Data Science,Machine Learning Engineer
STU2255,B.Sc Information Technology,Cloud & Security,6.75,Second Class,3,2,1,2,2,2,1,1,2,1,0,3,5,5,3,3,4,3,3,4,Cybersecurity; Cloud Computing; Database Management,Cybersecurity Analyst
STU2372,B.Sc Information Technology,Web Technologies,7.33,First Class,3,2,3,3,0,2,2,1,2,1,0,1,4,5,1,4,5,2,3,5,Cybersecurity; Cloud Computing; Database Management; Data Analysis,Cybersecurity Analyst
STU2355,BCA,Data Science,6.99,Second Class,2,2,4,2,2,2,1,1,3,0,0,4,5,5,1,4,4,4,2,5,Cybersecurity; Cloud Computing; Web Development,Cybersecurity Analyst
STU2536,B.Sc Information Technology,Software Engineering,7.2,First Class,5,2,2,4,1,2,2,2,2,4,5,3,1,1,4,4,5,5,2,5,Machine Learning; Artificial Intelligence; Data Science; Cybersecurity,Machine Learning Engineer
STU2476,B.Sc Computer Science,Information Technology,7.02,First Class,5,3,3,4,1,2,3,2,5,5,5,5,1,3,5,4,4,5,3,5,Machine Learning; Artificial Intelligence; Data Science; Software Development; Cloud Computing,Machine Learning Engineer
STU1796,B.Sc Information Technology,Data Science,8.44,First Class,2,1,1,3,4,5,1,2,1,1,1,3,2,3,4,3,4,4,2,3,Web Development; Software Development; Database Management,Web Developer
STU1646,B.Sc Information Technology,Information Technology,7.02,First Class,3,2,1,2,3,5,1,2,1,1,1,2,2,2,4,3,3,4,1,2,Web Development; Software Development; Artificial Intelligence,Web Developer
STU2013,B.Sc Information Technology,Web Technologies,7.28,First Class,3,2,0,2,1,2,0,1,1,1,0,4,4,4,2,3,3,4,3,5,Cloud Computing,Cloud Engineer
STU1557,B.Sc Information Technology,Data Science,5.87,Pass,3,4,4,3,2,3,2,2,2,1,0,3,2,1,4,2,5,4,3,3,Software Development; Data Science; Data Analysis,Software Developer
STU1682,B.Sc Information Technology,Software Engineering,7.01,First Class,2,0,1,3,5,4,0,1,1,1,0,2,1,3,4,3,4,4,1,3,Web Development; Software Development,Web Developer
STU1578,B.Sc Computer Science,Information Technology,8.83,Distinction,4,4,5,3,2,3,1,1,2,0,0,2,2,3,3,2,5,5,3,4,Software Development,Software Developer
STU2110,B.Sc Information Technology,Software Engineering,7.11,First Class,3,0,1,2,1,1,1,2,0,1,0,4,4,3,4,4,5,5,3,4,Cloud Computing; Database Management,Cloud Engineer
STU2267,B.Sc Information Technology,Cloud & Security,6.86,Second Class,3,2,3,3,1,2,2,2,2,1,0,2,4,5,3,3,4,3,2,5,Cybersecurity; Cloud Computing,Cybersecurity Analyst
STU2184,B.Sc Information Technology,Data Science,6.75,Second Class,3,1,2,0,1,1,1,0,1,1,1,5,3,2,4,3,4,5,4,5,Cloud Computing; Web Development; Data Science,Cloud Engineer
STU1525,B.Sc Computer Science,Cloud & Security,8.42,First Class,4,3,4,3,1,1,1,1,2,0,0,1,3,2,4,4,5,3,3,4,Software Development; Artificial Intelligence,Software Developer
STU2060,B.Sc Information Technology,Cloud & Security,7.62,First Class,3,1,0,2,1,1,1,1,0,1,0,3,5,3,4,4,5,4,4,5,Cloud Computing,Cloud Engineer
STU1541,B.Sc Information Technology,Web Technologies,6.72,Second Class,3,3,4,2,1,3,1,1,3,1,0,2,2,0,2,3,5,5,4,3,Software Development; Web Development; Machine Learning,Software Developer
STU2195,B.Sc Information Technology,Information Technology,5.71,Pass,3,2,0,3,1,3,1,1,0,1,0,4,4,3,3,3,4,3,3,4,Cloud Computing; Web Development; Data Science,Cloud Engineer
STU1749,B.Sc Information Technology,Cloud & Security,7.83,First Class,4,3,1,2,5,3,1,0,2,1,0,2,1,2,4,4,3,4,2,2,Web Development; Software Development,Web Developer
STU2532,B.Sc Information Technology,Information Technology,7.92,First Class,5,3,3,4,1,3,2,2,4,5,5,4,2,0,2,2,5,4,4,5,Machine Learning; Artificial Intelligence; Data Science; Data Analysis,Machine Learning Engineer
STU2431,B.Sc Information Technology,Web Technologies,9.06,Distinction,3,3,3,2,1,2,2,2,4,3,5,3,2,2,3,3,4,4,3,5,Machine Learning; Artificial Intelligence; Data Science,Machine Learning Engineer
STU1485,B.Sc Information Technology,Web Technologies,6.84,Second Class,4,4,3,3,3,3,1,2,2,0,0,1,2,1,4,2,5,4,4,5,Software Development,Software Developer
STU1096,B.Sc Information Technology,Data Science,6.55,Second Class,3,1,0,4,1,0,4,3,4,1,0,2,0,1,2,3,4,2,2,5,Data Analysis; Database Management,Data Analyst
STU2021,B.Sc Information Technology,Data Science,6.64,Second Class,2,2,1,1,0,2,1,1,1,1,0,5,4,3,5,3,4,3,4,4,Cloud Computing; Data Analysis,Cloud Engineer
STU1564,B.Sc Information Technology,Web Technologies,7.01,First Class,3,4,5,4,0,3,1,0,2,1,1,0,1,2,4,4,4,4,3,3,Software Development; Artificial Intelligence,Software Developer
STU2265,B.Sc Information Technology,Data Science,7.9,First Class,2,1,3,3,2,0,1,0,2,1,0,4,4,5,2,3,5,3,4,5,Cybersecurity; Cloud Computing,Cybersecurity Analyst
STU1743,B.Sc Information Technology,Cloud & Security,7.21,First Class,2,2,1,2,5,5,2,1,1,0,0,2,3,1,3,2,4,3,2,3,Web Development; Software Development,Web Developer
STU1864,B.Sc Information Technology,Information Technology,6.68,Second Class,2,2,1,5,0,1,4,1,3,0,0,3,2,1,3,2,3,2,2,3,Database Management; Machine Learning,Database Administrator
STU1892,B.Sc Information Technology,Web Technologies,7.75,First Class,2,2,1,5,1,1,2,2,2,1,1,4,3,1,3,3,4,4,4,4,Database Management,Database Administrator
STU2039,B.Sc Information Technology,Cloud & Security,6.4,Second Class,3,2,2,2,2,3,1,1,1,2,0,5,4,3,3,3,4,4,3,5,Cloud Computing; Database Management,Cloud Engineer
STU1207,BCA,Software Engineering,8.0,First Class,5,3,0,3,1,1,1,2,5,5,4,3,0,1,4,4,5,2,2,5,Data Science; Artificial Intelligence; Machine Learning; Software Development; Cybersecurity,Data Scientist
STU1393,B.Sc Information Technology,Software Engineering,9.81,Distinction,5,2,0,4,1,0,1,3,5,4,4,3,0,0,4,3,5,3,3,5,Data Science; Artificial Intelligence; Machine Learning,Data Scientist
STU1795,B.Sc Information Technology,Data Science,6.66,Second Class,2,1,2,3,5,4,1,0,1,1,0,2,2,2,4,3,3,4,1,2,Web Development; Software Development; Cloud Computing; Cybersecurity,Web Developer
STU1871,BCA,Data Science,8.22,First Class,2,2,2,5,0,1,4,2,2,2,1,4,3,3,3,2,4,3,4,5,Database Management,Database Administrator
STU1398,B.Sc Information Technology,Information Technology,7.45,First Class,5,2,0,4,2,1,4,3,5,4,4,3,1,2,5,3,4,3,3,5,Data Science; Artificial Intelligence; Machine Learning; Cloud Computing; Software Development,Data Scientist
STU1767,B.Sc Information Technology,Cloud & Security,8.42,First Class,4,1,1,3,3,5,1,0,0,1,0,2,2,3,3,3,3,4,2,4,Web Development; Software Development; Artificial Intelligence,Web Developer
STU2469,B.Sc Information Technology,Information Technology,7.21,First Class,3,2,3,5,0,2,2,2,4,5,4,4,0,1,4,3,5,4,3,5,Machine Learning; Artificial Intelligence; Data Science; Web Development,Machine Learning Engineer
STU2242,B.Sc Information Technology,Information Technology,7.4,First Class,2,2,4,2,0,2,0,1,2,2,0,1,3,4,3,3,5,3,3,5,Cybersecurity; Cloud Computing,Cybersecurity Analyst
STU2029,B.Sc Information Technology,Web Technologies,8.03,First Class,1,1,0,1,0,2,1,0,1,0,0,5,5,3,3,4,4,4,4,5,Cloud Computing; Data Analysis,Cloud Engineer
STU1643,B.Sc Information Technology,Software Engineering,5.88,Pass,2,1,0,3,4,5,0,2,1,2,0,2,3,2,3,2,3,3,2,3,Web Development; Software Development; Artificial Intelligence,Web Developer
STU1613,B.Sc Information Technology,Data Science,7.56,First Class,3,2,1,3,4,4,1,1,1,0,0,2,2,1,4,4,4,4,2,3,Web Development; Software Development; Data Analysis,Web Developer
STU1961,B.Sc Information Technology,Information Technology,8.24,First Class,2,1,1,5,1,2,3,3,0,1,0,3,2,4,4,3,4,2,4,5,Database Management,Database Administrator
STU1726,B.Sc Computer Science,Web Technologies,7.28,First Class,3,3,1,3,4,4,0,1,2,1,0,1,2,2,4,3,4,4,1,2,Web Development; Software Development; Machine Learning,Web Developer
STU1684,B.Sc Information Technology,Data Science,7.79,First Class,2,1,2,3,5,5,1,1,0,1,1,2,1,3,4,2,5,4,1,3,Web Development; Software Development; Artificial Intelligence,Web Developer
STU1099,B.Sc Information Technology,Information Technology,7.52,First Class,3,1,0,4,1,0,5,3,4,0,0,2,0,1,0,4,4,2,1,5,Data Analysis; Database Management; Software Development,Data Analyst
STU1805,B.Sc Information Technology,Software Engineering,8.19,First Class,1,2,1,4,1,2,3,2,2,1,0,4,1,4,4,4,4,4,3,4,Database Management,Database Administrator
STU1407,B.Sc Information Technology,Data Science,9.5,Distinction,3,3,4,3,3,3,1,2,1,1,0,1,2,2,4,3,5,3,3,4,Software Development; Data Analysis; Cloud Computing,Software Developer
STU1503,B.Sc Information Technology,Data Science,6.79,Second Class,4,4,4,3,2,2,1,0,2,0,0,2,0,1,4,3,5,4,2,4,Software Development,Software Developer
STU2072,B.Sc Information Technology,Software Engineering,6.84,Second Class,4,0,1,2,0,3,1,1,1,1,0,5,4,2,4,4,4,3,4,4,Cloud Computing; Web Development,Cloud Engineer
STU2057,B.Sc Information Technology,Web Technologies,7.28,First Class,2,2,1,2,1,2,0,0,0,1,0,3,3,4,4,3,5,4,3,3,Cloud Computing; Data Science; Artificial Intelligence,Cloud Engineer
STU1930,B.Sc Information Technology,Data Science,6.77,Second Class,1,0,1,4,1,1,2,3,2,1,1,2,3,3,3,4,4,2,2,4,Database Management; Data Analysis; Cloud Computing,Database Administrator
STU1780,B.Sc Information Technology,Cloud & Security,7.13,First Class,1,0,0,1,5,3,1,1,2,1,1,0,1,1,4,4,4,4,2,2,Web Development; Software Development; Cloud Computing,Web Developer
STU1201,B.Sc Information Technology,Software Engineering,7.05,First Class,5,2,1,4,1,1,4,2,4,4,3,2,0,1,3,4,4,4,3,4,Data Science; Artificial Intelligence; Machine Learning; Data Analysis; Database Management,Data Scientist
STU1135,B.Sc Information Technology,Web Technologies,6.75,Second Class,3,0,0,5,0,0,2,5,4,2,0,1,1,1,1,4,5,2,2,5,Data Analysis; Database Management,Data Analyst
STU2052,B.Sc Information Technology,Software Engineering,8.18,First Class,2,2,2,2,1,2,1,1,0,1,0,5,4,2,4,3,3,4,3,5,Cloud Computing; Software Development; Data Science,Cloud Engineer
STU1041,B.Sc Computer Science,Web Technologies,7.09,First Class,1,2,0,4,1,0,4,4,4,1,0,2,2,2,2,4,4,2,3,5,Data Analysis; Database Management; Artificial Intelligence,Data Analyst
STU2018,B.Sc Information Technology,Software Engineering,6.86,Second Class,2,1,0,2,2,2,1,2,1,2,0,5,4,2,2,3,4,5,3,5,Cloud Computing; Cybersecurity,Cloud Engineer
STU1231,B.Sc Information Technology,Cloud & Security,6.14,Second Class,5,3,1,4,1,1,4,3,4,5,3,2,1,1,2,4,5,3,4,5,Data Science; Artificial Intelligence; Machine Learning,Data Scientist
STU1379,B.Sc Information Technology,Information Technology,6.69,Second Class,5,2,1,4,0,1,3,3,5,5,4,3,0,0,4,4,5,3,4,5,Data Science; Artificial Intelligence; Machine Learning,Data Scientist
STU1289,B.Sc Information Technology,Cloud & Security,7.5,First Class,5,3,1,4,1,1,2,3,4,5,5,3,1,0,2,5,4,3,4,5,Data Science; Artificial Intelligence; Machine Learning; Software Development,Data Scientist
STU1419,B.Sc Information Technology,Data Science,8.27,First Class,3,4,4,3,2,3,0,0,2,0,0,2,3,2,5,3,5,5,3,3,Software Development; Database Management,Software Developer
STU1392,B.Sc Information Technology,Software Engineering,7.48,First Class,5,3,0,4,1,1,3,4,5,5,4,4,1,1,3,4,4,3,3,5,Data Science; Artificial Intelligence; Machine Learning; Data Analysis; Web Development,Data Scientist
STU1593,B.Sc Information Technology,Information Technology,7.93,First Class,4,4,3,2,2,3,1,0,1,1,0,2,2,2,4,3,4,4,3,3,Software Development; Artificial Intelligence; Web Development,Software Developer
STU2163,B.Sc Information Technology,Information Technology,7.39,First Class,4,2,1,2,0,3,0,0,1,0,0,5,3,2,4,4,5,3,4,4,Cloud Computing; Web Development,Cloud Engineer
STU2087,B.Sc Information Technology,Information Technology,7.0,First Class,1,0,0,2,0,2,1,1,1,0,0,4,4,2,4,3,4,4,3,5,Cloud Computing,Cloud Engineer
STU1648,B.Sc Computer Science,Software Engineering,6.27,Second Class,3,2,0,4,4,5,2,1,2,1,0,1,2,0,4,3,5,4,2,4,Web Development; Software Development,Web Developer
STU2153,B.Sc Information Technology,Software Engineering,7.44,First Class,3,1,1,2,1,2,1,0,1,1,1,5,4,3,4,3,3,4,3,4,Cloud Computing; Artificial Intelligence,Cloud Engineer
STU2368,B.Sc Information Technology,Web Technologies,6.24,Second Class,4,2,3,1,2,3,1,1,3,1,0,3,5,5,3,4,4,2,2,5,Cybersecurity; Cloud Computing; Database Management,Cybersecurity Analyst
STU1521,B.Sc Information Technology,Data Science,8.0,First Class,5,4,5,3,3,3,0,1,2,1,0,2,3,0,4,3,5,5,3,4,Software Development,Software Developer
STU1065,BCA,Data Science,6.02,Second Class,3,1,0,3,0,2,3,4,4,2,1,2,2,0,1,4,5,4,1,5,Data Analysis; Database Management; Data Science; Artificial Intelligence,Data Analyst
STU1015,B.Sc Computer Science,Software Engineering,7.63,First Class,2,0,0,4,0,1,4,4,4,2,0,1,1,1,2,5,3,3,3,5,Data Analysis; Database Management; Software Development,Data Analyst
STU2181,B.Sc Information Technology,Information Technology,5.56,Pass,3,0,1,1,1,2,0,2,1,0,1,4,2,3,3,4,3,3,4,4,Cloud Computing; Database Management; Artificial Intelligence,Cloud Engineer
STU2065,B.Sc Information Technology,Data Science,8.35,First Class,3,2,1,2,0,2,0,0,1,1,1,5,4,2,4,3,4,4,3,3,Cloud Computing; Data Analysis,Cloud Engineer
STU1493,B.Sc Information Technology,Information Technology,7.15,First Class,4,4,3,4,3,4,1,1,0,1,0,2,3,2,4,2,4,4,3,5,Software Development; Database Management,Software Developer
STU1380,BCA,Software Engineering,6.82,Second Class,3,2,1,4,1,1,4,2,5,5,2,1,0,1,4,4,4,3,4,5,Data Science; Artificial Intelligence; Machine Learning; Data Analysis,Data Scientist
STU1188,B.Sc Computer Science,Information Technology,5.93,Pass,3,1,0,4,1,2,2,4,4,2,0,3,1,1,1,4,4,2,1,5,Data Analysis; Database Management,Data Analyst
STU1764,B.Sc Information Technology,Data Science,5.5,Pass,3,2,0,3,3,5,0,0,2,1,0,2,1,1,2,3,5,4,2,3,Web Development; Software Development; Data Analysis,Web Developer
STU1217,B.Sc Information Technology,Web Technologies,9.11,Distinction,5,1,1,4,0,1,3,4,5,5,4,3,1,2,4,4,5,3,2,4,Data Science; Artificial Intelligence; Machine Learning,Data Scientist
STU1792,B.Sc Information Technology,Information Technology,8.78,Distinction,2,0,1,3,5,5,1,0,1,2,1,3,2,2,5,3,4,5,2,2,Web Development; Software Development,Web Developer
STU2077,B.Sc Information Technology,Data Science,7.2,First Class,3,2,1,0,2,2,2,0,2,1,0,5,2,3,5,2,4,4,3,5,Cloud Computing; Machine Learning; Data Science,Cloud Engineer
STU1879,B.Sc Information Technology,Cloud & Security,9.34,Distinction,0,1,0,5,1,0,2,3,1,1,1,3,3,3,1,3,4,2,3,5,Database Management,Database Administrator
STU1338,B.Sc Information Technology,Web Technologies,8.76,Distinction,5,3,1,4,1,0,2,3,5,5,4,4,0,1,4,4,5,3,3,4,Data Science; Artificial Intelligence; Machine Learning; Database Management,Data Scientist
STU1720,B.Sc Information Technology,Software Engineering,6.18,Second Class,3,2,1,4,3,4,1,1,2,1,0,2,2,3,4,3,4,4,2,3,Web Development; Software Development; Cybersecurity; Artificial Intelligence,Web Developer
STU1296,B.Sc Information Technology,Information Technology,7.61,First Class,5,1,0,4,1,1,2,1,5,4,5,4,1,0,4,4,5,3,3,4,Data Science; Artificial Intelligence; Machine Learning; Data Analysis,Data Scientist
STU2017,B.Sc Information Technology,Software Engineering,6.56,Second Class,3,2,1,2,1,2,2,2,1,1,1,5,4,2,4,2,3,5,3,5,Cloud Computing; Database Management,Cloud Engineer
STU2276,B.Sc Information Technology,Web Technologies,5.5,Pass,3,1,3,4,2,0,1,0,0,0,0,3,5,5,3,2,4,3,3,4,Cybersecurity; Cloud Computing; Artificial Intelligence; Web Development,Cybersecurity Analyst
STU2486,B.Sc Computer Science,Web Technologies,8.87,Distinction,5,3,3,4,2,2,2,0,4,5,5,4,1,2,2,3,5,3,4,5,Machine Learning; Artificial Intelligence; Data Science; Software Development,Machine Learning Engineer
STU1456,B.Sc Information Technology,Data Science,6.58,Second Class,4,4,4,4,1,3,1,1,0,1,0,1,0,2,4,4,4,4,3,4,Software Development; Database Management; Cybersecurity,Software Developer
STU2597,B.Sc Information Technology,Web Technologies,6.42,Second Class,5,2,1,4,0,1,3,2,5,5,4,5,3,0,5,3,5,5,3,5,Machine Learning; Artificial Intelligence; Data Science; Cloud Computing,Machine Learning Engineer
STU1816,B.Sc Information Technology,Information Technology,6.89,Second Class,1,2,1,5,0,1,2,2,2,2,0,3,3,4,3,2,4,3,3,5,Database Management,Database Administrator
STU1270,BCA,Information Technology,8.75,Distinction,5,2,1,4,0,1,2,4,5,4,4,2,1,2,4,3,5,3,4,4,Data Science; Artificial Intelligence; Machine Learning; Cybersecurity,Data Scientist
STU1996,B.Sc Computer Science,Cloud & Security,6.98,Second Class,1,2,0,4,1,0,4,1,2,1,1,3,4,4,2,3,3,3,3,4,Database Management; Data Analysis; Cloud Computing,Database Administrator
STU1202,B.Sc Information Technology,Information Technology,7.92,First Class,4,2,1,4,0,1,1,3,5,4,4,1,1,1,3,3,5,2,2,5,Data Science; Artificial Intelligence; Machine Learning; Data Analysis,Data Scientist
STU1162,B.Sc Computer Science,Cloud & Security,7.94,First Class,3,0,0,2,1,1,4,3,4,2,0,2,0,0,2,4,4,3,3,5,Data Analysis; Database Management; Cloud Computing; Data Science,Data Analyst
STU1730,B.Sc Information Technology,Data Science,7.14,First Class,2,2,1,2,5,5,1,0,1,1,1,3,2,2,5,4,4,4,1,3,Web Development; Software Development; Artificial Intelligence,Web Developer
STU1402,B.Sc Information Technology,Data Science,6.75,Second Class,4,5,2,2,1,1,0,1,1,1,1,2,2,2,4,2,5,4,4,4,Software Development; Cloud Computing,Software Developer
STU1703,B.Sc Information Technology,Data Science,8.39,First Class,3,1,0,3,5,5,2,1,1,0,0,3,1,3,4,3,3,4,2,3,Web Development; Software Development; Artificial Intelligence,Web Developer
STU2501,B.Sc Information Technology,Web Technologies,7.4,First Class,5,4,3,4,1,2,3,3,5,5,4,4,2,3,5,3,5,3,3,5,Machine Learning; Artificial Intelligence; Data Science; Database Management; Cloud Computing,Machine Learning Engineer
STU2130,B.Sc Computer Science,Information Technology,6.59,Second Class,3,3,1,1,1,2,2,1,2,0,0,5,4,3,4,3,4,4,2,3,Cloud Computing; Machine Learning,Cloud Engineer
STU1566,B.Sc Information Technology,Information Technology,6.48,Second Class,4,3,4,3,2,3,1,0,1,0,0,2,2,1,3,3,5,5,3,4,Software Development; Data Science,Software Developer
STU2414,B.Sc Information Technology,Data Science,7.14,First Class,4,2,2,4,0,2,2,3,4,5,3,4,0,2,4,3,5,3,3,5,Machine Learning; Artificial Intelligence; Data Science,Machine Learning Engineer
STU2022,B.Sc Computer Science,Web Technologies,8.59,Distinction,4,2,1,2,0,2,1,1,1,0,0,5,4,2,4,3,4,4,3,4,Cloud Computing; Software Development; Data Analysis,Cloud Engineer
STU2026,B.Sc Information Technology,Data Science,7.58,First Class,4,2,1,2,2,2,1,1,1,1,0,5,4,3,4,2,4,3,4,4,Cloud Computing; Web Development; Database Management,Cloud Engineer
STU2412,B.Sc Information Technology,Web Technologies,7.49,First Class,5,4,3,4,1,2,2,2,2,3,5,4,2,1,3,3,5,4,3,5,Machine Learning; Artificial Intelligence; Data Science; Database Management,Machine Learning Engineer
STU2105,B.Sc Information Technology,Information Technology,8.25,First Class,3,2,1,2,0,0,1,1,2,1,0,5,4,3,4,3,3,4,3,4,Cloud Computing; Machine Learning,Cloud Engineer
STU1206,B.Sc Information Technology,Software Engineering,6.88,Second Class,5,2,1,3,2,1,2,3,5,5,4,2,1,2,3,4,5,4,3,5,Data Science; Artificial Intelligence; Machine Learning; Database Management,Data Scientist
STU1035,B.Sc Information Technology,Data Science,9.03,Distinction,2,0,0,5,1,0,3,2,5,1,0,1,1,1,2,4,3,2,3,5,Data Analysis; Database Management; Cybersecurity,Data Analyst
STU1776,B.Sc Information Technology,Web Technologies,7.99,First Class,3,1,2,3,4,5,1,0,1,1,0,3,1,1,4,2,4,4,1,4,Web Development; Software Development; Data Analysis,Web Developer
STU1509,BCA,Web Technologies,5.59,Pass,4,4,4,3,2,1,2,2,1,0,0,2,2,2,4,3,5,4,3,4,Software Development; Data Analysis,Software Developer
STU2452,BCA,Information Technology,7.35,First Class,5,2,3,3,1,1,2,2,5,5,5,4,2,1,4,4,5,4,3,5,Machine Learning; Artificial Intelligence; Data Science; Database Management; Web Development,Machine Learning Engineer
STU2479,B.Sc Information Technology,Information Technology,6.87,Second Class,5,2,2,2,2,2,2,2,2,4,5,4,2,2,5,3,5,4,4,5,Machine Learning; Artificial Intelligence; Data Science; Database Management,Machine Learning Engineer
STU2575,B.Sc Information Technology,Web Technologies,7.95,First Class,4,1,3,4,0,3,3,2,4,5,5,3,2,3,4,4,5,4,4,4,Machine Learning; Artificial Intelligence; Data Science,Machine Learning Engineer
STU2391,B.Sc Information Technology,Information Technology,8.63,Distinction,3,2,1,3,1,0,1,1,1,1,0,3,5,5,4,3,5,4,4,5,Cybersecurity; Cloud Computing; Web Development,Cybersecurity Analyst
STU1092,B.Sc Information Technology,Information Technology,5.65,Pass,4,2,0,4,2,1,5,4,4,1,0,2,1,1,2,4,5,4,2,5,Data Analysis; Database Management; Artificial Intelligence; Data Science,Data Analyst
STU2364,B.Sc Information Technology,Data Science,7.66,First Class,2,2,2,1,2,0,0,1,2,0,0,4,3,5,3,3,5,2,3,5,Cybersecurity; Cloud Computing; Artificial Intelligence; Web Development,Cybersecurity Analyst
STU1898,B.Sc Information Technology,Web Technologies,7.37,First Class,2,2,0,5,1,0,3,3,2,2,0,3,2,2,3,3,4,3,3,5,Database Management; Data Science,Database Administrator
STU1565,B.Sc Information Technology,Information Technology,6.13,Second Class,5,5,2,3,1,1,0,0,2,1,1,2,2,2,5,3,5,5,2,4,Software Development; Database Management; Cloud Computing,Software Developer
STU2370,B.Sc Information Technology,Data Science,7.57,First Class,4,1,3,3,1,3,1,0,2,1,0,4,4,4,2,2,5,4,2,5,Cybersecurity; Cloud Computing; Database Management,Cybersecurity Analyst
STU1777,B.Sc Information Technology,Web Technologies,5.5,Pass,3,2,0,2,3,5,0,2,1,0,0,2,1,0,3,3,5,4,3,3,Web Development; Software Development; Database Management,Web Developer
STU1242,B.Sc Information Technology,Information Technology,7.66,First Class,5,2,2,4,0,1,4,3,5,5,2,3,0,1,3,4,5,3,4,4,Data Science; Artificial Intelligence; Machine Learning,Data Scientist
STU1014,B.Sc Information Technology,Data Science,7.33,First Class,3,1,0,4,1,1,4,2,4,2,0,3,1,0,0,4,3,3,3,5,Data Analysis; Database Management; Artificial Intelligence,Data Analyst
STU1316,B.Sc Computer Science,Cloud & Security,7.57,First Class,4,2,0,4,1,0,2,3,5,4,4,3,2,0,4,4,4,3,3,5,Data Science; Artificial Intelligence; Machine Learning,Data Scientist
STU1601,B.Sc Computer Science,Software Engineering,8.23,First Class,3,1,0,3,5,5,0,1,0,1,0,2,2,2,4,3,3,4,2,3,Web Development; Software Development; Machine Learning,Web Developer
STU1388,B.Sc Information Technology,Software Engineering,7.45,First Class,4,2,0,4,1,2,2,3,4,5,5,3,1,2,4,4,5,3,2,5,Data Science; Artificial Intelligence; Machine Learning; Data Analysis,Data Scientist
STU2298,B.Sc Information Technology,Software Engineering,7.68,First Class,3,0,4,3,2,2,0,0,1,1,0,3,5,5,2,2,5,3,3,5,Cybersecurity; Cloud Computing; Web Development,Cybersecurity Analyst
STU1167,B.Sc Information Technology,Web Technologies,7.78,First Class,3,0,0,4,1,1,3,2,4,1,0,0,1,2,1,4,3,3,2,5,Data Analysis; Database Management; Artificial Intelligence,Data Analyst
STU1841,B.Sc Information Technology,Web Technologies,7.16,First Class,2,1,1,5,1,1,3,1,3,2,0,4,3,2,3,3,4,3,3,4,Database Management,Database Administrator
STU1021,B.Sc Information Technology,Cloud & Security,7.2,First Class,3,2,0,3,1,0,5,4,3,2,0,2,0,1,2,4,4,4,2,5,Data Analysis; Database Management; Web Development; Machine Learning,Data Analyst
STU1647,B.Sc Information Technology,Data Science,6.74,Second Class,3,1,0,3,4,4,0,1,1,1,0,2,2,2,4,3,4,4,1,3,Web Development; Software Development; Cloud Computing,Web Developer
STU2509,B.Sc Information Technology,Data Science,8.36,First Class,5,3,3,4,1,2,3,1,5,5,3,4,1,2,3,2,4,3,3,5,Machine Learning; Artificial Intelligence; Data Science; Data Analysis; Web Development,Machine Learning Engineer
STU2155,B.Sc Computer Science,Web Technologies,8.21,First Class,3,0,0,3,1,3,0,2,1,1,0,5,4,3,3,3,5,3,3,3,Cloud Computing; Web Development; Data Analysis,Cloud Engineer
STU2529,B.Sc Information Technology,Web Technologies,6.6,Second Class,5,3,2,4,0,1,2,2,3,4,5,3,3,3,3,4,5,4,2,4,Machine Learning; Artificial Intelligence; Data Science; Web Development; Data Analysis,Machine Learning Engineer
STU1832,B.Sc Information Technology,Web Technologies,7.67,First Class,2,2,0,5,2,0,3,2,2,1,0,1,4,3,2,3,4,4,4,5,Database Management,Database Administrator
STU2268,B.Sc Information Technology,Software Engineering,7.52,First Class,2,0,3,1,2,2,1,1,3,1,1,2,5,5,4,2,5,2,4,5,Cybersecurity; Cloud Computing; Database Management; Data Analysis,Cybersecurity Analyst
STU1563,B.Sc Information Technology,Data Science,6.69,Second Class,4,4,4,3,1,2,0,1,1,1,0,1,2,2,4,3,5,4,3,4,Software Development,Software Developer
STU2559,B.Sc Information Technology,Information Technology,6.95,Second Class,5,3,3,3,2,2,0,0,5,5,4,4,2,2,3,3,4,4,2,4,Machine Learning; Artificial Intelligence; Data Science,Machine Learning Engineer
STU1687,B.Sc Information Technology,Software Engineering,5.5,Pass,3,2,0,3,5,4,2,0,1,0,0,2,2,2,2,3,4,5,2,2,Web Development; Software Development,Web Developer
STU1958,B.Sc Information Technology,Web Technologies,8.03,First Class,2,2,1,5,0,1,3,2,2,1,0,3,4,2,3,3,5,2,3,5,Database Management; Machine Learning; Artificial Intelligence,Database Administrator
STU1190,B.Sc Computer Science,Data Science,7.37,First Class,3,1,0,3,1,2,2,4,5,2,0,1,1,2,2,4,3,2,3,5,Data Analysis; Database Management; Data Science,Data Analyst
STU1976,B.Sc Information Technology,Data Science,7.55,First Class,3,3,1,5,1,1,3,2,2,1,0,3,3,3,4,3,3,3,3,4,Database Management; Data Science,Database Administrator
STU1700,B.Sc Information Technology,Web Technologies,7.58,First Class,2,2,1,4,5,5,1,2,1,0,1,2,2,2,4,4,3,5,1,3,Web Development; Software Development,Web Developer
STU2500,B.Sc Information Technology,Software Engineering,7.56,First Class,3,2,4,4,1,2,2,2,4,5,5,2,3,2,4,4,4,3,3,5,Machine Learning; Artificial Intelligence; Data Science; Web Development; Cybersecurity,Machine Learning Engineer
STU1511,B.Sc Information Technology,Data Science,7.93,First Class,4,4,5,3,2,3,1,0,2,2,0,2,2,0,4,2,5,3,4,4,Software Development,Software Developer
STU2083,B.Sc Information Technology,Cloud & Security,5.9,Pass,1,2,1,1,0,2,1,1,2,1,0,5,3,3,5,4,4,4,3,3,Cloud Computing; Data Science; Web Development,Cloud Engineer
STU1475,B.Sc Information Technology,Cloud & Security,7.23,First Class,4,3,3,2,2,2,1,0,2,0,0,2,2,2,2,3,5,4,3,4,Software Development,Software Developer
STU1857,B.Sc Computer Science,Web Technologies,6.57,Second Class,2,2,2,5,0,1,1,1,1,1,0,3,2,3,4,4,4,3,3,4,Database Management; Data Science,Database Administrator
STU1748,B.Sc Information Technology,Information Technology,7.09,First Class,2,2,1,3,5,4,1,1,0,1,0,0,1,3,3,3,5,4,2,4,Web Development; Software Development; Artificial Intelligence,Web Developer
STU1253,B.Sc Information Technology,Data Science,6.7,Second Class,5,2,1,3,1,1,4,4,5,5,4,2,0,1,3,4,5,2,2,4,Data Science; Artificial Intelligence; Machine Learning; Cloud Computing,Data Scientist
STU1022,B.Sc Computer Science,Cloud & Security,7.24,First Class,4,1,0,4,0,1,4,4,5,1,0,2,1,1,2,4,3,2,2,5,Data Analysis; Database Management,Data Analyst
STU2338,B.Sc Information Technology,Cloud & Security,8.48,First Class,3,2,3,4,2,2,1,1,1,0,0,3,5,5,3,2,5,3,3,5,Cybersecurity; Cloud Computing; Machine Learning; Data Analysis,Cybersecurity Analyst
STU1460,B.Sc Information Technology,Data Science,6.65,Second Class,2,5,4,3,2,3,1,1,2,1,1,1,2,1,4,3,5,3,2,4,Software Development; Cybersecurity,Software Developer
STU2185,B.Sc Information Technology,Information Technology,7.56,First Class,3,2,1,0,1,1,1,1,2,2,0,3,4,3,4,2,4,4,3,4,Cloud Computing; Data Science; Software Development,Cloud Engineer
STU1277,B.Sc Information Technology,Information Technology,6.36,Second Class,5,1,1,4,1,1,2,2,5,4,4,3,1,1,4,3,5,3,3,5,Data Science; Artificial Intelligence; Machine Learning; Data Analysis,Data Scientist
STU1956,B.Sc Information Technology,Cloud & Security,8.19,First Class,0,3,1,5,1,0,4,0,1,0,0,3,1,2,2,3,4,3,3,4,Database Management; Data Analysis,Database Administrator
STU2216,BCA,Web Technologies,6.83,Second Class,2,1,3,3,2,3,0,1,2,2,0,2,4,5,3,3,5,2,3,5,Cybersecurity; Cloud Computing; Software Development,Cybersecurity Analyst
STU1386,B.Sc Information Technology,Data Science,8.09,First Class,5,2,1,4,2,1,2,4,5,3,4,4,1,1,4,4,5,2,3,5,Data Science; Artificial Intelligence; Machine Learning; Cybersecurity; Database Management,Data Scientist
STU1806,B.Sc Computer Science,Cloud & Security,5.92,Pass,0,2,1,5,2,2,4,3,2,2,1,3,1,1,3,3,5,3,3,4,Database Management; Machine Learning; Cybersecurity,Database Administrator
STU2438,B.Sc Information Technology,Software Engineering,6.88,Second Class,5,4,3,4,1,3,1,2,4,5,5,4,1,3,4,4,5,4,3,5,Machine Learning; Artificial Intelligence; Data Science; Cloud Computing; Software Development,Machine Learning Engineer
STU2516,B.Sc Information Technology,Information Technology,8.45,First Class,5,3,3,4,1,0,2,1,3,4,5,4,2,1,3,4,5,5,2,5,Machine Learning; Artificial Intelligence; Data Science; Data Analysis,Machine Learning Engineer
STU1344,B.Sc Computer Science,Information Technology,7.45,First Class,5,2,2,3,0,0,2,4,3,3,3,2,0,1,4,3,5,3,2,5,Data Science; Artificial Intelligence; Machine Learning; Web Development,Data Scientist
STU1770,B.Sc Information Technology,Data Science,7.62,First Class,2,1,0,3,5,3,1,2,1,1,0,2,2,2,3,3,4,4,3,4,Web Development; Software Development,Web Developer
STU2333,B.Sc Information Technology,Information Technology,6.06,Second Class,2,2,3,2,2,3,0,0,2,2,0,3,5,4,3,3,5,3,4,5,Cybersecurity; Cloud Computing; Web Development,Cybersecurity Analyst
STU1131,BCA,Information Technology,7.82,First Class,3,1,0,4,0,1,2,5,2,2,0,3,0,0,0,3,4,3,2,4,Data Analysis; Database Management; Machine Learning; Artificial Intelligence,Data Analyst
STU1872,B.Sc Information Technology,Web Technologies,6.86,Second Class,2,2,0,5,1,1,3,1,2,2,1,3,3,4,4,3,4,3,2,4,Database Management; Web Development; Data Science,Database Administrator
STU2124,B.Sc Information Technology,Web Technologies,8.82,Distinction,2,2,1,2,1,2,1,0,2,2,1,5,4,3,4,4,3,4,3,4,Cloud Computing; Artificial Intelligence,Cloud Engineer
STU2397,B.Sc Information Technology,Data Science,7.48,First Class,2,2,3,3,2,2,1,1,3,2,0,4,5,5,2,4,5,3,4,5,Cybersecurity; Cloud Computing; Artificial Intelligence,Cybersecurity Analyst
STU1088,B.Sc Information Technology,Data Science,6.93,Second Class,3,0,0,4,1,1,3,5,2,2,0,2,1,1,1,4,3,3,3,5,Data Analysis; Database Management; Cybersecurity,Data Analyst
STU2483,B.Sc Information Technology,Software Engineering,7.12,First Class,4,2,2,3,0,2,2,2,5,5,5,5,1,2,4,3,4,5,2,5,Machine Learning; Artificial Intelligence; Data Science; Data Analysis; Database Management,Machine Learning Engineer
STU1331,B.Sc Information Technology,Web Technologies,6.36,Second Class,5,2,0,4,1,1,3,3,3,5,2,3,1,1,3,4,5,3,3,5,Data Science; Artificial Intelligence; Machine Learning,Data Scientist
STU2239,B.Sc Information Technology,Data Science,6.69,Second Class,4,0,3,3,0,1,0,1,3,1,0,3,5,5,3,3,4,4,2,5,Cybersecurity; Cloud Computing,Cybersecurity Analyst
STU1467,B.Sc Information Technology,Information Technology,7.33,First Class,4,4,4,2,2,3,1,0,2,0,0,2,3,1,2,3,5,4,2,4,Software Development; Data Analysis; Cybersecurity,Software Developer
STU1122,B.Sc Information Technology,Web Technologies,8.4,First Class,3,2,0,4,2,1,4,4,4,3,0,1,0,1,2,5,4,3,1,5,Data Analysis; Database Management; Data Science,Data Analyst
STU2045,B.Sc Information Technology,Web Technologies,7.32,First Class,3,1,1,1,0,0,0,1,1,0,0,4,5,3,2,4,4,4,3,4,Cloud Computing; Web Development,Cloud Engineer
STU2096,B.Sc Information Technology,Web Technologies,8.98,Distinction,2,2,1,2,1,2,1,2,1,1,0,5,5,3,4,3,4,5,3,4,Cloud Computing; Data Science,Cloud Engineer
STU2131,B.Sc Information Technology,Web Technologies,7.98,First Class,2,1,1,3,1,2,1,0,1,1,1,5,3,3,4,2,5,5,3,4,Cloud Computing; Data Analysis,Cloud Engineer
STU2295,B.Sc Information Technology,Software Engineering,7.6,First Class,4,3,3,3,2,2,1,2,0,1,0,3,5,5,1,3,5,3,4,5,Cybersecurity; Cloud Computing,Cybersecurity Analyst
STU1861,B.Sc Information Technology,Information Technology,6.96,Second Class,3,3,2,3,1,1,3,2,2,1,0,2,1,3,2,3,4,4,4,4,Database Management,Database Administrator
STU2460,B.Sc Information Technology,Data Science,7.38,First Class,5,2,4,4,1,3,2,2,4,5,5,5,2,2,4,3,5,5,3,5,Machine Learning; Artificial Intelligence; Data Science; Data Analysis; Cloud Computing,Machine Learning Engineer
STU2127,B.Sc Information Technology,Data Science,5.5,Pass,4,2,1,2,1,2,1,1,1,1,0,5,3,3,3,4,4,3,2,4,Cloud Computing,Cloud Engineer
